"id","name","email","password","avatar","fcm","created_at","updated_at"
"2","Gina Angel","scholly@exelica.com","$2y$12$ZAK/2OliIt1xuL4PARo5i.WVAkTqKKVf1YStRaR2QvHrvA0dIwxRy","default.png","dCfob-aJQXu14dzjyIDT-E:APA91bFMLMDOesXTue3D4UdCJtN9vYP0wgk4qxJWVR2gOMGu2nWGx8gbOq83z6LXAg-seFr1Flvqzy3fD4kWv95qyoVWHryb4-e1SsYRRdvv8MbrcNGWToBNgjeTbc5W2rHVfdUjTXlP","2024-09-14 19:38:42","2024-10-03 08:51:09"
"3","Kelly","itzkellydaniel@gmail.com","$2y$12$twx0okQFYDXBI5beVHldb.I6ceUAuWY6jLHmeP0o0pTCn7F.c7sTu","default.png",NULL,"2024-10-03 16:12:29","2024-10-03 16:12:29"
"4","promise","nwaforjude19@gmail.com","$2y$12$VlP5hxoS0duiB4Zszb8kQe4o1AvZoaRIfvNBUzaNqDZLpL22rk5Oq","default.png",NULL,"2024-11-05 10:52:46","2024-11-05 10:52:46"
"5","Ben","nwaforjude42@gmail.com","$2y$12$74yP60QQNHXZWrXHlPYKzO/TJeHsVKpbkBIfEmf0I.lHMyFPpd1S2","default.png",NULL,"2024-11-05 19:18:03","2024-11-05 19:18:03"
"6","Ezeakụ Israel","dubem@gmail.com","$2y$12$pHfeMlSJxbxTk0UP6niCROl8mILMF305cXdj8xC7rTPBnZ6O4ZOT.","default.png",NULL,"2024-11-06 06:28:57","2024-11-06 06:28:57"
"7","Vena Daniel","vena@gmail.com","$2y$12$1yRuLNgtfZLSXrq1KSjA4OTjBO8wNctr0sHTUAaZEp0SANurUA/5G","default.png",NULL,"2024-11-06 07:16:40","2024-11-06 07:16:40"
"8","Eze PreciousGift","ezepreciousgift@gmail.com","$2y$12$OWJ/jxoFd2vEDCMT0zUdzeb9tqppUuW4oHZnbM5W/aEAj0kUDXhyO","default.png",NULL,"2024-11-10 19:06:21","2024-11-10 19:06:21"
"9","Vena Daniel","venadaniel10@gmail.com","$2y$12$2gq/ecr6SDSLUAO0D.sz2ulr0XtP/Npp6G.gvoyE1.n22TRo1kS0O","default.png",NULL,"2024-11-13 14:00:27","2024-11-13 14:00:27"
"10","Dubem Promise","nwaforjude@gwihr.org.ng","$2y$12$riT9/d.hM3WDlwBT1O2BWe.QkK2kK4Tcm2hBpRLBIAY9v0vxt2z5e","default.png",NULL,"2024-11-13 14:01:00","2024-11-13 14:01:00"
"11","Dubem Promise","dubem@gwihr.org.ng","$2y$12$S12shbZI9mLjs9zeIQXzxOkubBDbCnp7w4q6B62.bky6pzmTYaUqa","default.png",NULL,"2024-11-13 14:15:32","2024-11-13 14:15:32"
"12","Ezeakụ Isreal","Israel.ezeaku@gmail.com","$2y$12$CgV14wr9RPS.0jQHRXw96.Gnrf3GJ9wt77Xof3rLxWwzNP5abJsyu","default.png",NULL,"2024-11-14 08:22:04","2024-11-14 08:22:04"
"13","Charity Bright","charityibelemabright@gmail.com","$2y$12$o1Z1UPX2LczyrKtAozev6e4dqdtwt0hZLF3XwlDoD1Lq/2/cZ82CC","default.png",NULL,"2024-11-14 08:23:43","2024-11-14 08:23:43"
"14","Emenike Michael","michael.7emenike@gmail.com","$2y$12$U53XbqWgW2HrPbwxcfJCiu/ofER2s5PreRN9SNuGJ9/.o3t9v/iJq","default.png",NULL,"2024-11-14 08:25:17","2024-11-14 08:25:17"
"15","Temitope Elizabeth","elizabethtemitopeolaonipekun@gmail.com","$2y$12$JnLE6620ZCt99q9QNYjzU..R9cnhFeobR2Ca0RahCaVc6l6xHKJz2","default.png",NULL,"2024-11-14 08:26:31","2024-11-14 08:26:31"
"16","Eze Preciousgift","ezepreciousgift1@gmail.com","$2y$12$LFjWQTCO0bVGetkY7pE1c.KfLUjBfDQKFYAe2mLWPhmLEkc3YaXLm","default.png",NULL,"2024-11-14 19:24:07","2024-11-14 19:24:07"
"17","Greg Vivian","gregvivy@gmail.com","$2y$12$0NDGgGWc6aGX19yo/HT2HOsk27HYMT85GmTjCwudkLQIIcL7uskmm","default.png",NULL,"2024-11-14 19:26:35","2024-11-14 19:26:35"
"18","Charity Bright","gwihrteam@gwihr.org.ng","$2y$12$kpYp9VPu6hY2svoAo2qLYe6bP.kvBrtuvlLZAuog.vMSHLqdI.FDy","default.png",NULL,"2025-06-29 20:49:45","2025-06-29 20:49:45"
"19","Nurse FAVOUR","chigaemezufavour19@gmail.com","$2y$12$yt/ENouF/zAauVmsBvJC1.Jxa2PrliE5XuejOhfdz94B8kbEUk14G","default.png",NULL,"2025-07-11 09:22:34","2025-07-11 09:22:34"
"id","token","admin_id","last_used","created_at","updated_at"
"6","e2TGXv12SgO9A-ybyR3rwq:APA91bGDNhKrIf2LN2CwB5-EOM2qG-puYmNgos1AwfUlTGdctdSNaPSVBx0_0nmCMYUKWeWz5zslRj-6GKo24yiR9eAdJX6km3El29KZ9o_i1S6rsN5oEwM","4",NULL,"2024-11-05 10:53:15","2024-11-05 10:53:15"
"8","e2TGXv12SgO9A-ybyR3rwq:APA91bGDNhKrIf2LN2CwB5-EOM2qG-puYmNgos1AwfUlTGdctdSNaPSVBx0_0nmCMYUKWeWz5zslRj-6GKo24yiR9eAdJX6km3El29KZ9o_i1S6rsN5oEwM","5",NULL,"2024-11-05 19:18:23","2024-11-05 19:18:23"
"9","e2TGXv12SgO9A-ybyR3rwq:APA91bGDNhKrIf2LN2CwB5-EOM2qG-puYmNgos1AwfUlTGdctdSNaPSVBx0_0nmCMYUKWeWz5zslRj-6GKo24yiR9eAdJX6km3El29KZ9o_i1S6rsN5oEwM","6",NULL,"2024-11-06 06:29:45","2024-11-06 06:29:45"
"10","e2TGXv12SgO9A-ybyR3rwq:APA91bGDNhKrIf2LN2CwB5-EOM2qG-puYmNgos1AwfUlTGdctdSNaPSVBx0_0nmCMYUKWeWz5zslRj-6GKo24yiR9eAdJX6km3El29KZ9o_i1S6rsN5oEwM","7",NULL,"2024-11-06 07:17:00","2024-11-06 07:17:00"
"14","f8T-KootRVe8C3LTit61Qb:APA91bHEaD7nu-VPkf0yRUY0lbCXD_mPE4THgLCKurSOOUONIXTP2Gisa_pB9L9Zwd1VoGZcDZ1EIPCZDFxP4aT0NxmZ-NkBNyytFKxY5VpFg3N7MetyAVQ","8",NULL,"2024-11-10 19:09:18","2024-11-10 19:09:18"
"15","cVlo8tWySoabw8c2XTymqn:APA91bHQFYtvcCTSg4jtUUK5y9PMzZOXXcBUnr8gbbG9pbCm71zxBpYtLQ61GRu-f7HfJI1sCbbeURaYpQqrGfnn0dTJ4Pgr6nWi1xBD5pJfzgnp1RE5UrA","8",NULL,"2024-11-11 13:32:13","2024-11-11 13:32:13"
"16","cnlZ8aH9SiC5WngSCanB3U:APA91bGkNOfaD7fxraJK2e5WjPcve6ZlMlYKmmsmI9rRHCxudYCJlk-GmYVKtcw9RC1n3oVUQob6ex2o7ylbhkAguxzdpRR9Gpmv5YYBDVyNMOUSyRxpHbo","8",NULL,"2024-11-11 13:41:50","2024-11-11 13:41:50"
"18","cSBUqI1uQb-RZSbLYQmepl:APA91bGwhkfaEq8hootR5steDCMvM74_M6uCm3xw4rLwVPE5_W0mRAnccwFtAJGklwfD39h2tCYD9CK4izS2WStMuVX6ueMfrj0qH1j1zjvO746GZ-0UPBs","8",NULL,"2024-11-11 20:33:48","2024-11-11 20:33:48"
"21","f8T-KootRVe8C3LTit61Qb:APA91bHEaD7nu-VPkf0yRUY0lbCXD_mPE4THgLCKurSOOUONIXTP2Gisa_pB9L9Zwd1VoGZcDZ1EIPCZDFxP4aT0NxmZ-NkBNyytFKxY5VpFg3N7MetyAVQ","6",NULL,"2024-11-12 12:20:32","2024-11-12 12:20:32"
"22","f8T-KootRVe8C3LTit61Qb:APA91bHEaD7nu-VPkf0yRUY0lbCXD_mPE4THgLCKurSOOUONIXTP2Gisa_pB9L9Zwd1VoGZcDZ1EIPCZDFxP4aT0NxmZ-NkBNyytFKxY5VpFg3N7MetyAVQ","10",NULL,"2024-11-13 14:01:24","2024-11-13 14:01:24"
"23","et5eEjKsSf6rnUeQmOVup_:APA91bHyx9o_XfHw_hvgHXmEW09UTJtLrRBkX0aJiksXCcwVGtHcckizwTeyn-MDieXvsQsU54DJ2X7eSThP9mqbnwRD2Hc5wqouFuX0FCfBYyMvjnSPpFU","11",NULL,"2024-11-13 14:16:04","2024-11-13 14:16:04"
"24","f8T-KootRVe8C3LTit61Qb:APA91bHEaD7nu-VPkf0yRUY0lbCXD_mPE4THgLCKurSOOUONIXTP2Gisa_pB9L9Zwd1VoGZcDZ1EIPCZDFxP4aT0NxmZ-NkBNyytFKxY5VpFg3N7MetyAVQ","9",NULL,"2024-11-13 14:26:19","2024-11-13 14:26:19"
"25","fNMI0qAKS7-txq1lgllixI:APA91bHpKvR_gCkW5_INmVheZPmFuT7i_G8_pd0QlXFaQEJWCv3hTiQuN8laAUyRtI-7veOHIpWzricf3BjurGA46vhW97oyJmRzc7XqZB9CrJQDg77zPLk","6",NULL,"2024-11-14 08:01:51","2024-11-14 08:01:51"
"26","fNMI0qAKS7-txq1lgllixI:APA91bHpKvR_gCkW5_INmVheZPmFuT7i_G8_pd0QlXFaQEJWCv3hTiQuN8laAUyRtI-7veOHIpWzricf3BjurGA46vhW97oyJmRzc7XqZB9CrJQDg77zPLk","10",NULL,"2024-11-14 08:02:59","2024-11-14 08:02:59"
"27","fNMI0qAKS7-txq1lgllixI:APA91bHpKvR_gCkW5_INmVheZPmFuT7i_G8_pd0QlXFaQEJWCv3hTiQuN8laAUyRtI-7veOHIpWzricf3BjurGA46vhW97oyJmRzc7XqZB9CrJQDg77zPLk","9",NULL,"2024-11-14 08:06:43","2024-11-14 08:06:43"
"28","dYBS1cE4TkukMFnTCZjsji:APA91bFhOz4MwSafxATSbM9sK9lm6wN7SfHiKth_aOM7Fiv7OgsGKTRQpP3g6y-WdhbTzBKhYk8yAVoIyKR80h8AWAvYmWVzLUR1wzzDgi8mKx5AMMDDovE","9",NULL,"2024-11-14 08:09:18","2024-11-14 08:09:18"
"29","f8du2CYlRj2OWmuXbMF8B1:APA91bG0ze4cN63O-Mn1CE_0OPauoUjBrQIxWVL9m5Py-XxO76Q3KPRLBTbY2IlzC7pNpP5YaZ1NOlVFvc9tS_SPAAFR8AfeO4ZZqtAZllduIEtWbBoFjXw","10",NULL,"2024-11-14 19:22:14","2024-11-14 19:22:14"
"30","d9o6NVbQS-m9_Pd3c2LWur:APA91bEEMdxtAeHp0qyOzCJEueFHUbkmlYgEc5W6nMQf8fB-VZVT6elacaB-mRy7zqojTQ0nyuYw7FgEVf0lO58lsrjZ-dqsM_KCrfnp96rbdiff7P7FuYo","17",NULL,"2024-11-14 19:28:36","2024-11-14 19:28:36"
"31","eQ3DgEqWSWGrRSycGd4ZUr:APA91bH8mw9VMg_QvlscoUDXx-nR0SPNz5kt8IOiMZjyTx5kpJVMfcMA4T6QSrdhG8Avt9c-uIyTt78N8cHUms_0dkPVc6YQSHnfyuCufKLx1W0NpuAYhBg","12",NULL,"2024-11-14 19:37:09","2024-11-14 19:37:09"
"32","f_8OFJpsTOCdzglfXuHfIU:APA91bGhUWNugBg5GCHSJk6hpA8HwIO_PBVY5iA4gFYjVx72Y42PO0oCkzXze7agqcL-IseD-p7LaUNnPZPSWK_pxW7zThf6lkbmNoxspsytSANRsiso3dE","12",NULL,"2024-11-14 19:42:25","2024-11-14 19:42:25"
"33","ejqrDHNdTeqOZygz1VEBmJ:APA91bE2y3PcRn1VBsSC2UZexSUBnMHLnNJuUGPTbAKAgAX3YwvMHhBsQSwc7t9QMiTcxb6D_2lbOkvg5AnS585qt0eu8WgKlnlOyA9iH8Ljh3AEKIDpgmU","16",NULL,"2024-11-15 05:16:22","2024-11-15 05:16:22"
"35","cw_Kxqo3TmC5hw9Y0mIU5U:APA91bHDOgK9AiKNHaEhOz_fxjwdNj1jh2EU2n16KDcmjbmQwVO9UmJ53IsHVdepoubFwGbB9paDIAAqOD7982d3ClZCgrKBdV29S-yGPFyuWb5Kux7luqM","10",NULL,"2024-11-15 16:22:56","2024-11-15 16:22:56"
"36","dHCsHaZXRoSAgitmoRwAGK:APA91bEn0roXOjy4IKPvuQHx33Q3oYQT7jr3ve9OeLUYUcgX-szk3pE3snVPzqNfdYHqqMRdMm6qrawjJPsKsjoRon7vGarPNaMtBS5qgZgwp2opRwie7ps","13",NULL,"2024-11-21 11:36:48","2024-11-21 11:36:48"
"37","eWTTPE-bRQmPCByt3umfaS:APA91bGmJPF1W1XzbOZe-RMVq0gMDIgOMjMY6aPHbx24lgxlEIKZXCnaorDTtkZ8Y8qSE2w7rH8qI4dwlazkNX4D6oa6lkuPYMlTqp0PYThPP4WxcliUmNU","16",NULL,"2024-11-26 12:19:45","2024-11-26 12:19:45"
"43","dZrNwikkQAGb2QN98RtReJ:APA91bHYS49EMOKBMR8cgMBWz7IHDGWFYNnr6RLFoWf-xKyGs23La_fsl5BfW40eNDGkrR0fA3pUEs6oLefhJEAJ226pt-iizllyGosxDu6CSSjbLTD1OKs","2",NULL,"2025-02-20 17:48:06","2025-02-20 17:48:06"
"44","f1lJJJOaSnC05BhHvEtqo6:APA91bFqzw_bySTcOF7kb2KnRwByi4-bUZ56Fc6DCW09B7xMhY-dsG44TIDxN-v6w_WaMNTjB2avBgAgB0CUsIdLO7k_-R4PBmGGlAigFZ5Ot2UOF7Ij8Ow","2",NULL,"2025-02-20 17:57:11","2025-02-20 17:57:11"
"45","cL7W1prRQU6KVzlbhrr0k3:APA91bEPa6E-UHoR2HUFQ0s8is62gE970QgBFPimhTDqryn_y1xklVwJU2PXmpZD4deB2jMPXtDPxofib_GT5nv2NMAOQ0e7PrXGvTtx3LQ4rBY6LcolUAw","2",NULL,"2025-02-22 09:59:26","2025-02-22 09:59:26"
"46","da8GR6FgQAOf8XuNdWricQ:APA91bEYaTfO8lla2mK7J7Xx6O1RwuG_9RtVDk0MZV2K0mX4kBIthTniP_82isZVCPetArn294fhP9C75AIgrNwZ0vDo5NIFpC_2XfLtqZeNln2HIZI7iOw","2",NULL,"2025-03-19 16:22:41","2025-03-19 16:22:41"
"47","fmDlmX2jRWCZOlM8l5zMST:APA91bHQUtAs-FCl9zsP_fiPI1TZWUqFOrjqtdOTYDAl6lOsHNxAT07pg5oAX2FqcJaFEzZHKziuop6aQOQYf_vbdveUaccFJgXkNJpmvqu6sJ7w1F6EAcI","2",NULL,"2025-05-19 09:05:54","2025-05-19 09:05:54"
"48","e2ZKpm8MRmGwhx5kJuHDHs:APA91bGuqPM8PDgqj1mS2UxkWjSiDrvn0kNCd7t3Vk4jHptroTXW51UyXLD-aVo9xQl2ei1jF9umioB4YQuBzDzZrsOcBtle_gHNW-fdH9HFsSSNGTSLwA4","12",NULL,"2025-06-28 05:29:40","2025-06-28 05:29:40"
"49","fmDlmX2jRWCZOlM8l5zMST:APA91bHQUtAs-FCl9zsP_fiPI1TZWUqFOrjqtdOTYDAl6lOsHNxAT07pg5oAX2FqcJaFEzZHKziuop6aQOQYf_vbdveUaccFJgXkNJpmvqu6sJ7w1F6EAcI","4",NULL,"2025-06-28 10:41:59","2025-06-28 10:41:59"
"50","fmDlmX2jRWCZOlM8l5zMST:APA91bHQUtAs-FCl9zsP_fiPI1TZWUqFOrjqtdOTYDAl6lOsHNxAT07pg5oAX2FqcJaFEzZHKziuop6aQOQYf_vbdveUaccFJgXkNJpmvqu6sJ7w1F6EAcI","13",NULL,"2025-06-29 20:52:33","2025-06-29 20:52:33"
"51","fsGZIOXIT1uRsBGBNLZXLB:APA91bE414qmXll1p53HydEuoCapWrJU1MYSi5rUY-40JEach5q5OPSd2B2JEhhNVR5FaLbOmlHaXbIuEtDgi8ZeygYP0ONDFCZU_Wttsrzn2xnyjkDJ9ag","2",NULL,"2025-06-29 21:49:40","2025-06-29 21:49:40"
"52","fmDlmX2jRWCZOlM8l5zMST:APA91bHQUtAs-FCl9zsP_fiPI1TZWUqFOrjqtdOTYDAl6lOsHNxAT07pg5oAX2FqcJaFEzZHKziuop6aQOQYf_vbdveUaccFJgXkNJpmvqu6sJ7w1F6EAcI","7",NULL,"2025-07-01 08:07:07","2025-07-01 08:07:07"
"53","fImLBkRIQdy3qDoupzWMzB:APA91bGOuRi6asXuh9yjFp8RH0hfU_mrm1pD_u1Fhu5bSKXZNlrcWSxOxSP_irSJmF2w4d7WVUIScHYKm17XbkTuEyh-SbaPAj1RPsJcPjjLxjcMODOfWeo","19",NULL,"2025-07-11 09:28:06","2025-07-11 09:28:06"
"54","fmDlmX2jRWCZOlM8l5zMST:APA91bHQUtAs-FCl9zsP_fiPI1TZWUqFOrjqtdOTYDAl6lOsHNxAT07pg5oAX2FqcJaFEzZHKziuop6aQOQYf_vbdveUaccFJgXkNJpmvqu6sJ7w1F6EAcI","19",NULL,"2025-07-11 09:28:10","2025-07-11 09:28:10"
"55","dDF5P5APTfiazwGHXD413Q:APA91bHU5Y01RcPZ6wjpM7j2QnSeLhtQNVOmUK1t4HB7h3ahfe2RS-kpyYOeqNU5FcmvC_9viZu1LyNn0Mo4fi0eD9pUuIvMf8A0rmkqr2inF1ysJZI0FEo","19",NULL,"2025-07-11 09:33:42","2025-07-11 09:33:42"
"56","dDF5P5APTfiazwGHXD413Q:APA91bHU5Y01RcPZ6wjpM7j2QnSeLhtQNVOmUK1t4HB7h3ahfe2RS-kpyYOeqNU5FcmvC_9viZu1LyNn0Mo4fi0eD9pUuIvMf8A0rmkqr2inF1ysJZI0FEo","2",NULL,"2025-07-17 09:33:53","2025-07-17 09:33:53"
"57","dgYf2KHaQa2G5M5uatmtfB:APA91bFJTjBM4Bz073k5vBLJsGD_PrpO6cz2cRN-bgBm8gvRtigOWLe6Q1swpxxETCcRQqSmY69GD2-l1KXbKVetDQ6nmmOTjlFqytPMwa3YR7fiR4fj3zI","13",NULL,"2025-09-16 06:48:42","2025-09-16 06:48:42"
"id","name","email","created_at","updated_at"
"1","admin","admin@email.com","2024-11-05 12:29:11",NULL
"id","admin_id","role_id","created_at","updated_at"
"1","2","1","2024-09-14 19:38:42","2024-09-14 19:38:42"
"2","3","5","2024-10-03 16:12:29","2024-10-03 16:12:29"
"3","4","5","2024-11-05 10:52:46","2024-11-05 10:52:46"
"4","5","2","2024-11-05 19:18:03","2024-11-05 19:18:03"
"5","6","5","2024-11-06 06:28:57","2024-11-06 06:28:57"
"6","7","4","2024-11-06 07:16:40","2024-11-06 07:16:40"
"7","8","2","2024-11-10 19:06:21","2024-11-10 19:06:21"
"8","9","1","2024-11-13 14:00:27","2024-11-13 14:00:27"
"9","10","1","2024-11-13 14:01:00","2024-11-13 14:01:00"
"10","11","1","2024-11-13 14:15:32","2024-11-13 14:15:32"
"11","12","1","2024-11-14 08:22:04","2024-11-14 08:22:04"
"12","13","1","2024-11-14 08:23:43","2024-11-14 08:23:43"
"13","14","1","2024-11-14 08:25:17","2024-11-14 08:25:17"
"14","15","1","2024-11-14 08:26:31","2024-11-14 08:26:31"
"15","16","1","2024-11-14 19:24:07","2024-11-14 19:24:07"
"16","17","1","2024-11-14 19:26:35","2024-11-14 19:26:35"
"17","18","5","2025-06-29 20:49:45","2025-06-29 20:49:45"
"18","19","2","2025-07-11 09:22:34","2025-07-11 09:22:34"
"id","title","user_id","health_expert_id","appointment_date","code","status","created_at","updated_at"
"17","cleaner water","118","7","2024-11-08 13:18:00","55R4YIBU","pending","2024-11-05 12:18:16","2024-11-05 12:18:16"
"18","He Needs Help","123","10","2024-11-08 06:58:00","Z0ONUY8D","pending","2024-11-06 05:58:20","2024-11-06 05:58:20"
"19","freedom of Speech","125","8","2024-11-14 02:27:00","5H5QQTQQ","pending","2024-11-06 10:27:56","2024-11-06 10:27:56"
"20","Freedom of Speech","125","9","2024-11-19 01:38:00","TUMABFNC","pending","2024-11-06 10:39:03","2024-11-06 10:39:03"
"21","Night Pills","128","10","2024-11-08 12:55:00","JVU2FE7D","pending","2024-11-06 11:55:09","2024-11-06 11:55:09"
"22","condoms","132","10","2024-11-07 12:56:00","3O4SCIMT","pending","2024-11-06 11:56:24","2024-11-06 11:56:24"
"23","counselling on human rights","119","10","2024-11-28 15:30:00","BMKRNTTI","pending","2024-11-06 15:31:07","2024-11-06 15:31:07"
"24","v cm n","137","11","2024-11-06 19:42:00","8GQLNBBF","pending","2024-11-07 18:43:02","2024-11-07 18:43:02"
"25","test","89","7","2024-11-29 00:00:00","QJLZVZIZ","pending","2024-11-08 08:45:11","2024-11-08 08:45:11"
"26","Test","354","11","2025-02-27 15:14:00","QFQ5ROCG","pending","2025-02-20 14:14:25","2025-02-20 14:14:25"
"27","System test Eye check","354","9","2025-02-28 17:02:00","GDFIO57I","pending","2025-02-20 18:02:31","2025-02-20 18:02:31"
"28","contraception","353","12","2026-04-03 17:38:00","9U52JUBE","pending","2026-04-02 16:38:49","2026-04-02 16:38:49"
"id","category_id","title","video_link","image","body","admin_id","created_at","updated_at"
"14","1","Naloxone Saves Lives: What You Need to Know",NULL,"articles/MaPeers&Me672b1012c44944.64962720-aXPI-1730875410.png","Introduction:
Naloxone is a lifesaving medication that reverses opioid overdoses, restoring breathing and preventing death. In this article, we'll explore what naloxone is, how it works, and why it's crucial.

What is Naloxone?
Naloxone is a medication used to treat opioid overdoses. It counteracts the effects of opioids like heroin, tramadol, or codeine, but doesn't treat addiction.

How Does it Work?
When someone overdoses, naloxone blocks opioid receptors in the brain, restoring breathing. It takes effect within 2-5 minutes.

Why is Naloxone Important?
Naloxone is vital because:

- It saves lives
- It's fast-acting
- It's easy to use
- It's available for emergency response

Who Can Use Naloxone?
Anyone can use naloxone, including:

- Family members of opioid users
- Friends of opioid users
- Healthcare workers
- Emergency responders

How to Use Naloxone:
Follow these steps:

1. Call emergency services
2. Check the person's breathing
3. Administer naloxone injection or nasal spray
4. Wait 2-5 minutes
5. If the person doesn't wake, give another dose

Conclusion:
Naloxone is a lifesaving medication that prevents overdose deaths. If you know someone struggling with opioids, learn how to use naloxone. It could save a life.

Ask the Healthcare Service Provider in the MaPeer&Me about Naxalone now!!!!!!","6","2024-11-06 06:43:30","2024-11-06 06:43:30"
"15","1","Protect Yourself: Use Low Dead Space Syringes",NULL,"articles/MaPeers&Me672b114e32a748.62964763-z9qg-1730875726.png","Women who uses drugs deserve to stay safe and healthy. Using low dead space syringes is one way to protect yourself from getting infected.

What are Low Dead Space Syringes?

Low dead space syringes are special syringes that help reduce the risk of getting HIV, hepatitis, and other infections. They have less space between the needle and the plunger, which means less blood is left in the syringe after use.

Why Use Low Dead Space Syringes?

1. Less chance of getting sick: Low dead space syringes reduce the risk of getting HIV, hepatitis, and other infections.
2. Less risk of overdose: Using low dead space syringes helps ensure you're getting the right amount of medication.
3. Cleaner injections: Low dead space syringes make it easier to inject safely and cleanly.
4. Better health: By reducing the risk of infection, low dead space syringes help you stay healthier.

Get Help

1. Ask for low dead space syringes: Visit harm reduction centers or health clinics to get low dead space syringes.
2. Talk to a doctor or counselor: They can help you with your health and well-being.
3. Join a support group: Connect with others who understand what you're going through.

Remember
- You deserve care and respect.
- Take control of your health.
- There's help available through Mapeers&me for  low space needles!!!!","6","2024-11-06 06:48:46","2024-11-06 06:48:46"
"16","4","PrEP: The Game-Changer in HIV Prevention",NULL,"articles/MaPeers&Me672b16175ae523.57795006-vTkX-1730876951.png","Introduction:

In the fight against HIV/AIDS, Pre-Exposure Prophylaxis (PrEP) is a daily medication regiment that has proven to be highly effective in preventing HIV infection among high-risk individuals. This article explores the impact of PrEP as a game-changer in the global effort to combat HIV.

What is PrEP?

PrEP stands for Pre-Exposure Prophylaxis. It involves taking antiretroviral medication daily to prevent HIV infection before exposure to the virus. PrEP is recommended for individuals at high risk of contracting HIV, including:

- Men who have sex with men
- Sex workers
- People with multiple sexual partners
- Injection drug users
- Transgender persons
-  Individuals with HIV-positive partners

How Effective is PrEP?

Studies have consistently shown that PrEP reduces the risk of HIV infection by:

- 92-100% when taken consistently
- 70-80% when taken intermittently

Real-Life Impact:

- In the United States, PrEP has contributed to a 16% decline in new HIV diagnoses among gay and bisexual men.
- In Australia, PrEP implementation has led to a 30% reduction in new HIV infections.
- In Kenya, PrEP has helped reduce HIV incidence among sex workers by 40%.

Conclusion:

PrEP has transformed HIV prevention, offering a powerful tool for high-risk individuals. As we continue to address challenges and expand access, PrEP will remain a crucial component in the global fight against HIV/AIDS.

Call to Action:

- Talk to your healthcare provider about PrEP through Mapeers&me Telehealth
- Share thid information with your peers.
- Advocate for increased PrEP access and awareness.

Together, we can harness the power of PrEP to create an HIV-free future.","6","2024-11-06 07:09:11","2024-11-06 07:09:11"
"17","4","Adherence to Antiretroviral Therapy (ART): A Lifeline for People Living with HIV (PLHIV)",NULL,"articles/MaPeers&Me672b1d84842257.40997074-eRRm-1730878852.png","Antiretroviral Therapy (ART) has transformed the lives of People Living with HIV (PLHIV), suppressing viral loads and preventing transmission. However, adherence is crucial to its success.

Why Adherence Matters:
1. Viral Suppression: ART adherence reduces viral loads, keeping HIV under control.
2. Immune System Boost: Adherence helps rebuild CD4 cell counts, strengthening the immune system.
3. Transmission Prevention: Undetectable viral loads prevent HIV transmission.
4. Drug Resistance Prevention: Adherence prevents drug resistance, ensuring treatment effectiveness.

Strategies for Success:
1. Pill Boxes and Reminders: Simplify medication management.
2. Treatment Supporters: Designate a support person.
3. Healthcare Provider Communication: Regular check-ins.
4. Adherence Counseling: Addressing concerns, setting goals.

By prioritizing ART adherence, PLHIV can:
- Live healthier lives
- Prevent transmission
- Break stigma

Together, let's promote adherence and empower PLHIV for healthy living through  Ma Peers&Me online counselling","7","2024-11-06 07:40:52","2024-11-06 07:40:52"
"18","9","Drug Law in Abia State, Nigeria: An Overview",NULL,"articles/MaPeers&Me672b239b9a8b56.56364879-I5CP-1730880411.png","Abia State, located in the southeastern region of Nigeria, has enacted laws to regulate drug use, possession, and distribution within its jurisdiction. These laws aim to combat drug abuse, trafficking, and related crimes.

Key Provisions:
1. Abia State Drug Control Law (2004): This law prohibits the cultivation, production, possession, and distribution of controlled substances, including narcotics, psychotropics, and cannabis.
2. National Drug Law Enforcement Agency (NDLEA) Act (1989): Applies to Abia State, empowering the NDLEA to enforce federal laws regarding drug trafficking and abuse.

Offenses and Penalties:
1. Possession: 2-5 years imprisonment and/or fine (Section 6, Abia State Drug Control Law)
2. Trafficking: 5-15 years imprisonment and/or fine (Section 7, Abia State Drug Control Law)
3. Cultivation: 5-10 years imprisonment and/or fine (Section 8, Abia State Drug Control Law)
4. Sale or distribution: 5-15 years imprisonment and/or fine (Section 9, Abia State Drug Control Law)

Enforcement Agencies:
1. National Drug Law Enforcement Agency (NDLEA)
2. Abia State Ministry of Health
3. Abia State Police Command

Rehabilitation and Treatment:
Abia State government provides rehabilitation services for individuals struggling with drug addiction through:

1. Abia State Ministry of Health's Drug Rehabilitation Centers
2. Non-governmental organizations (NGOs) and civil society organizations (CSOs)

Ask MaPeers&Me Legal and Human Rights Officer more information on drug laws now.....","7","2024-11-06 08:06:51","2024-11-06 08:06:51"
"19","8","Internet Safety and Security Tips for Sex Workers Who Use/Inject Drugs and LGBTQ Persons",NULL,"articles/MaPeers&Me672b2dfeca61a7.71177483-uz7D-1730883070.png","Navigating online spaces can present unique challenges and risks for sex workers who use/inject drugs and LGBTQ individuals. Here are some essential safety and security tips to help protect privacy, avoid harmful interactions, and ensure a safer online experience.
1. Protect Your Identity and Personal Information
Limit Location Sharing: Disable location tracking on apps and devices, particularly for apps that may reveal your location to other users.
Be Careful with Photos: Avoid sharing images that show identifiable landmarks, your face, or distinguishing tattoos/scars. Use blurring tools or filters to obscure sensitive details.

 2. Strengthen Account Security
Use Strong Passwords: Create unique, complex passwords for each account and update them regularly. Consider using a password manager to keep track.
Enable Two-Factor Authentication (2FA): Protect accounts by adding a second layer of verification, such as a text message or authentication app, to make it harder for others to gain access.
Monitor for Unusual Activity: Regularly check account activity and login locations to spot any unauthorized access quickly.

 3.Use Encrypted Communication Channels
Use Encrypted Messaging Apps: Opt for apps like Signal or Telegram for messaging; these apps offer end-to-end encryption, helping to keep conversations private.
VPNs for Browsing: Use a Virtual Private Network (VPN) to encrypt your internet connection and mask your IP address, adding an extra layer of privacy.

 4.Be Cautious with Social Media
Adjust Privacy Settings: Keep profiles private and limit who can view posts or send messages. Only share sensitive information with trusted friends.
Beware of Catfishing and Scams: Be cautious when interacting with strangers online, as scammers may pose as potential clients or friends. Verify identities and intentions carefully.
Report Abusive or Inappropriate Behavior: Know how to report harmful content and harassment on each platform, and consider blocking users who make you uncomfortable.

5. Maintain Digital Hygiene
Regularly Clear Cookies and Cache: Browsers store personal data, so clear this regularly to minimize tracking.
Use Secure Devices: Avoid using public or shared devices for sensitive activities. Keep your personal device updated with the latest security patches.

 6.Plan for Emergency Situations
Have an Emergency Contact: Identify a trusted friend or contact within your community for support in case of online harassment or doxing.
Know How to Document Evidence: Save screenshots, chat histories, or other relevant information in case you need to report online threats or incidents to authorities or legal services.
By taking these steps, sex workers who use or inject drugs and LGBTQ persons can navigate the online world more safely. Prioritizing digital security can minimize risks, provide a sense of control, and help you safely access online spaces and services.","7","2024-11-06 08:51:10","2024-11-06 08:51:10"
"20","4","Know About HIV Transmission",NULL,"articles/MaPeers&Me672cc3354826b3.58813326-kt61-1730986805.png","BE INFORMED ABOUT HIV TRANSMISSION

What is HIV in the first place?Human Immunodeficiency Virus (HIV) is a virus that attacks the body’s immune system, specifically targeting CD4 cells, also known as T cells. 

How can it be spread?
- Sharing of needles, syringes and other drug injecting equipment: When someone uses a needle previously used by an HIV-positive individual, any remaining blood (which may contain HIV) can enter the bloodstream of the next user, leading to infection.
- Having unprotected sex
- Lack of Access to Healthcare Services: When women who use drugs do not have access to seek healthcare and preventive services like HIV testing, antiretroviral therapy (ART), and other essential support, it can lead to higher rates of undiagnosed or untreated HIV thereby, increasing the risk of HIV spread.
- Co-infection with other diseases: When a person has hepatitis C, tuberculosis or sexually transmitted infections (STIs), it can weaken the immune system function, hence increasing the risk of HIV.

Take Note:
- Being informed is being empowered.
- You deserve to stay healthy.
- Your Health is Worth it.
Know more about HIV by speaking to a healthcare service provider in MaPeer&Me..","2","2024-11-07 13:40:05","2024-11-07 13:40:05"
"22","6","Role of Psychosocial Support",NULL,"articles/MaPeers&Me672db1715c39f2.96127843-G2D1-1731047793.png","Why Psychosocial Support is necessary

- Empathy and Nonjudgmental Care: Support programs that create safe, judgment-free spaces can help women who use drugs feel comfortable sharing their experiences and challenges. Feeling understood is the first step toward mental wellness.

- Trauma-Informed Care: Mental health services need to be trauma-informed, recognizing that past traumatic experiences affect current behaviors. A trauma-informed approach helps women heal by addressing underlying emotional pain and trauma, rather than focusing only on drug use.
- Empowerment and Self-Worth: Psychosocial support can restore a sense of dignity and worth, helping you reclaim control over their lives. Counseling, support groups, and empowerment programs can enhance self-esteem and reduce dependency on substances for coping.

Greater Women Initiative for Health and Right (GWIHR) offers psychosocial support without stigma/discrimination. Ask to speak to a psychologist in MaPeer&Me.","2","2024-11-08 06:36:33","2024-11-08 06:36:33"
"23","5","MENSTRUATION: COTTON WOOL OR PADS",NULL,"articles/MaPeers&Me6734d5dfbaea69.47882910-H8Om-1731515871.png","Women have different choices on what to use during menstruation in absorbing blood flow. Most persons use cotton wool while some use sanitary pads or tampons.
 
What do you use?

Most women prefer cotton wool because it is often cheaper and more accessible. But the truth is that cotton wool is not recommended for menstrual use as it can pose health risks.

Some risks associated with using cotton wool:

- They do not absorb blood well and can lead to leakage. 
- Since they retain moisture, they can create a breeding ground for bacteria leading to yeast infections and urinary tract infections (UTIs).
- It causes skin irritation and discomfort especially when it is used for long periods. 
- Some wool particles can enter inside the vagina which could lead to severe health issues. 
- It causes odour. 

What you need to do

- Use sanitary pads, tampons or menstrual cups specifically designed for menstruation as they are much safer and more effective.

- Tell your peers/friends about the risks of using cotton wool.

Note that your safety matters!
Want to know more tips on menstruation? Talk to a medical personnel in MaPeer&Me.","9","2024-11-13 16:37:51","2024-11-13 16:37:51"
"24","9","WHAT YOU SHOULD KNOW ABOUT SEEKING HELP AND REPORTING VIOLENCE",NULL,"articles/MaPeers&Me6734d8d3c11750.95159585-lzG7-1731516627.png","Women who use/inject drugs face various forms of violence. Most of them do not report such cases to necessary legal bodies.

Have you ever reported any case of violence against you? If no, what is the reason?

Many PWIDs hesitate to report abuse for fear of arrest or legal repercussions. They fear being criminalized by the law. Some on the other hand lack trust in law enforcement due to previous personal experiences with them or that involving their peers. They may also fear being judged or ignored because of their drug use, discouraging them from reporting incidents.

Lastly, there are insufficient support services. Few shelters, rehabilitation centres, or support services are equipped to address the needs of women who inject drugs and face GBV. Many shelters and domestic violence programs have restrictive policies around drug use, limiting access for female PWIDs in urgent need.

But there is Goodnews. Greater Women Initiative for Health and Right (GWIHR) is an organization that creates stigma-free access to justice for female PWIDs who have experienced violence.
Get help Today! Ask to speak to a Human Right Desk Officer in MaPeer&Me.","9","2024-11-13 16:50:27","2024-11-13 16:50:27"
"25","1","Paraphernalia: What You Need To Know?",NULL,"articles/MaPeers&Me6734dca09980f4.62677193-iVGq-1731517600.png","Meaning
Paraphernalia refers to any equipment, tools or materials used to prepare, inject or consume drugs.

Common Paraphernalia
- Needles and syringes for injecting drugs.
- Cookers (spoons or small containers) for heating and dissolving drugs.
- Cotton filters for filtering impurities before injection.
- Torniquets or elastic bands to make veins more visible for injection.
- Alcohol swabs or pads for cleaning the injection site.
- Pipes for smoking drugs such as crack or methamphetamine also known as ice.
- Foil or straws for inhaling drugs.

Speak to a healthcare provider to know more about Paraphernalia on the MaPeer&Me.","9","2024-11-13 17:06:40","2024-11-13 17:06:40"
"28","5","Long-Acting Reversible Contraceptives",NULL,"articles/MaPeers&Me685e3d5b786628.19347414-mNBm-1751006555.png","LONG-ACTING REVERSIBLE CONTRACEPTIVES: A FAMILY PLANNING OPTION

Introduction
Long-acting reversible contraceptives (LARCs) are birth control methods that provide extended, highly effective pregnancy prevention without requiring frequent action from the user. They are ""long-acting"" because they last for several years, and ""reversible"" because they can be removed at any time, allowing fertility to return.

How it works
They come in two main types:
 - Intrauterine Devices (IUDs): which are small devices placed in the uterus that prevent sperm from reaching the egg. Copper IUDs create a hostile environment for sperm, while hormonal IUDs release a small amount of progestin to thicken cervical mucus and prevent ovulation.

 - Implants: which are small rods placed under the skin in the upper arm, release progestin continuously to prevent ovulation and thicken cervical mucus.Note that these methods require only a brief insertion procedure by a healthcare provider and can last between 3 and 10 years depending on the type.

Benefits of LARCs

-Highly Effective: Less than 1% failure rate, among the most reliable forms of birth control.

-Low Maintenance: No daily or monthly upkeep, making them convenient for people with busy or unpredictable schedules.

-Reversible: Can be removed at any time, with a rapid return to fertility.

-Discrete: Not visible, offering privacy in contraceptive use.

Take Action
Arrange an appointment with a healthcare provider on MaPeers&Me to discuss LARC options, ask questions, and receive further counselling on suitability.

Conclusion
LARCs are an ideal contraceptive choice for sex workers, offering effective, long-term pregnancy prevention with minimal upkeep. By providing reliable contraception that fits diverse and often unpredictable lifestyles, LARCs empower sex workers to manage their reproductive health confidently and with greater autonomy. Access to LARCs and supportive health services can further support the well-being of sex workers and contribute to reducing health disparities.","2","2025-06-27 06:42:35","2025-06-27 06:42:35"
"29","9","Do you know your rights?",NULL,"articles/MaPeers&Me685f8411536499.85226460-2wVn-1751090193.png","Are you a sex worker, person who use/inject drugs or in the LGBTQI community? Do you know your rights? 
Knowing your rights is essential for navigating a world that often marginalizes or discriminates against you.

Here are your rights:
-- Right to live without discrimination
-- Right to health and healthcare
-- Right to privacy
-- Right to live free from violence, exploitation and 
   abuse
-- Right to equality and economic empowerment
-- Right to family and reproductive health
-- Right to protection from criminalization
-- Right to social inclusion and participation

Why should you know your rights?
Knowing your rights empowers you to:
-- Make informed choices
-- Seek appropriate services
-- Protect your safety, and
-- Demand justice when needed

Remember
-- Ignorance of the law is no excuse, but knowledge 
   of your rights is power.
-- Knowing your rights is the first step towards  
   using your voice.
-- When you know your rights, you open the door to  
   creating a more just and fair society. 

Know more about your rights by connecting with a human right desk officer on MaPeers&Me.","2","2025-06-28 05:56:33","2025-06-28 05:56:33"
"30","7","Balanced Diet : A Pathway To Achieving Good Nutrition",NULL,"articles/MaPeers&Me6861175521bc89.61559755-tnHc-1751193429.png","BALANCED DIET: A PATHWAY TO ACHIEVING GOOD NUTRITION

Good nutrition is essential to health. It helps support physical health, mental well-being, and immune function, all of which are essential for improving quality of life and resilience against illness. A balanced diet provides essential nutrients that the body needs to function properly. Eating a variety of nutrient-rich foods helps maintain energy levels, supports growth and development, boosts immune function, and promotes overall health.

There are six (6) classes of food that make up balanced diet. Let us talk briefly about them.

-- Carbohydrates: They are the body’s main source  
   of energy, especially for the brain and muscles.  
   Examples are rice, yam, pasta, bread, potatoes,  
   oats, wheat.

-- Proteins: Proteins are essential for building and 
   repairing tissues in the body. Good protein 
   sources include meat, fish, sea foods, eggs, 
   beans, nuts, seeds and dairy products such as 
   milk, cheese and yoghurt.

-- Fats: They are essential for energy and cell 
   health. Sources of fat include avocado, nuts and 
   seeds, coconut, fatty fish and cooking oils.

-- Vitamins: They play a key role in supporting basic 
   bodily functions such as bone, vision, blood, skin, 
   heart, nerve and immune health. They are found  
   in all kinds of food including fruits, vegetables, 
   animal products and whole grains.

-- Minerals: They are essential for many body 
   functions including building strong bones and 
   teeth, regulating your metabolism and staying 
   properly hydrated. 

-- Water: It is essential for digestion, nutrient 
   transport, temperature regulation, waste removal 
   and hydration. Plain drinking water is the best 
   water source but fruits and vegetables with high 
   water content such as cucumber, oranges and 
   watermelon also contribute to daily water needs.

**Note
Health requires healthy foodTake care of your body; It’s the only place you have to live.Good food choices are good investments.","4","2025-06-29 10:37:09","2025-06-29 10:37:09"
"31","5","Understanding Your Sexual Rights and Bodily Autonomy",NULL,"articles/MaPeers&Me6863a4a0802662.99276045-VXWx-1751360672.png","Empowering Adolescent girls and young women to Make Informed Choices

1)What Are Sexual Rights?
   Sexual rights are human rights. They protect your       
   ability to make safe, informed, and free decisions  
   about your body, relationships, and sexual health. 
   These rights ensure you are treated with dignity,  
   respect, and equality.

   Your Sexual Rights include the right to:
    - - Say yes or no to any sexual activity
    - - Choose if, when, and whom to marry
    - - Access sexual and reproductive health   
        information and services
    - - Live free from violence, pressure, or                  
        discrimination related to sexuality
    - - Privacy in personal matters concerning your  
        body and choices
2)What Is Bodily Autonomy?
   Bodily autonomy means having the power and            
   freedom to make decisions about your own body.   
   It means no one else can make those choices for 
   you — not your family, not your partner, and not 
   society.

   Examples of bodily autonomy:
   - - Deciding what happens to your body
   - - Choosing whether to use contraceptives or 
       not.
   - - Seeking support if you experience harassment     
       or abuse.
   - - Being able to move freely without fear or   
       restrictions.

  Why Is This Important?
  - - It protects you from abuse, coercion, and  
      exploitation. 
  - - It empowers you to live confidently and safely
  - - It helps build healthy relationships based on  
      respect and consent.
  - - It gives you control over your health, future, and 
      goals.

3)What You Can Do
    - - Know your rights – learn and speak about  
        them with confidence.
    - - Speak up – report abuse or violations of your  
        rights.
    - - Support others – help your peers understand  
        and claim their rights. 
    - - Stay informed – use apps like MaPeer&Me to  
        learn more.
    - - Seek help – trusted adults, health workers, or 
        support centers are there for you.

*Your Voice Matters
  Your experiences and choices are valid. You 
  deserve to be heard, to be safe, and to be in 
  control of your body and future. Claim your space, 
  claim your rights.

📲 Learn More
   Follow us on facebook @ Greater Women  
   Initiative for Health and Right on Instagram 
   @gwihr.org.ng and join the MaPeer&Me 
   community to keep learning, sharing, and growing 
   together. Your journey to empowerment starts 
   with knowledge.","7","2025-07-01 09:04:32","2025-07-01 09:04:32"
"32","5","Correct Condoms Usage:Step-by-step Procedures",NULL,"articles/MaPeers&Me6868dfb71be080.34611579-RJ3o-1751703479.png","*Introduction*

Condoms are one of the most effective tools for   
preventing sexually transmitted infections (STIs), including HIV, and unintended pregnancies (family planning option). As a sex worker, person who inject drugs or LGBTQ+, consistent and correct condom use is a vital component of sexual and reproductive health. 

- Step-by-Step Process of Using a Condom
   1) Check the expiration date and inspect the 
       packet for any tears or damage.
   2) Tear the condom packet at the edge, avoiding 
       scissors, teeth, or sharp objects that could 
       damage the condom.
   3) Hold the condom by the tip and ensure it 
       unrolls easily in the correct direction.
   4) Pinch the tip to remove air and leave space for 
       semen.
   5) Place the condom on the erect penis and unroll 
       it all the way to the base.
   6) Make sure the condom fits properly without 
       slipping or discomfort.
   7) During intercourse, use adequate water-based 
       or silicone-based lubricant to reduce friction, 
       especially during anal sex, as it helps prevent 
       condom breakage.
   8) After ejaculation, hold the base of the condom 
       while withdrawing to prevent spillage.
   9) Remove the condom carefully, tie a knot to seal 
        it, and dispose of it in a trash bin (not the 
        toilet).

*Conclusion*
Condom use is a simple yet powerful way for key populations to protect their health. By using condoms consistently and correctly, individuals can prevent STIs, HIV, and unintended pregnancies while fostering safe sexual practices. Condoms may be small, but they carry the big job of protecting you from risks you do not want to take.

*Call to Action*
  - - Talk to a healthcare provider in MaPeers&Me to  
      know more about condoms.
  - - Use condoms consistently and correctly.
  - - Share this information with your peers.","13","2025-07-05 08:17:59","2025-07-05 08:17:59"
"34","9","The Universal Sign for Help",NULL,"articles/MaPeers&Me68c90f0a369f03.96557734-Gw9e-1758007050.jpg","🆃🅷🅴 🆄🅽🅸🆅🅴🆁🆂🅰🅻 🆂🅸🅶🅽 🅵🅾🆁 🅷🅴🅻🅿
AGYW’s who are victims of gender-based violence, kidnap, or sexual abuse, or who are at risk of been violated based on their status, or is been discriminated upon at the point of receiving health services. often don’t feel safe to simply scream it out in public or call for help. Instead, a hand signal for help can be the safest and most effective way to let someone know that you’re in danger, without putting yourself at risk of further harm. This article will show exactly how to do the hand signal. 

🅷🅸🆂🆃🅾🆁🆈 🅾🅵 🆃🅷🅴 🆄🅽🅸🆅🅴🆁🆂🅰🅻 🆂🅸🅶🅽 🅵🅾🆁 🅷🅴🅻🅿
The signal or sign for help is a simple hand signal that people can make to let others know that they are in some kind of danger and need help. It originated during the COVID-19 pandemic, as many people were stuck inside due to lockdowns and quarantine rules and the rates of sexual violence and domestic abuse began to rise in many areas around the world.

It was the Women’s Funding Network and the Canadian Women’s Foundation, together, who came up with the signal. They wanted to create a way for women in danger, as well as AGYW and children and anyone else who felt scared or threatened, to ask for help in a silent and subtle way, rather than having to yell it out, or verbally say what was happening to them.

🅷🅾🆆 🆃🅾 🆄🆂🅴 🆃🅷🅴 🆄🅽🅸🆅🅴🆁🆂🅰🅻 🆂🅸🅶🅽 🅵🅾🆁 🅷🅴🅻🅿.
The gesture is quick and easy to perform:
	First, open the hand and hold it up, with all fingers pointing out.
	Next, tuck the thumb into the palm.
	Finally, wrap the other fingers over the thumb.

The hand signal can be used in lots of different locations and situations, like on a video call with a friend or family member, in a social media post, or just out and about in public. And knowing how to signal for help or what to look for could be enough to save a life; in 2021, a teenage girl used the signal to get help after she’d been kidnapped. She was rescued later on, unharmed.

🅸🅼🅿🅾🆁🆃🅰🅽🅲🅴 🅾🅵 🆃🅷🅴 🆄🅽🅸🆅🅴🆁🆂🅰🅻 🆂🅸🅶🅽 🅵🅾🆁 🅷🅴🅻🅿.
The universal hand signal for help is a very useful way to get help if you need it, but it is not the only option. There are several other methods you can use to signal for help or protect yourself in public places.

🅷🅰🆅🅸🅽🅶 🅰 🅾🅽🅴-🆂🅸🅳🅴🅳 🅲🅰🅻🅻
Having a one-sided call is another method to try. This basically involves holding your phone to your ear and conversing with a pre-recorded message of someone asking things like “When are you going to be home?” You can record the message and keep it on your phone to use when you feel in danger. Any possible attackers nearby should be deterred if they think someone else is waiting for you or talking to you.
Are There Other Silent Ways to Ask For Help?

Yes, there are some other silent distress signals to help you get aid if you’re in trouble. GWIHR has developed the MaPeers&Me app you can set up to send your GPS location to a friend or family member when you feel endangered. This app has the Danger segment which allows you input your phone number which then allows the app to track your location but also offers a wide range of features for ensuring safety and peace of mind.

🆆🅷🅰🆃 🆃🅾 🅳🅾 🅸🅵 🆈🅾🆄 🅽🅾🆃🅸🅲🅴 🆂🅾🅼🅴🅾🅽🅴’🆂 🆂🅸🅶🅽🅰🅻?
If you see someone use the hand signal for help, it is important to know how to respond in an appropriate way without putting the person at risk. If it happens in a video chat, for example, you shouldn’t respond immediately and start saying things like “Do you need help?” because the abuser may be able to hear you.
Instead, contact the person in a more discreet way, like text or social media, and ask simple yes or no questions to make it easier for them to respond. Questions you could ask include “Are you safe?” “Do you need me to call the police?” or “Can I call a shelter for you?”
If you see the sign in a public place, the best option is usually to find a nearby police or security officer or call the police and let them know. Be discreet and try to find out any information that could be useful to the police, like a license plate of a vehicle if the person gave you the signal through the window of a car, for example.

🆁🅴🆂🅾🆄🆁🅲🅴🆂 🅵🅾🆁 🅷🅴🅻🅿
If you are a survivor of sexual violence, gender based violence or know someone else who is, help is not far away.
•	Greater Women Initiative for Health and Right (GWIHR) GBV Hotline (Toll-Free): 08031230109.

🅵🅰🆀🆂
🆆🅷🅰🆃 🅰🆁🅴 🆃🅷🅴 3 🅷🅰🅽🅳 🆂🅸🅶🅽🅰🅻🆂?
The term “three hand signals” is usually used in reference to the three arm and hand signals that cyclists use to signal when they’re turning or slowing down.
	What Is the Hand Signal if You’re in Trouble?
The hand signal to use if you’re in trouble is to tuck your thumb against your palm and then wrap your fingers over to cover the thumb.

🅲🅾🅽🅲🅻🆄🆂🅸🅾🅽 
Understanding and utilizing the universal sign for help empowers AGYW to discreetly seek assistance in situations where speaking is unsafe. Beyond the hand signal, alternative codes such as the digital tools like MaPeers&Me enhance personal safety strategies. Equally important is public awareness of how to respond when these signals are observed. Ultimately, a simple gesture or code can save lives, making awareness and education about these tools essential in the fight against gender-based violence.","13","2025-09-16 07:17:30","2025-09-16 07:17:30"
"36","7","Self-Medication vs Proper Treatment: What AGYW Need to Know About Malaria",NULL,"articles/MaPeers&Me69dd2e5ee59a34.32681843-fTMa-1776103006.png","🆂🅴🅻🅵-🅼🅴🅳🅸🅲🅰🆃🅸🅾🅽 🆅🆂 🅿🆁🅾🅿🅴🆁 🆃🆁🅴🅰🆃🅼🅴🅽🆃: 🆆🅷🅰🆃 🅰🅶🆈🆆 🅽🅴🅴🅳 🆃🅾 🅺🅽🅾🆆 🅰🅱🅾🆄🆃 🅼🅰🅻🅰🆁🅸🅰

𝙄𝙣𝙩𝙧𝙤𝙙𝙪𝙘𝙩𝙞𝙤𝙣
Malaria remains one of the most common and serious health challenges in Nigeria, particularly affecting Adolescent Girls and Young Women (AGYW). Due to environmental exposure, limited access to healthcare, and socio-economic factors, AGYW are at increased risk of malaria infection and its complications. Despite widespread awareness of malaria, many young women continue to rely on self-medication rather than seeking proper medical care. This practice can lead to serious health consequences.
This paper aims to educate AGYW on the dangers of self-medication and the importance of proper diagnosis and treatment of malaria.

𝙐𝙣𝙙𝙚𝙧𝙨𝙩𝙖𝙣𝙙𝙞𝙣𝙜 𝙈𝙖𝙡𝙖𝙧𝙞𝙖
Malaria is a life-threatening disease caused by parasites transmitted through the bites of infected female Anopheles mosquitoes. Common symptoms include:
•	Fever
•	Headache
•	Chills
•	Body weakness
•	Nausea and vomiting
If not properly treated, malaria can progress to severe illness, leading to complications such as anemia, organ failure, or even death.

𝙒𝙝𝙖𝙩 𝙞𝙨 𝙎𝙚𝙡𝙛-𝙈𝙚𝙙𝙞𝙘𝙖𝙩𝙞𝙤𝙣?
Self-medication refers to the practice of treating illnesses without professional medical advice. Among AGYW, this often includes:
•	Buying antimalarial drugs from pharmacies or roadside vendors without testing
•	Using leftover medications
•	Relying on herbal remedies without proper guidance
While self-medication may seem convenient and cheaper, it carries significant risks.

𝙍𝙞𝙨𝙠𝙨 𝙤𝙛 𝙎𝙚𝙡𝙛-𝙈𝙚𝙙𝙞𝙘𝙖𝙩𝙞𝙤𝙣 𝙛𝙤𝙧 𝙈𝙖𝙡𝙖𝙧𝙞𝙖
1. Misdiagnosis
Not all fevers are caused by malaria. Self-treatment without proper testing may lead to incorrect treatment, allowing the actual illness to worsen.
2. Drug Resistance
Improper use of antimalarial drugs can contribute to drug resistance, making malaria harder to treat in the future.
3. Incomplete Treatment
Stopping medication once symptoms improve (instead of completing the full dose) can result in treatment failure and recurrence.
4. Harmful Drug Reactions
Taking the wrong drugs or incorrect dosages can cause side effects or harmful interactions, especially for young women who may be pregnant or have other health conditions.
5. Delayed Medical Care
Self-medication may delay seeking professional help, increasing the risk of severe malaria and complications.

𝙒𝙝𝙖𝙩 𝙞𝙨 𝙋𝙧𝙤𝙥𝙚𝙧 𝙈𝙖𝙡𝙖𝙧𝙞𝙖 𝙏𝙧𝙚𝙖𝙩𝙢𝙚𝙣𝙩?
Proper treatment involves seeking care from a qualified healthcare provider and following recommended guidelines. This includes:
1. Confirmatory Testing
Before treatment, malaria should be confirmed using:
•	Rapid Diagnostic Tests (RDTs), or
•	Microscopy
2. Use of Recommended Drugs
Healthcare providers prescribe effective antimalarial medicines, such as Artemisinin-based Combination Therapies (ACTs), in the correct dosage.
3. Adherence to Treatment
Patients must complete the full course of medication, even if they feel better.
4. Follow-Up Care
If symptoms persist, further evaluation is necessary to rule out complications or other illnesses.

𝙒𝙝𝙮 𝙋𝙧𝙤𝙥𝙚𝙧 𝙏𝙧𝙚𝙖𝙩𝙢𝙚𝙣𝙩 𝙈𝙖𝙩𝙩𝙚𝙧𝙨 𝙛𝙤𝙧 𝘼𝙂𝙔𝙒
For AGYW, proper malaria treatment is especially important because:
•	Malaria can cause severe anemia, affecting energy levels, school, and work performance
•	It poses serious risks during pregnancy, including miscarriage and low birth weight
•	Frequent illness can limit education and economic opportunities
Seeking proper care ensures early recovery, prevents complications, and supports overall well-being.

𝙋𝙧𝙚𝙫𝙚𝙣𝙩𝙞𝙤𝙣 𝙞𝙨 𝘽𝙚𝙩𝙩𝙚𝙧 𝙩𝙝𝙖𝙣 𝘾𝙪𝙧𝙚
AGYW can reduce their risk of malaria by:
•	Sleeping under insecticide-treated nets (ITNs)
•	Keeping surroundings clean to prevent mosquito breeding
•	Using insect repellents when necessary
•	Seeking early testing when symptoms appear

𝙆𝙚𝙮 𝙈𝙚𝙨𝙨𝙖𝙜𝙚𝙨 𝙛𝙤𝙧 𝘼𝙂𝙔𝙒 (𝙈𝙚𝙣𝙩𝙤𝙧𝙨𝙝𝙞𝙥 𝙏𝙖𝙠𝙚𝙖𝙬𝙖𝙮𝙨)
•	Not every fever is malaria—always test before treatment
•	Avoid buying drugs without a proper diagnosis
•	Complete your medication as prescribed
•	Seek care from a qualified health facility
•	Protect yourself with preventive measures

𝘾𝙤𝙣𝙘𝙡𝙪𝙨𝙞𝙤𝙣
Self-medication may seem like a quick solution, but it can lead to serious health risks for AGYW. Proper malaria treatment—based on testing, correct medication, and professional guidance—is essential for effective recovery and long-term health. Empowering AGYW with the right knowledge will not only improve individual health outcomes but also contribute to stronger, healthier communities.
.","13","2026-04-13 17:56:46","2026-04-13 17:56:46"
"37","7","The Ordinary Cough Might Not Be Ordinary: Recognising Tuberculosis Early Symptoms",NULL,"articles/MaPeers&Me69dd319e3a3be8.18895841-H2zK-1776103838.png","𝙏𝙝𝙚 𝙊𝙧𝙙𝙞𝙣𝙖𝙧𝙮 𝘾𝙤𝙪𝙜𝙝 𝙈𝙞𝙜𝙝𝙩 𝙉𝙤𝙩 𝘽𝙚 𝙊𝙧𝙙𝙞𝙣𝙖𝙧𝙮: 𝙍𝙚𝙘𝙤𝙜𝙣𝙞𝙨𝙞𝙣𝙜 𝙏𝙪𝙗𝙚𝙧𝙘𝙪𝙡𝙤𝙨𝙞𝙨 𝙀𝙖𝙧𝙡𝙮 𝙎𝙮𝙢𝙥𝙩𝙤𝙢𝙨

𝙄𝙣𝙩𝙧𝙤𝙙𝙪𝙘𝙩𝙞𝙤𝙣
Cough is one of the most common health complaints, often dismissed as a minor illness. However, not every cough is harmless. In some cases, a persistent cough may be an early sign of Tuberculosis (TB)—a serious but treatable disease that continues to affect many people in Nigeria, including adolescents and young people.
For Adolescent Girls and Young Women (AGYW), early recognition of TB symptoms is critical for timely treatment, preventing complications, and reducing transmission within communities.

𝙒𝙝𝙖𝙩 𝙞𝙨 𝙏𝙪𝙗𝙚𝙧𝙘𝙪𝙡𝙤𝙨𝙞𝙨 (𝙏𝘽)?
Tuberculosis is an infectious disease caused by bacteria that primarily affect the lungs, though it can also affect other parts of the body. It spreads through the air when an infected person coughs, sneezes, or talks.
TB is curable and preventable, but delayed diagnosis can make it dangerous.

𝙒𝙝𝙮 𝙏𝘽 𝘼𝙬𝙖𝙧𝙚𝙣𝙚𝙨𝙨 𝙈𝙖𝙩𝙩𝙚𝙧𝙨 𝙛𝙤𝙧 𝘼𝙂𝙔𝙒
AGYW may be at risk due to:
•	Close contact in homes, schools, or workplaces
•	Limited awareness about TB symptoms
•	Stigma that discourages early care-seeking
•	Co-existing conditions such as HIV that increase vulnerability
Early detection saves lives and prevents spread to others.
When a Cough is Not “Ordinary”
A cough becomes a concern when it:
•	Lasts more than 2 weeks
•	Does not improve with usual medications
•	Keeps returning frequently
This type of cough should never be ignored.

𝙀𝙖𝙧𝙡𝙮 𝙎𝙮𝙢𝙥𝙩𝙤𝙢𝙨 𝙤𝙛 𝙏𝘽 𝙩𝙤 𝙒𝙖𝙩𝙘𝙝 𝙁𝙤𝙧
In addition to a persistent cough, other warning signs include:
1. Chest Pain
Pain when breathing or coughing may indicate lung involvement.
2. Coughing Up Blood
Even small amounts of blood in sputum is a serious warning sign.
3. Fever
Low-grade fever, especially in the evening.
4. Night Sweats
Waking up with excessive sweating at night.
5. Weight Loss
Unexplained weight loss despite normal eating habits.
6. Fatigue
Persistent tiredness and weakness.

𝘾𝙤𝙢𝙢𝙤𝙣 𝙈𝙞𝙨𝙘𝙤𝙣𝙘𝙚𝙥𝙩𝙞𝙤𝙣𝙨
Many people mistake TB symptoms for:
•	Malaria
•	“Ordinary cough” or catarrh
•	Stress or fatigue
This leads to self-medication, which delays proper diagnosis and treatment.

𝙒𝙝𝙮 𝙀𝙖𝙧𝙡𝙮 𝘿𝙚𝙩𝙚𝙘𝙩𝙞𝙤𝙣 𝙞𝙨 𝙄𝙢𝙥𝙤𝙧𝙩𝙖𝙣𝙩
Recognising TB early helps to:
•	Start treatment on time
•	Prevent severe illness and complications
•	Stop the spread of infection to family and friends
•	Improve chances of full recovery

𝙒𝙝𝙖𝙩 𝘼𝙂𝙔𝙒 𝙎𝙝𝙤𝙪𝙡𝙙 𝘿𝙤
If you or someone you know has symptoms:
1. Seek Medical Care Immediately
Visit a health facility for proper evaluation.
2. Get Tested
TB testing is free in many government health facilities in Nigeria.
3. Avoid Self-Medication
Do not rely on cough syrups or antibiotics without diagnosis.
4. Follow Treatment Strictly
TB treatment is effective but must be completed fully (usually 6 months or more).

𝙋𝙧𝙚𝙫𝙚𝙣𝙩𝙞𝙤𝙣 𝙏𝙞𝙥𝙨
•	Cover your mouth when coughing or sneezing
•	Ensure good ventilation in living spaces
•	Avoid close contact with untreated TB patients
•	Maintain good nutrition to strengthen immunity

𝙆𝙚𝙮 𝙈𝙚𝙨𝙨𝙖𝙜𝙚𝙨 𝙛𝙤𝙧 𝙈𝙚𝙣𝙩𝙤𝙧𝙨𝙝𝙞𝙥 𝙎𝙚𝙨𝙨𝙞𝙤𝙣
•	A cough lasting more than 2 weeks is not normal
•	TB is curable, especially when detected early
•	Do not ignore symptoms or self-medicate
•	Testing and treatment are accessible and often free
•	Protect yourself and others by acting early. 

𝘾𝙤𝙣𝙘𝙡𝙪𝙨𝙞𝙤𝙣
An “ordinary” cough may sometimes be a warning sign of something more serious like Tuberculosis. For AGYW, awareness and early action are powerful tools in preventing illness and saving lives. By recognising the symptoms and seeking proper care, young women can protect their health and contribute to healthier communities.","13","2026-04-13 18:10:38","2026-04-13 18:10:38"
"38","5","Human Rights and Health: What Every AGYW Needs to KnowIntroduction",NULL,"articles/MaPeers&Me69dd34d939ff81.16984048-JwKn-1776104665.png","𝙷𝚞𝚖𝚊𝚗 𝚁𝚒𝚐𝚑𝚝𝚜 𝚊𝚗𝚍 𝙷𝚎𝚊𝚕𝚝𝚑: 𝚆𝚑𝚊𝚝 𝙴𝚟𝚎𝚛𝚢 𝙰𝙶𝚈𝚆 𝙽𝚎𝚎𝚍𝚜 𝚝𝚘 𝙺𝚗𝚘𝚠

𝙄𝙣𝙩𝙧𝙤𝙙𝙪𝙘𝙩𝙞𝙤𝙣
Health is not just about visiting a hospital when you are sick—it is a fundamental human right; these rights are inalienable and are enshrined in chapter IV of the 1999 constitution as amended. For Adolescent Girls and Young Women (AGYW), understanding their rights is essential to accessing quality healthcare, protecting themselves from discrimination, and making informed decisions about their bodies and well-being.
In many communities, AGYW face barriers such as stigma, gender inequality, and lack of information, which prevent them from fully enjoying their health rights. This paper aims to empower AGYW with the knowledge they need to understand, claim, and protect their rights. 

𝙒𝙝𝙖𝙩 𝘼𝙧𝙚 𝙃𝙪𝙢𝙖𝙣 𝙍𝙞𝙜𝙝𝙩𝙨?
Human rights are basic freedoms and protections that belong to every individual simply because they are human. These rights are universal, meaning they apply to everyone regardless of age, gender, or background.
The right to health means that everyone has the right to:
•	Access quality healthcare services
•	Receive accurate health information
•	Be treated with dignity and respect 

𝙏𝙝𝙚 𝙍𝙞𝙜𝙝𝙩 𝙩𝙤 𝙃𝙚𝙖𝙡𝙩𝙝 𝙛𝙤𝙧 𝘼𝙂𝙔𝙒
AGYW have specific health needs, especially in areas such as:
•	Sexual and reproductive health (SRH)
•	HIV prevention and treatment
•	Maternal health
•	Mental health
Their rights include:
•	Access to youth-friendly health services
•	Confidential and private care
•	Non-judgmental treatment by healthcare providers
•	The ability to make informed decisions about their health

𝙆𝙚𝙮 𝙃𝙚𝙖𝙡𝙩𝙝 𝙍𝙞𝙜𝙝𝙩𝙨 𝙀𝙫𝙚𝙧𝙮 𝘼𝙂𝙔𝙒 𝙎𝙝𝙤𝙪𝙡𝙙 𝙆𝙣𝙤𝙬
1. Right to Access Healthcare
You have the right to visit a health facility and receive care without being denied because of your age, gender, or status.
2. Right to Information
You have the right to clear and accurate information about your health, including diseases, prevention, and treatment options.
3. Right to Privacy and Confidentiality
Your medical information must be kept private. Health workers should not share your information without your consent.
4. Right to Consent
You have the right to agree to or refuse treatment after receiving full information about it.
5. Right to Non-Discrimination
No one should treat you unfairly because of your gender, age, HIV status, or any other condition.

𝘾𝙤𝙢𝙢𝙤𝙣 𝘽𝙖𝙧𝙧𝙞𝙚𝙧𝙨 𝙁𝙖𝙘𝙚𝙙 𝙗𝙮 𝘼𝙂𝙔𝙒
Despite these rights, many AGYW experience:
•	Stigma when seeking services like HIV testing
•	Judgmental attitudes from healthcare providers
•	Lack of youth-friendly services
•	Cultural norms that limit decision-making power
These barriers can discourage AGYW from seeking care when they need it.

𝙒𝙝𝙮 𝙆𝙣𝙤𝙬𝙞𝙣𝙜 𝙔𝙤𝙪𝙧 𝙍𝙞𝙜𝙝𝙩𝙨 𝙈𝙖𝙩𝙩𝙚𝙧𝙨
Understanding your rights helps you to:
•	Seek care confidently
•	Ask questions and make informed decisions
•	Speak up when treated unfairly
•	Protect yourself from harmful practices
Knowledge is power, and being informed can save your life.

𝙒𝙝𝙖𝙩 𝙩𝙤 𝘿𝙤 𝙄𝙛 𝙔𝙤𝙪𝙧 𝙍𝙞𝙜𝙝𝙩𝙨 𝘼𝙧𝙚 𝙑𝙞𝙤𝙡𝙖𝙩𝙚𝙙
If you experience discrimination or poor treatment:
•	Report to the health facility management
•	Speak to a trusted adult, mentor, or counselor
•	Contact relevant health authorities or support organizations
You deserve to be treated with respect at all times.

𝙋𝙧𝙤𝙢𝙤𝙩𝙞𝙣𝙜 𝙍𝙚𝙨𝙥𝙚𝙘𝙩 𝙖𝙣𝙙 𝙍𝙚𝙨𝙥𝙤𝙣𝙨𝙞𝙗𝙞𝙡𝙞𝙩𝙮
While claiming your rights, it is also important to:
•	Respect healthcare providers and others
•	Follow medical advice when given
•	Share correct health information with peers
Creating a respectful environment improves healthcare for everyone.

𝙆𝙚𝙮 𝙈𝙚𝙨𝙨𝙖𝙜𝙚𝙨 𝙛𝙤𝙧 𝙈𝙚𝙣𝙩𝙤𝙧𝙨𝙝𝙞𝙥 𝙎𝙚𝙨𝙨𝙞𝙤𝙣
•	Health is a basic human right
•	You have the right to safe, respectful, and confidential care
•	No one should discriminate against you
•	Speak up if your rights are violated
•	Being informed helps you make better health decisions. 

𝘾𝙤𝙣𝙘𝙡𝙪𝙨𝙞𝙤𝙣
Every AGYW deserves access to quality healthcare without fear, stigma, or discrimination. Understanding human rights in health empowers young women to take control of their well-being and advocate for themselves and others. By promoting awareness and respect for these rights, we can build healthier, more inclusive communities.","13","2026-04-13 18:24:25","2026-04-13 18:24:25"
"39","9","Advocacy and Self-Agency: How AGYW Can Speak Up for Their Health and Rights",NULL,"articles/MaPeers&Me69dea5cc604476.49619286-5eZy-1776199116.png","𝘼𝙙𝙫𝙤𝙘𝙖𝙘𝙮 𝙖𝙣𝙙 𝙎𝙚𝙡𝙛-𝘼𝙜𝙚𝙣𝙘𝙮: 𝙃𝙤𝙬 𝘼𝙂𝙔𝙒 𝘾𝙖𝙣 𝙎𝙥𝙚𝙖𝙠 𝙐𝙥 𝙛𝙤𝙧 𝙏𝙝𝙚𝙞𝙧 𝙃𝙚𝙖𝙡𝙩𝙝 𝙖𝙣𝙙 𝙍𝙞𝙜𝙝𝙩𝙨

𝙄𝙣𝙩𝙧𝙤𝙙𝙪𝙘𝙩𝙞𝙤𝙣
Advocacy and self-agency are powerful tools that enable Adolescent Girls and Young Women (AGYW) to actively participate in decisions affecting their health, rights, and overall well-being. In many settings, AGYW face barriers such as stigma, gender inequality, and lack of information, which can limit their ability to access quality healthcare and express their needs. Developing self-agency empowers them to speak up, make informed choices, and demand respectful and equitable services.

𝙐𝙣𝙙𝙚𝙧𝙨𝙩𝙖𝙣𝙙𝙞𝙣𝙜 𝘼𝙙𝙫𝙤𝙘𝙖𝙘𝙮
Advocacy is the act of speaking up for oneself or others to influence decisions, policies, or practices that affect health and rights. For AGYW, advocacy can take different forms, including:
•	Speaking directly to healthcare providers about their needs
•	Reporting discrimination or poor treatment in health facilities
•	Educating peers about health and rights
•	Participating in youth or community decision-making spaces
Advocacy ensures that the voices of AGYW are heard and considered in health systems and society.

𝙒𝙝𝙖𝙩 𝙞𝙨 𝙎𝙚𝙡𝙛-𝘼𝙜𝙚𝙣𝙘𝙮?
Self-agency refers to the ability of an individual to:
•	Make independent and informed decisions
•	Act on those decisions confidently
•	Take responsibility for personal health and well-being
For AGYW, self-agency means having the confidence and knowledge to seek healthcare, ask questions, refuse harmful practices, and protect their rights without fear.

𝙒𝙝𝙮 𝘼𝙙𝙫𝙤𝙘𝙖𝙘𝙮 𝙖𝙣𝙙 𝙎𝙚𝙡𝙛-𝘼𝙜𝙚𝙣𝙘𝙮 𝙈𝙖𝙩𝙩𝙚𝙧 𝙛𝙤𝙧 𝘼𝙂𝙔𝙒
Empowering AGYW with advocacy and self-agency skills helps to:
•	Improve access to quality and youth-friendly health services
•	Reduce exposure to harmful practices such as self-medication and unsafe sexual behavior
•	Address stigma and discrimination in healthcare settings
•	Strengthen confidence in making reproductive and health decisions
•	Promote gender equality and social inclusion. 

𝘽𝙖𝙧𝙧𝙞𝙚𝙧𝙨 𝙩𝙤 𝙎𝙥𝙚𝙖𝙠𝙞𝙣𝙜 𝙐𝙥
Many AGYW may struggle to advocate for themselves due to:
•	Fear of judgment or stigma
•	Cultural norms that discourage young women from speaking out
•	Lack of knowledge about their rights
•	Power imbalance between patients and healthcare providers
•	Low confidence or communication skills
Recognizing these barriers is the first step toward overcoming them.

𝙃𝙤𝙬 𝘼𝙂𝙔𝙒 𝘾𝙖𝙣 𝙎𝙥𝙚𝙖𝙠 𝙐𝙥 𝙛𝙤𝙧 𝙏𝙝𝙚𝙞𝙧 𝙃𝙚𝙖𝙡𝙩𝙝 𝙖𝙣𝙙 𝙍𝙞𝙜𝙝𝙩𝙨
1. Know Your Rights
Understanding rights such as confidentiality, non-discrimination, and access to care builds confidence to speak up.
2. Ask Questions
AGYW should feel free to ask healthcare providers about diagnoses, treatments, and options available.
3. Use Youth-Friendly Services
Seek health facilities that respect privacy, confidentiality, and non-judgmental care.
4. Report Mistreatment
Speak to facility managers, mentors, or relevant authorities if treated unfairly.
5. Seek Support
Engage trusted peers, mentors, or community organizations when making health decisions.
6. Participate in Peer Education
Sharing knowledge with others strengthens collective voice and awareness.

𝘽𝙪𝙞𝙡𝙙𝙞𝙣𝙜 𝘾𝙤𝙣𝙛𝙞𝙙𝙚𝙣𝙘𝙚 𝙛𝙤𝙧 𝘼𝙙𝙫𝙤𝙘𝙖𝙘𝙮
AGYW can strengthen their self-agency by:
•	Accessing accurate health information
•	Participating in mentorship programs
•	Practicing communication skills
•	Building supportive peer networks
•	Challenging harmful myths and stereotypes

𝙆𝙚𝙮 𝙈𝙚𝙨𝙨𝙖𝙜𝙚𝙨
•	Advocacy means speaking up for your health and rights
•	Self-agency means taking control of your decisions confidently
•	Every AGYW has the right to respectful and quality healthcare
•	Silence can increase vulnerability—your voice matters
•	Empowered girls create healthier communities

𝘾𝙤𝙣𝙘𝙡𝙪𝙨𝙞𝙤𝙣
Advocacy and self-agency are essential for empowering AGYW to take charge of their health and rights. When young women are informed, confident, and supported, they can challenge inequality, demand better services, and make decisions that improve their lives. Strengthening these skills is key to building a healthier, more equitable society where every AGYW can thrive.","13","2026-04-14 20:38:36","2026-04-14 20:38:36"
"40","4","Overview of the Community iMonitor App in CLM",NULL,"articles/MaPeers&Me69e074237d4042.19908458-gDJA-1776317475.png","𝙊𝙫𝙚𝙧𝙫𝙞𝙚𝙬 𝙤𝙛 𝙩𝙝𝙚 𝙞𝙈𝙤𝙣𝙞𝙩𝙤𝙧 𝘼𝙥𝙥 𝙞𝙣 𝘾𝙤𝙢𝙢𝙪𝙣𝙞𝙩𝙮-𝙇𝙚𝙙 𝙈𝙤𝙣𝙞𝙩𝙤𝙧𝙞𝙣𝙜 (𝘾𝙇𝙈)
The iMonitor app is a digital platform developed to strengthen Community-Led Monitoring (CLM) by improving how data is collected, reported, and used. It serves as a tool for capturing real-time information on service delivery, client experiences, and system gaps across HIV, TB, and Malaria programs. By replacing paper-based processes, the app enhances data accuracy, timeliness, and accessibility, making it easier for stakeholders to respond to issues affecting key populations and other community members.


𝙐𝙨𝙚𝙧 𝙈𝙤𝙙𝙚𝙡 𝙤𝙛 𝙩𝙝𝙚 𝙞𝙈𝙤𝙣𝙞𝙩𝙤𝙧 𝘼𝙥𝙥 (𝘾𝙤𝙢𝙢𝙪𝙣𝙞𝙩𝙮 𝙎𝙚𝙡𝙛-𝙍𝙚𝙥𝙤𝙧𝙩𝙞𝙣𝙜 𝙁𝙚𝙖𝙩𝙪𝙧𝙚)
A key feature of the iMonitor app is its user model, which enables community members to independently report issues without relying on a data collector or community monitor. This model is designed to give individuals direct access to the platform, allowing them to share their experiences in a more private, safe, and convenient way.

Through this feature, users can report cases related to Gender and Human Rights (GHR) violations, stigma and discrimination, denial of services, or other challenges encountered while accessing healthcare. Each report submitted is automatically documented and securely stored within the system.

Importantly, the app does not only capture complaints but also supports case management and follow-up. Reported issues are tracked, reviewed by responsible personnel, and followed through until appropriate action is taken. This ensures that concerns raised by community members are not only heard but addressed.

This approach reduces underreporting, especially for sensitive issues, and strengthens trust between the community and service providers by ensuring confidentiality and accountability.


𝙄𝙢𝙥𝙖𝙘𝙩 𝙤𝙛 𝙩𝙝𝙚  𝙞𝙈𝙤𝙣𝙞𝙩𝙤𝙧 𝘼𝙥𝙥 𝙤𝙣 𝘾𝙇𝙈 𝙄𝙢𝙥𝙡𝙚𝙢𝙚𝙣𝙩𝙖𝙩𝙞𝙤𝙣
The introduction of the iMonitor app has significantly improved the effectiveness of CLM activities. Its real-time data reporting capability allows for quicker identification of service delivery gaps, including stock-outs, long waiting times, and negative provider attitudes.

The self-reporting user model further enhances the system by amplifying community voices, particularly for individuals who may not feel comfortable speaking through intermediaries. This has led to increased reporting of human rights-related issues and improved responsiveness from program implementers.

In addition, the availability of organized and reliable data supports evidence-based advocacy, helping organizations and stakeholders push for necessary changes in policies and service delivery practices.

Overall, the iMonitor app has made CLM more inclusive, responsive, and data-driven, contributing to improved healthcare services and stronger protection of community rights.","13","2026-04-16 05:31:15","2026-04-16 05:31:15"
"id","author_id","article_id","created_at","updated_at"
"id","name","email","password","photo","created_at","updated_at"
"key","value","expiration"
"key","owner","expiration"
"id","name","status","icon","description","created_at","updated_at"
"1","Drug Harm Reduction","1","categories/MaPeers&Me66e5ac9f89e811.91974265-Iz6O-1726327967.jpeg","Matters that Borders around economies of the world",NULL,"2024-09-14 15:32:47"
"2","Sports & Entertainment","1","categories/MaPeers&Me66e5ad5aefbd19.28311471-9DB1-1726328154.jpeg","Sports article just how you love it",NULL,"2024-09-14 15:35:54"
"4","HIV","1","categories/MaPeers&Me66e5ae52283ea6.67925405-j0Ql-1726328402.jpeg","All the political squables and intrigues here on this platform just as you love it.",NULL,"2024-09-14 15:40:02"
"5","Sexual & Reproductive Health & Rights","1","categories/MaPeers&Me66e5aed7c3c866.12196044-gCm2-1726328535.jpeg","Health is wealth as they say",NULL,"2024-09-14 15:42:15"
"6","Mental Health & Psychosocial Support","1","categories/MaPeers&Me66e5af512ab1a5.50317799-dMtY-1726328657.jpg","Educate the people and have a blissfull community.",NULL,"2024-09-14 15:44:17"
"7","General Wellness","1","categories/MaPeers&Me66e5afe92459f4.42962811-WcE8-1726328809.jpeg","Knowing about the past, how to better the now and prepare for and the future is very essential",NULL,"2024-09-14 15:46:49"
"8","Safety & Security","1","categories/MaPeers&Me66e5b05a039239.43885995-y9dg-1726328922.jpeg","Lets stroll through the times of jollying and self expressing",NULL,"2024-09-14 15:48:42"
"9","Human Rights","1","categories/MaPeers&Me66e59a497feab1.32329193-0PfG-1726323273.webp","Article Posts that borders around religion","2024-09-14 14:14:33","2024-09-14 14:14:33"
"id","body","from","to","body_type","is_reply","reply_id","admin_id","created_at","updated_at"
"id","user_id","admin_id","created_at","updated_at"
"id","uuid","connection","queue","payload","exception","failed_at"
"id","name","phone","address","expert_title","email","photo","expert_description","detail_address","created_at","updated_at"
"7","Dr Chinasa","07031955482","Caritas OSS Macurlary Street Abia State","Clinician","china'sa@gwihr.org.ng",NULL,"She's a a KP lead for Caritas a Non-governmental organization working for health and human rights in Nigeria.","Caritas OSS Macurlary Street Abia State","2024-11-05 12:03:15","2024-11-05 12:03:15"
"8","Ugonna  Susan","07031955482","St Joseph Hospital Umuahia Abia State","Therapist","susan@gwihr.org.ng",NULL,"A therapist working with St Joseph Hospital Umuahia","St Joseph Hospital Umuahia Abia State","2024-11-05 13:05:16","2024-11-05 13:05:16"
"9","Dr Uche","07031955482","New Era Hospital Umuahia Abia State","Consultant","nwaforjude42@gmail.com",NULL,"A consultant in New Era Hospital Umuahia a leading hospital with many specialist","New Era Hospital Umuahia Abia State","2024-11-06 05:51:21","2024-11-06 05:51:21"
"10","Pharmacy John","070319455482","General Hospital Arochukwu","Pharmacist","nwaforjude42@gmail.com",NULL,"Pharmacist in General Hospital Arochukwu","General Hospital Arochukwu","2024-11-06 05:53:29","2024-11-06 05:53:29"
"11","Dr Emeka","070319455482","Kings of Kings Hospital Ohafia","Clinician","nwaforjude42@gmail.com",NULL,"A qualified Clinician in Ohafia Abia State","Kings of Kings Hospital Ohafia","2024-11-06 05:55:32","2024-11-06 05:55:32"
"12","Ola Elizabeth Temitope","0706 2329649","GWIHR CCSC","Nurse","Elizabethtemitope@gwihr.org.ng",NULL,"A KP OSS nurse provides tailored treatment, manages HIV and STIs, and offers supportive counseling for key populations.","GWIHR CCSC","2025-06-28 10:50:10","2025-06-28 10:50:10"
"id","queue","payload","attempts","reserved_at","available_at","created_at"
"id","name","total_jobs","pending_jobs","failed_jobs","failed_job_ids","options","cancelled_at","created_at","finished_at"
"id","migration","batch"
"1","0001_01_01_000000_create_users_table","1"
"2","0001_01_01_000001_create_cache_table","1"
"3","0001_01_01_000002_create_jobs_table","1"
"4","2024_08_10_191211_create_roles_table","1"
"5","2024_08_10_191456_create_authors_table","1"
"6","2024_08_10_191516_create_admins_table","1"
"7","2024_08_10_191613_create_admin_roles_table","1"
"8","2024_08_10_191724_create_categories_table","1"
"9","2024_08_10_191735_create_articles_table","1"
"10","2024_08_10_191835_create_article_authors_table","1"
"11","2024_08_11_120342_create_sos_danger_types_table","1"
"12","2024_08_11_120411_create_sos_reports_table","1"
"13","2024_08_11_120834_create_professional_responders_table","1"
"14","2024_08_11_120851_create_chat_responders_table","1"
"15","2024_08_11_120913_create_chats_table","1"
"16","2024_08_11_120943_create_health_experts_table","1"
"17","2024_08_11_121036_create_appointments_table","1"
"18","2024_08_11_121437_create_personal_access_tokens_table","1"
"19","2024_08_11_121653_create_notifications_table","1"
"20","2024_08_12_003339_create_sos_files_table","1"
"21","2024_09_07_144327_create_sos_dangers_table","2"
"22","2024_09_07_145126_create_sliders_table","3"
"23","2024_10_03_134038_create_peer_fcm_tokens_table","4"
"24","2024_10_03_135015_create_admin_device_tokens_table","5"
"25","2024_11_03_135015_create_admin_push_notification_models_table","6"
"26","2024_11_05_135015_create_push_notification_models_table","7"
"id","type","notifiable_type","notifiable_id","data","read_at","created_at","updated_at"
"000c79cd-c977-437e-8fad-220b92d52be0","App\Notifications\WalletNotification","App\Models\User","7","{""message"":""Hi!  Welcome to our platform"",""action"":"""",""type"":""personal""}",NULL,"2024-07-23 19:54:23","2024-07-23 19:54:23"
"022833d7-97ac-400b-8541-b126f2b55847","App\Notifications\ErrandNotification","App\Models\User","7","{""message"":""Your report has been submitted"",""action"":"""",""type"":""personal""}",NULL,"2024-07-17 21:20:37","2024-07-17 21:20:37"
"022f98a0-5d45-401d-8bca-eb620115bb90","App\Notifications\ErrandNotification","App\Models\User","7","{""message"":""You just got a new chat"",""action"":"""",""type"":""personal""}",NULL,"2024-07-15 21:16:28","2024-07-15 21:16:28"
"033e4b8a-c77c-4c66-ba38-1fd32ed00f83","App\Notifications\ErrandNotification","App\Models\User","7","{""message"":""Your appointment is ready"",""action"":"""",""type"":""personal""}","2024-09-14 18:07:33","2024-09-01 04:38:48","2024-09-14 18:07:33"
"04dda46b-c740-4ded-b5cf-8dd85610c05b","App\Notifications\ErrandNotification","App\Models\User","7","{""message"":""Hey checkout our new article, you might love it\""Party Preparation\"""",""action"":"""",""type"":""personal""}",NULL,"2024-08-23 18:23:35","2024-08-23 18:23:35"
"05a140cb-7f6b-4d0d-9b9f-2a08f49fdec6","App\Notifications\ErrandNotification","App\Models\User","7","{""message"":""Your appointment is ready \""Party Preparation\"""",""action"":"""",""type"":""personal""}",NULL,"2024-08-24 11:58:59","2024-08-24 11:58:59"
"06bfa1e1-5e26-4160-acc7-b080eea13227","App\Notifications\ErrandNotification","App\Models\User","7","{""message"":""Hey we notice you just conclude your appointment, would love to give use feedback in the live chat\""Pickup and Delivery\"" has resumed once more at the task site"",""action"":"""",""type"":""personal""}",NULL,"2024-07-17 19:50:39","2024-07-17 19:50:39"
"0858d938-ec20-48e0-bea1-3f6d8eb320eb","App\Notifications\ErrandNotification","App\Models\User","7","{""message"":""Congratulations, you can now have your account for live\""Home Lesson Teacher\"""",""action"":"""",""type"":""personal""}",NULL,"2024-07-24 04:07:07","2024-07-24 04:07:07"
"092c2efc-9625-4075-bce3-7be5182a7757","App\Notifications\ErrandNotification","App\Models\User","7","{""message"":""Basic onboarding completed, you can now proceed to making your account permanent, by adding email and password\""Venue Preparation\"""",""action"":"""",""type"":""personal""}",NULL,"2024-07-23 19:51:42","2024-07-23 19:51:42"
"email","token","created_at"
"id","token","user_id","last_used","created_at","updated_at"
"1","fk3CMZaiRdq9V5oa6s_NN4:APA91bF8MeN8cN90esZWhqZB8JpFG24Kg7jyT1IrLVSwwc4PHx32WZ_VZaHCPL0-0shNAvV_wFN28F9pO3Dw0ndqF_tWehd7rck21Eht5l_jr5RzWLFxJ5yY4O8ceNzlmiXp0AmBLe0g","89",NULL,"2024-10-03 20:57:49","2024-10-03 20:57:49"
"2","dSztWmLpQCaOmhL1gbzAn6:APA91bFh7N_xofQmrGcwZ26SVnI3Y5_qULFMJbDQpQ9ZdU37JA8aNeJttLIGheIIQF6m4m6ABsbrxuaAg3Y2JrSaiMjiar6PGS12y1YdiEtp8bcL6uIfoe-LaA9KOEyEqRCwQlurHcJO","91",NULL,"2024-10-04 16:05:41","2024-10-04 16:05:41"
"3","cAuqINvoT62S_sINN9xcxE:APA91bEaftDM_p81_opPRGmdcoINzkXkRSiNKr4CXUT6uOxYBkL_NrDrkJ9EPffnfXFgNXItPm5SV4oJJwdaL4f4d_OvbuUzCpRfn7YRjttawxBhBH5X_IHgDZ4xKIeuWUbjGYmf8p1F","93",NULL,"2024-10-04 16:33:09","2024-10-04 16:33:09"
"4","dfSSC7eFTZa2dpuXKOfXCc:APA91bGDwfYjluwYREdMIC174a-PGvZfytkwax26Px1MzSh9QzDr_TmJErRPe86KqEemPL-nparwuEhnRXJurKC68TPC5haQJFI8dEWNr_m0PVKt65B71GEmZxThcDWTq7HvLh7OsZnk","94",NULL,"2024-10-04 16:47:55","2024-10-04 16:47:55"
"5","e1skIT3ITvOB4aH61b-tX4:APA91bGItdqyUXMGl9yiWbEdnH_QmP53dQDmdwY9Z2iyorUfq74fY8FlRNIdH8hRrkLI_jmOtE4I1LU0Q-YfaCtvmPCTKTwyfTMLtLL9Eh1t-hsvSdhey6PyoILmyOKu4PHtuNXXTbQ5","96",NULL,"2024-10-08 12:42:37","2024-10-08 12:42:37"
"6","fGjowlQmQxSmwoJH6pdANV:APA91bGADvOxRZRNtrXRYCwvntbpvfL2VJWTf9Ky4BDEhxiRcP8KY4q3oH3EExthoOW4F0BiliHbHGfjI7_Esr99TLBHJZYysTH1zk_OWf9rX2dI8E8MrQCN_svf-Y7VPKQ4iU6RpUy0","97",NULL,"2024-10-12 13:05:14","2024-10-12 13:05:14"
"7","dmJm3JgQTaC1goWfz25rS8:APA91bEwIyMZ-RU961yfBKyqIpZXHXHr3_vISuOVoB-B_1WogAbQmsNPIwa1VbzNqmbv3EIs6kYzcUo4KdqsU5xzSk6mr8AGpJNAl1YkigibyHgLFtO1KXdmSF77jBvYFqdpvgSGzAWz","98",NULL,"2024-10-12 14:57:38","2024-10-12 14:57:38"
"8","e0Zewn29Rc-EiDvHDvPD0u:APA91bH-7n-0oj1X_gciTnu055vKStdMv-C9ZyTpYk_M74IHBa-BLvOUzTvNUS75qHChiUJXwuxF6DEQv00NvO7mZRD-9HAze6hbQz6zC7ICVZ3VQCnCLzlNuPtn9xVuJaHzAd8wSlix","99",NULL,"2024-10-16 08:40:31","2024-10-16 08:40:31"
"9","eRMxoVuBRR-JseLm7x26f1:APA91bHFcDNRZK4gQcqmyJhzdJ5jy3YVqKwgauInNZJyC7hz_0OWcXtZ7hJytpxWX88-YE0RngaXoGuHZG6Q1IDyTGUbAQ0Tur3aLeJRE9y09dQ2qmefWX8VVqKwRZfIHoUyOAUDq7NS","100",NULL,"2024-10-24 03:28:07","2024-10-24 03:28:07"
"10","f44WnrCgQBaYS1RaVyXlpz:APA91bGKYY7o-Lp684a6s2DCUxgfXr6Iy1cTyUR_Umnj4Tt0MlqF2AxL__83tt9u3auUyds9BHAtODeQc3y6z12dGQfeCqOeMhFhTMDDB9NWlKiaXze4wObBev_V9OCHTUyZgniiOn-C","102",NULL,"2024-10-25 10:32:42","2024-10-25 10:32:42"
"11","dYJ9SR-_Rf6ZQGVA3zRYox:APA91bHYZHtKc9VaSw4D6YBYqNIYfgPaUZ44LLmaPPP5YjEHF_osktFFCrm6O5m9zDBCKZvwotEQTqz9PCqpp4Xfljty1W-XUC9W_ceoA_emanojF0Y8pjyRbRFrdl6e2U3fObo9G8Im","103",NULL,"2024-10-25 10:33:38","2024-10-25 10:33:38"
"12","eOStZNHnQG2hesTqw32uc2:APA91bHF1QTBpOVZBwotiUW3C6r9GpkRfpZa8vvoV7sfAjdI0sB9ErZXXLrNdFdkRsSk312HQrW8Y8lUQfmixLCHKL9FI76_VveOuh8A84i0lrrdAMcLcfYkb2ZyfYdXR3rNVO8kuXOi","104",NULL,"2024-10-25 10:43:27","2024-10-25 10:43:27"
"13","fSdjjDX2RMaszlqxgP2Sbd:APA91bFigEsmczaCXCeEgLXs_tsPBVDYaQ1rdbInMNKrMbXot7KbRI0dbrOYDJBq_j760F1T9Gmq-HFJnQff14cqRC_1TVJwxBNQMYV2er8hdn3BNNBs8IS6ky7h98bM_vnEs0_2udYF","105",NULL,"2024-10-25 10:46:02","2024-10-25 10:46:02"
"14","fsPRiXEjRcO6Cl7gC3IK11:APA91bHaG_eRA3TQuZE4R0cI1U-UmKcQpHXGYrbwOlZNklIEpnAD1GZr5qzm3QufvEkBRgygM8ZYSzMwH3xl-i8T_PVjyzYAReKEK3zOYuMGSVGk1wSNSc-el3lqW5454v8hHGbbJiqj","106",NULL,"2024-10-25 10:46:44","2024-10-25 10:46:44"
"15","dZPosakFTAOAAZUQM90MKo:APA91bHWF9Br056ZiZXUYojo2oT4Qe69dI9nEHSol_O7HxCceB7GNAozYFYOiB_zvCRvxEu8TdVRC2pDNqheDIWouGiFXj8MW_9bU1If_RBFF3tbzGmSyWvwkLaAy2MmEUzVHlfETBkS","107",NULL,"2024-10-25 10:47:22","2024-10-25 10:47:22"
"16","ebDwH2OEQOC49No3eElof2:APA91bF9DWxIJQuXZ7hI3Y8KAI8GlC2wwY9XsmS-Av0h2VMPJBzfaastRHIwRAOsF1QB5XN0aocKF-fRU_s840j_9WI0RxnzvRgyIVUpqrSF_HTrC6SiHPFDNEf2UG7SqwTm6qmixERl","108",NULL,"2024-10-26 14:54:40","2024-10-26 14:54:40"
"17","fvS_pkoFSVilfI-bkqBSQ7:APA91bEgckSixzolm9jzqpQBQcO2sj_oEuW3o6SArqgJutwPY1FZNQ5Y6hW0Xcu2c7FxKvLfCVUjQM_cme9-WnGr7b_m8h3uYTUKcganrzm_PiIxTkGIkKM","110",NULL,"2024-11-04 10:53:40","2024-11-04 10:53:40"
"18","euBzL82CTBCS-znOPH38K9:APA91bH86aQdvmydYLm6UL6DL_StE1jCAJJ6pqWUzyefPpD3qekR_-6-p5S044D4dxpgGOnmIYHCD5AO7l9vguHtdIi6NTjdZNYUl2KnRLwl8BIYLJ1D3bw","112",NULL,"2024-11-05 06:42:20","2024-11-05 06:42:20"
"19","djMiBVolSaOsjANfsdQtm3:APA91bHK1_CBUr_sfH3WF7-j3sT_TzdtTfS6ba9Ji9fw5-bXYK7aUbD7Pa8SHy7QCDvQYu0GEtIj6q7F3jVlbV8KGVlnalMZFsoDW3cB666AjljCL0QKj1I","113",NULL,"2024-11-05 06:44:43","2024-11-05 06:44:43"
"20","de5gEJHdRJ6-u2gxSq5Fnd:APA91bGGJixUJwdawLyU-f6X2g6Dn0YrZSScLkCCyb5xAnFylRsJGBl4dBjtM1dcnzZA-izNY4s_f4JQzecYu_jKvEe4vgWCB6XwZq9RM0o3gidqxfdDKeA","114",NULL,"2024-11-05 06:46:46","2024-11-05 06:46:46"
"21","dtzoRcjASQi6LrBPp_UAS2:APA91bFTndvjC8lyxyCEyOovIFT-Dlg6LBEyvEr8GK-FYuYdK3G79rBoQltwtw0t13gooagw3CJT-o6Mh0wuLn7-ZG5AIyo3HZjxzfYoqhba1Zh9x1vN9-Y","115",NULL,"2024-11-05 07:01:59","2024-11-05 07:01:59"
"22","fRm7PDa7Toi67Dh_C_m6JZ:APA91bExfd7iyTZFxQyh3PSfPATPF039MTyKTNn5ldCZVGRBwrXgkVAqFFpcfWV11v0-VNcsaFlBgt2dsAPtjuoV0pZjDcgbUoOaqMyYZ3I2T4Z4cRJFSMo","116",NULL,"2024-11-05 08:10:20","2024-11-05 08:10:20"
"23","f4njsFfyR5C8H4QGMzzpdL:APA91bEklzorFx3TGOZXfGgiQXkFhcgAXhEzo9-fBGSJ0kW2p_n_IEIgsnZ7LH8PAIyrdhYaFQ-rZRMr5RwDL_ukuYvMBt3rlEp4-_G3wdvzgJAGrB-OFcg","119",NULL,"2024-11-05 10:37:05","2024-11-05 10:37:05"
"24","d65JUHnFQ8iTj34VYF01vN:APA91bEzoz0E1A7SzdBQ1_klR-R_KZua8ofQRgej405Dy3IbwLqKKZurlwUXM2QaNq5ziajISZBu7IHF-MxijqNPPvBKopp39Z5sFAUOgcdxx8oroNGz6Vo","121",NULL,"2024-11-05 17:02:40","2024-11-05 17:02:40"
"25","cP7LEqfWTBeLFWG7AhW9e4:APA91bEoKovb47KjaGzgbZQUw1QQrJyVEm__XqClByNHqRx299OCSKU809eXWctaDfxY2LbsdUXEiSL5T9NmWsaRY84BTwJjAz9-TTIGCmYYqZoShwnSdKc","123",NULL,"2024-11-06 05:30:25","2024-11-06 05:30:25"
"26","dlG2jMNJRUyp7PasqUiFW6:APA91bHQxPrLo8I1QKPshW1IU-lrd39m2q8eTRxngd-bbu9JEOEOIfn6FNAMwZaWtlxP_9L9wIulhGtEdcATwj9Y9Oj_AT2Rm2Tdxf2mYRK64Hp7cnr-hOI","124",NULL,"2024-11-06 07:14:55","2024-11-06 07:14:55"
"27","fbzPUci0Tjug_bk2keLKi3:APA91bHf8pVUpbJVbfOBjLRzsKXL8piuEsh72R_iumy65tvvajKd5lAvPcuBWVln5llgYJwBEm3ycKLI5Duby4okzYtg7UyP5ZCZg2aV4_UzGODpxRnYM-E","129",NULL,"2024-11-06 11:40:02","2024-11-06 11:40:02"
"28","cHA91MgQSHu09ZRh3GPegn:APA91bEXr7PppKNFjlEyWutlMh4x7jz-Ti7lCe3q9sJs_5yI8Q8VNnPQgQL486ExGrQIlg_UBAo-J0cxn1rnGk1imB4N_F0odhsqnuP3E6WpD36GbuYDkmI","132",NULL,"2024-11-06 11:44:24","2024-11-06 11:44:24"
"29","cBw1thKGRy23pXIu2FBQNc:APA91bFaVATMR--k2cLa0K8kJo5FG_LgMcdopyUTelqse9fwHkVPPSExQIOjBNGfIwtEov18xivoZLvaBOkcA_AxjkMw5OMp_nbxt-VcSC1aT0jVAzhpHHw","135",NULL,"2024-11-06 11:44:56","2024-11-06 11:44:56"
"30","do5r2SADQUqhgD-G864Dr1:APA91bFlRWj91ihWn8fTG4jBH9zDcciQmzre5-CDnoh4kx6rdsPvpLbEaHLxgpn95t85j6zCpKT751ogAdGQRaRCBvm6i0xydqgwrXuyVsQwRrEpaSdlxAY","145",NULL,"2024-11-08 12:15:12","2024-11-08 12:15:12"
"31","cxzyS1JkQe6FOkVwiL71Sh:APA91bG8Yz_tQrErJ3osXkrydAwbySCa5kypI1uqtUYyGRWM7llv_V9r_r9I869EurXgdJiNQZoLC33FwCOwp3s-g3I1o8ZpI-ahOO6PgV2aq_Pu8oLS7Dg","147",NULL,"2024-11-08 12:20:03","2024-11-08 12:20:03"
"32","cgx4bpCeQr6hzpPj4H_aPi:APA91bHPUcXaqTYArI0MWUQY91rB_FvKIKXkEqgPUThETbajax2F3jxzvLnaaCnt_x-7JgK-S3muLaSdgGzEi0uXyYS4x7gWOwQSE5_oJsJqJVzqBppOrPs","150",NULL,"2024-11-08 12:25:10","2024-11-08 12:25:10"
"33","eMkQqpXMQO-fJM4i-Fj2E4:APA91bFegkN08OcDvINoujZI9CadSO1_xvFqHUJ490AJAQDsFI3k9m_bWQBfrk64o-6p0NurBfMMjgAWjI28t37tzvwG_RZEdVU_xXIG5k1EAcyP1GreI_M","153",NULL,"2024-11-09 05:52:22","2024-11-09 05:52:22"
"34","dDJ5x_q8TfCuHy09yUQWhU:APA91bGi36-V-k9m9t1xe6-K0WqluHDDP358eLf7UvrE4cBGV6kPd--sPx1GxTxF51yy-CAukZF62Ih72L3Sk-d9_wjDSIzmVG55EE--cKclzTmVzro7jWY","165",NULL,"2024-11-11 13:13:33","2024-11-11 13:13:33"
"35","dDJ5x_q8TfCuHy09yUQWhU:APA91bGi36-V-k9m9t1xe6-K0WqluHDDP358eLf7UvrE4cBGV6kPd--sPx1GxTxF51yy-CAukZF62Ih72L3Sk-d9_wjDSIzmVG55EE--cKclzTmVzro7jWY","166",NULL,"2024-11-11 13:14:29","2024-11-11 13:14:29"
"36","dDJ5x_q8TfCuHy09yUQWhU:APA91bGi36-V-k9m9t1xe6-K0WqluHDDP358eLf7UvrE4cBGV6kPd--sPx1GxTxF51yy-CAukZF62Ih72L3Sk-d9_wjDSIzmVG55EE--cKclzTmVzro7jWY","167",NULL,"2024-11-11 13:15:23","2024-11-11 13:15:23"
"37","dDJ5x_q8TfCuHy09yUQWhU:APA91bGi36-V-k9m9t1xe6-K0WqluHDDP358eLf7UvrE4cBGV6kPd--sPx1GxTxF51yy-CAukZF62Ih72L3Sk-d9_wjDSIzmVG55EE--cKclzTmVzro7jWY","168",NULL,"2024-11-11 13:16:04","2024-11-11 13:16:04"
"38","dDJ5x_q8TfCuHy09yUQWhU:APA91bGi36-V-k9m9t1xe6-K0WqluHDDP358eLf7UvrE4cBGV6kPd--sPx1GxTxF51yy-CAukZF62Ih72L3Sk-d9_wjDSIzmVG55EE--cKclzTmVzro7jWY","169",NULL,"2024-11-11 13:17:00","2024-11-11 13:17:00"
"39","frL16xTbRCuB0JTxt2gNeP:APA91bH0-7POkcs2WZyf8q70bIpSzB3czjpoRn0qBYEwa_yEWAh1rikp-fAVyHZVznFI8dFB0Z7Jci923265mMPSOeTPOAdx8w3zf02AZkJ-BObKDMidNYI","173",NULL,"2024-11-11 13:25:41","2024-11-11 13:25:41"
"40","frL16xTbRCuB0JTxt2gNeP:APA91bH0-7POkcs2WZyf8q70bIpSzB3czjpoRn0qBYEwa_yEWAh1rikp-fAVyHZVznFI8dFB0Z7Jci923265mMPSOeTPOAdx8w3zf02AZkJ-BObKDMidNYI","174",NULL,"2024-11-11 13:32:40","2024-11-11 13:32:40"
"41","frL16xTbRCuB0JTxt2gNeP:APA91bH0-7POkcs2WZyf8q70bIpSzB3czjpoRn0qBYEwa_yEWAh1rikp-fAVyHZVznFI8dFB0Z7Jci923265mMPSOeTPOAdx8w3zf02AZkJ-BObKDMidNYI","175",NULL,"2024-11-11 13:34:24","2024-11-11 13:34:24"
"42","frL16xTbRCuB0JTxt2gNeP:APA91bH0-7POkcs2WZyf8q70bIpSzB3czjpoRn0qBYEwa_yEWAh1rikp-fAVyHZVznFI8dFB0Z7Jci923265mMPSOeTPOAdx8w3zf02AZkJ-BObKDMidNYI","176",NULL,"2024-11-11 13:34:31","2024-11-11 13:34:31"
"43","frL16xTbRCuB0JTxt2gNeP:APA91bH0-7POkcs2WZyf8q70bIpSzB3czjpoRn0qBYEwa_yEWAh1rikp-fAVyHZVznFI8dFB0Z7Jci923265mMPSOeTPOAdx8w3zf02AZkJ-BObKDMidNYI","177",NULL,"2024-11-11 13:37:40","2024-11-11 13:37:40"
"44","frL16xTbRCuB0JTxt2gNeP:APA91bH0-7POkcs2WZyf8q70bIpSzB3czjpoRn0qBYEwa_yEWAh1rikp-fAVyHZVznFI8dFB0Z7Jci923265mMPSOeTPOAdx8w3zf02AZkJ-BObKDMidNYI","178",NULL,"2024-11-11 13:38:30","2024-11-11 13:38:30"
"45","frL16xTbRCuB0JTxt2gNeP:APA91bH0-7POkcs2WZyf8q70bIpSzB3czjpoRn0qBYEwa_yEWAh1rikp-fAVyHZVznFI8dFB0Z7Jci923265mMPSOeTPOAdx8w3zf02AZkJ-BObKDMidNYI","179",NULL,"2024-11-11 13:42:46","2024-11-11 13:42:46"
"46","frL16xTbRCuB0JTxt2gNeP:APA91bH0-7POkcs2WZyf8q70bIpSzB3czjpoRn0qBYEwa_yEWAh1rikp-fAVyHZVznFI8dFB0Z7Jci923265mMPSOeTPOAdx8w3zf02AZkJ-BObKDMidNYI","180",NULL,"2024-11-11 13:43:34","2024-11-11 13:43:34"
"47","eFHpOHNwSxWFqlyyCxduQa:APA91bEwjrooPGkor3wPV61kBJ_TBVqgrO97EQx1H28N6vjdu3txnBnMPHCnqqNKHoitQ0rCwduZMe0yLWP4z7B329d_u235Jb8TWny8X5X-6zCBUQ3WCzE","187",NULL,"2024-11-11 13:46:26","2024-11-11 13:46:26"
"48","eFHpOHNwSxWFqlyyCxduQa:APA91bEwjrooPGkor3wPV61kBJ_TBVqgrO97EQx1H28N6vjdu3txnBnMPHCnqqNKHoitQ0rCwduZMe0yLWP4z7B329d_u235Jb8TWny8X5X-6zCBUQ3WCzE","188",NULL,"2024-11-11 13:46:42","2024-11-11 13:46:42"
"49","eFHpOHNwSxWFqlyyCxduQa:APA91bEwjrooPGkor3wPV61kBJ_TBVqgrO97EQx1H28N6vjdu3txnBnMPHCnqqNKHoitQ0rCwduZMe0yLWP4z7B329d_u235Jb8TWny8X5X-6zCBUQ3WCzE","189",NULL,"2024-11-11 13:46:48","2024-11-11 13:46:48"
"50","eFHpOHNwSxWFqlyyCxduQa:APA91bEwjrooPGkor3wPV61kBJ_TBVqgrO97EQx1H28N6vjdu3txnBnMPHCnqqNKHoitQ0rCwduZMe0yLWP4z7B329d_u235Jb8TWny8X5X-6zCBUQ3WCzE","190",NULL,"2024-11-11 13:46:52","2024-11-11 13:46:52"
"51","eFHpOHNwSxWFqlyyCxduQa:APA91bEwjrooPGkor3wPV61kBJ_TBVqgrO97EQx1H28N6vjdu3txnBnMPHCnqqNKHoitQ0rCwduZMe0yLWP4z7B329d_u235Jb8TWny8X5X-6zCBUQ3WCzE","191",NULL,"2024-11-11 13:46:57","2024-11-11 13:46:57"
"52","frL16xTbRCuB0JTxt2gNeP:APA91bH0-7POkcs2WZyf8q70bIpSzB3czjpoRn0qBYEwa_yEWAh1rikp-fAVyHZVznFI8dFB0Z7Jci923265mMPSOeTPOAdx8w3zf02AZkJ-BObKDMidNYI","192",NULL,"2024-11-11 13:47:17","2024-11-11 13:47:17"
"53","eFHpOHNwSxWFqlyyCxduQa:APA91bEwjrooPGkor3wPV61kBJ_TBVqgrO97EQx1H28N6vjdu3txnBnMPHCnqqNKHoitQ0rCwduZMe0yLWP4z7B329d_u235Jb8TWny8X5X-6zCBUQ3WCzE","193",NULL,"2024-11-11 13:47:33","2024-11-11 13:47:33"
"54","eFHpOHNwSxWFqlyyCxduQa:APA91bEwjrooPGkor3wPV61kBJ_TBVqgrO97EQx1H28N6vjdu3txnBnMPHCnqqNKHoitQ0rCwduZMe0yLWP4z7B329d_u235Jb8TWny8X5X-6zCBUQ3WCzE","194",NULL,"2024-11-11 13:47:52","2024-11-11 13:47:52"
"55","eFHpOHNwSxWFqlyyCxduQa:APA91bEwjrooPGkor3wPV61kBJ_TBVqgrO97EQx1H28N6vjdu3txnBnMPHCnqqNKHoitQ0rCwduZMe0yLWP4z7B329d_u235Jb8TWny8X5X-6zCBUQ3WCzE","195",NULL,"2024-11-11 13:47:55","2024-11-11 13:47:55"
"56","eFHpOHNwSxWFqlyyCxduQa:APA91bEwjrooPGkor3wPV61kBJ_TBVqgrO97EQx1H28N6vjdu3txnBnMPHCnqqNKHoitQ0rCwduZMe0yLWP4z7B329d_u235Jb8TWny8X5X-6zCBUQ3WCzE","196",NULL,"2024-11-11 13:49:22","2024-11-11 13:49:22"
"57","eFHpOHNwSxWFqlyyCxduQa:APA91bEwjrooPGkor3wPV61kBJ_TBVqgrO97EQx1H28N6vjdu3txnBnMPHCnqqNKHoitQ0rCwduZMe0yLWP4z7B329d_u235Jb8TWny8X5X-6zCBUQ3WCzE","197",NULL,"2024-11-11 14:09:41","2024-11-11 14:09:41"
"58","eFHpOHNwSxWFqlyyCxduQa:APA91bEwjrooPGkor3wPV61kBJ_TBVqgrO97EQx1H28N6vjdu3txnBnMPHCnqqNKHoitQ0rCwduZMe0yLWP4z7B329d_u235Jb8TWny8X5X-6zCBUQ3WCzE","198",NULL,"2024-11-11 14:09:54","2024-11-11 14:09:54"
"59","eFHpOHNwSxWFqlyyCxduQa:APA91bEwjrooPGkor3wPV61kBJ_TBVqgrO97EQx1H28N6vjdu3txnBnMPHCnqqNKHoitQ0rCwduZMe0yLWP4z7B329d_u235Jb8TWny8X5X-6zCBUQ3WCzE","199",NULL,"2024-11-11 14:10:09","2024-11-11 14:10:09"
"60","eFHpOHNwSxWFqlyyCxduQa:APA91bEwjrooPGkor3wPV61kBJ_TBVqgrO97EQx1H28N6vjdu3txnBnMPHCnqqNKHoitQ0rCwduZMe0yLWP4z7B329d_u235Jb8TWny8X5X-6zCBUQ3WCzE","202",NULL,"2024-11-11 21:03:26","2024-11-11 21:03:26"
"61","eZOeAx3KTlCpVhRt9cd2g2:APA91bFSv9YKtOo8888cd8Nq7HSTdhfQULUARMupXi3ZN4d5iwpj-MTa2McPuyIYcFcRhbKwRohNZwyxDZvNN3cU1LyT7BOK9lrmpYgy2-qJMcdTVuGZJ4c","205",NULL,"2024-11-13 10:15:12","2024-11-13 10:15:12"
"62","d8CN-9-YSieLnQWkvC7A-y:APA91bFrw6w1ACUQK6UoOcc93Tm2Y-0BTmhq1QIcRTAjl8ycdiYkBKPGRMTVTg0rQRMDtnkq6tgO4BOkDeJPTxgr9aMLjSnu7aLELX3nYmxCYQbp7LszHEw","206",NULL,"2024-11-13 13:00:35","2024-11-13 13:00:35"
"63","fvQ4Hi0vRKSN4alpKAdJ7N:APA91bFElPOXyupgAXE2MUT8kE2FCWwdfpVDtzDOD8Fu9hB2CQsydL27Ik4nl38dZELR-AZhWuq6d_gh3t_36LZN0Kkhxe4dN0pi1yaEVPuim6_6CbIq3cM","207",NULL,"2024-11-13 15:37:42","2024-11-13 15:37:42"
"64","dAMCgPe5SI-Gs7BwUJaLtm:APA91bGmMO6nLh4iujU5qomNt89QYeCJRt5Lilv-mgnQzAkXioHZI71ApA41v1wsLgSEo54Wv6srlnkdheLDxCsKaJSEfzCYDOTIWR4ySCkUIYCeWhT0D5g","208",NULL,"2024-11-13 16:14:45","2024-11-13 16:14:45"
"65","e9loal7tR12Jn70Mf0yJge:APA91bGuGaQ5qqZYSlQtM305f3z7pw9_2voBOl-Yh-NLFCYgJneizATPGJXweDRVdZTj5RRo5M0Nvr32mnyEldxMpbWCtvO1O1Lw6MetV__JVJLvytIK65c","210",NULL,"2024-11-13 21:08:21","2024-11-13 21:08:21"
"66","ccpZRMSlTTeBqwu0CdvXUK:APA91bEnfrzxrfMakYaPVSD_JVkiqxO3l7m_PxxW8_5i7raHi233o-u3S2FEx48JDPTWEmbksHP-lPJHaNdrqtnjgar9obCaKvAfwpQfc10d39Db-DT9FAA","212",NULL,"2024-11-14 19:48:10","2024-11-14 19:48:10"
"67","fJcqnjCSST6VNANFSn_zyZ:APA91bFuZrkXT6Mnfkw_Ke4xjkROReztabxkPux7gWZZ5eWxtE6lPAvY87xg1z9o-d6ehW5kGakJfv4bYCg56x6x4_YadbVyomO8v7xuqV4yTogtZKzHYLA","213",NULL,"2024-11-15 10:15:36","2024-11-15 10:15:36"
"68","fJcqnjCSST6VNANFSn_zyZ:APA91bFuZrkXT6Mnfkw_Ke4xjkROReztabxkPux7gWZZ5eWxtE6lPAvY87xg1z9o-d6ehW5kGakJfv4bYCg56x6x4_YadbVyomO8v7xuqV4yTogtZKzHYLA","214",NULL,"2024-11-15 10:16:32","2024-11-15 10:16:32"
"69","fJcqnjCSST6VNANFSn_zyZ:APA91bFuZrkXT6Mnfkw_Ke4xjkROReztabxkPux7gWZZ5eWxtE6lPAvY87xg1z9o-d6ehW5kGakJfv4bYCg56x6x4_YadbVyomO8v7xuqV4yTogtZKzHYLA","215",NULL,"2024-11-15 10:16:36","2024-11-15 10:16:36"
"70","fJcqnjCSST6VNANFSn_zyZ:APA91bFuZrkXT6Mnfkw_Ke4xjkROReztabxkPux7gWZZ5eWxtE6lPAvY87xg1z9o-d6ehW5kGakJfv4bYCg56x6x4_YadbVyomO8v7xuqV4yTogtZKzHYLA","216",NULL,"2024-11-15 10:16:41","2024-11-15 10:16:41"
"71","fJcqnjCSST6VNANFSn_zyZ:APA91bFuZrkXT6Mnfkw_Ke4xjkROReztabxkPux7gWZZ5eWxtE6lPAvY87xg1z9o-d6ehW5kGakJfv4bYCg56x6x4_YadbVyomO8v7xuqV4yTogtZKzHYLA","218",NULL,"2024-11-15 10:16:53","2024-11-15 10:16:53"
"72","fJcqnjCSST6VNANFSn_zyZ:APA91bFuZrkXT6Mnfkw_Ke4xjkROReztabxkPux7gWZZ5eWxtE6lPAvY87xg1z9o-d6ehW5kGakJfv4bYCg56x6x4_YadbVyomO8v7xuqV4yTogtZKzHYLA","222",NULL,"2024-11-15 10:17:43","2024-11-15 10:17:43"
"73","fJcqnjCSST6VNANFSn_zyZ:APA91bFuZrkXT6Mnfkw_Ke4xjkROReztabxkPux7gWZZ5eWxtE6lPAvY87xg1z9o-d6ehW5kGakJfv4bYCg56x6x4_YadbVyomO8v7xuqV4yTogtZKzHYLA","223",NULL,"2024-11-15 10:17:50","2024-11-15 10:17:50"
"74","fJcqnjCSST6VNANFSn_zyZ:APA91bFuZrkXT6Mnfkw_Ke4xjkROReztabxkPux7gWZZ5eWxtE6lPAvY87xg1z9o-d6ehW5kGakJfv4bYCg56x6x4_YadbVyomO8v7xuqV4yTogtZKzHYLA","224",NULL,"2024-11-15 10:17:54","2024-11-15 10:17:54"
"75","fJcqnjCSST6VNANFSn_zyZ:APA91bFuZrkXT6Mnfkw_Ke4xjkROReztabxkPux7gWZZ5eWxtE6lPAvY87xg1z9o-d6ehW5kGakJfv4bYCg56x6x4_YadbVyomO8v7xuqV4yTogtZKzHYLA","226",NULL,"2024-11-15 10:18:01","2024-11-15 10:18:01"
"76","fJcqnjCSST6VNANFSn_zyZ:APA91bFuZrkXT6Mnfkw_Ke4xjkROReztabxkPux7gWZZ5eWxtE6lPAvY87xg1z9o-d6ehW5kGakJfv4bYCg56x6x4_YadbVyomO8v7xuqV4yTogtZKzHYLA","228",NULL,"2024-11-15 10:18:11","2024-11-15 10:18:11"
"77","fJcqnjCSST6VNANFSn_zyZ:APA91bFuZrkXT6Mnfkw_Ke4xjkROReztabxkPux7gWZZ5eWxtE6lPAvY87xg1z9o-d6ehW5kGakJfv4bYCg56x6x4_YadbVyomO8v7xuqV4yTogtZKzHYLA","229",NULL,"2024-11-15 10:18:30","2024-11-15 10:18:30"
"78","fJcqnjCSST6VNANFSn_zyZ:APA91bFuZrkXT6Mnfkw_Ke4xjkROReztabxkPux7gWZZ5eWxtE6lPAvY87xg1z9o-d6ehW5kGakJfv4bYCg56x6x4_YadbVyomO8v7xuqV4yTogtZKzHYLA","230",NULL,"2024-11-15 10:18:38","2024-11-15 10:18:38"
"79","fJcqnjCSST6VNANFSn_zyZ:APA91bFuZrkXT6Mnfkw_Ke4xjkROReztabxkPux7gWZZ5eWxtE6lPAvY87xg1z9o-d6ehW5kGakJfv4bYCg56x6x4_YadbVyomO8v7xuqV4yTogtZKzHYLA","233",NULL,"2024-11-15 10:18:56","2024-11-15 10:18:56"
"80","fJcqnjCSST6VNANFSn_zyZ:APA91bFuZrkXT6Mnfkw_Ke4xjkROReztabxkPux7gWZZ5eWxtE6lPAvY87xg1z9o-d6ehW5kGakJfv4bYCg56x6x4_YadbVyomO8v7xuqV4yTogtZKzHYLA","235",NULL,"2024-11-15 10:19:04","2024-11-15 10:19:04"
"81","fJcqnjCSST6VNANFSn_zyZ:APA91bFuZrkXT6Mnfkw_Ke4xjkROReztabxkPux7gWZZ5eWxtE6lPAvY87xg1z9o-d6ehW5kGakJfv4bYCg56x6x4_YadbVyomO8v7xuqV4yTogtZKzHYLA","237",NULL,"2024-11-15 10:19:36","2024-11-15 10:19:36"
"82","fJcqnjCSST6VNANFSn_zyZ:APA91bFuZrkXT6Mnfkw_Ke4xjkROReztabxkPux7gWZZ5eWxtE6lPAvY87xg1z9o-d6ehW5kGakJfv4bYCg56x6x4_YadbVyomO8v7xuqV4yTogtZKzHYLA","243",NULL,"2024-11-15 10:21:14","2024-11-15 10:21:14"
"83","fJcqnjCSST6VNANFSn_zyZ:APA91bFuZrkXT6Mnfkw_Ke4xjkROReztabxkPux7gWZZ5eWxtE6lPAvY87xg1z9o-d6ehW5kGakJfv4bYCg56x6x4_YadbVyomO8v7xuqV4yTogtZKzHYLA","248",NULL,"2024-11-15 10:21:46","2024-11-15 10:21:46"
"84","fJcqnjCSST6VNANFSn_zyZ:APA91bFuZrkXT6Mnfkw_Ke4xjkROReztabxkPux7gWZZ5eWxtE6lPAvY87xg1z9o-d6ehW5kGakJfv4bYCg56x6x4_YadbVyomO8v7xuqV4yTogtZKzHYLA","251",NULL,"2024-11-15 10:22:19","2024-11-15 10:22:19"
"85","fJcqnjCSST6VNANFSn_zyZ:APA91bFuZrkXT6Mnfkw_Ke4xjkROReztabxkPux7gWZZ5eWxtE6lPAvY87xg1z9o-d6ehW5kGakJfv4bYCg56x6x4_YadbVyomO8v7xuqV4yTogtZKzHYLA","283",NULL,"2024-11-15 10:38:31","2024-11-15 10:38:31"
"86","fJcqnjCSST6VNANFSn_zyZ:APA91bFuZrkXT6Mnfkw_Ke4xjkROReztabxkPux7gWZZ5eWxtE6lPAvY87xg1z9o-d6ehW5kGakJfv4bYCg56x6x4_YadbVyomO8v7xuqV4yTogtZKzHYLA","284",NULL,"2024-11-15 10:38:34","2024-11-15 10:38:34"
"87","fJcqnjCSST6VNANFSn_zyZ:APA91bFuZrkXT6Mnfkw_Ke4xjkROReztabxkPux7gWZZ5eWxtE6lPAvY87xg1z9o-d6ehW5kGakJfv4bYCg56x6x4_YadbVyomO8v7xuqV4yTogtZKzHYLA","285",NULL,"2024-11-15 10:38:39","2024-11-15 10:38:39"
"88","fJcqnjCSST6VNANFSn_zyZ:APA91bFuZrkXT6Mnfkw_Ke4xjkROReztabxkPux7gWZZ5eWxtE6lPAvY87xg1z9o-d6ehW5kGakJfv4bYCg56x6x4_YadbVyomO8v7xuqV4yTogtZKzHYLA","286",NULL,"2024-11-15 10:38:43","2024-11-15 10:38:43"
"89","d_w0-MpgR0OS3cf8ogf_8m:APA91bH9xyRHK2CNf4q2p_olcfdazoc_7Lnet6j_SMgcXfp4KUxCIwhKEAkm_rXRItZoCG7znk9NbtEwdY5F-t3DPhug73G-eZ1JtsxS1IlmDQqLzVQ-CFg","330",NULL,"2024-11-19 12:52:18","2024-11-19 12:52:18"
"90","d_w0-MpgR0OS3cf8ogf_8m:APA91bH9xyRHK2CNf4q2p_olcfdazoc_7Lnet6j_SMgcXfp4KUxCIwhKEAkm_rXRItZoCG7znk9NbtEwdY5F-t3DPhug73G-eZ1JtsxS1IlmDQqLzVQ-CFg","331",NULL,"2024-11-19 12:52:23","2024-11-19 12:52:23"
"91","f1UZW5rOQwGPtH1ro0cAsV:APA91bGN5BKCciXqU-ua2pYjs6ykyRqo1WBCWMrXaRqKbf8yBI9nhmFcHLQYrDdhQpzzjjNYjWsYhv4P7jNhz9fO3Bw5yNDQw8cxk0VbO7ryMDijyU4ZLh8","332",NULL,"2024-11-21 10:47:59","2024-11-21 10:47:59"
"92","e3mbGZ00Sm-yjKI9V5FUGs:APA91bEUyfmy-_CTVPUqSDnpmDFSACDX1CFQkZAv5mZeRsPICAax0zneyJVKoaQeAkBFc9ZSUAY0OtJo9tgBcOMoh3ZoAYki-UHVqmYF4POyWzJuxYoPW6o","335",NULL,"2024-11-22 12:42:02","2024-11-22 12:42:02"
"93","e3mbGZ00Sm-yjKI9V5FUGs:APA91bEUyfmy-_CTVPUqSDnpmDFSACDX1CFQkZAv5mZeRsPICAax0zneyJVKoaQeAkBFc9ZSUAY0OtJo9tgBcOMoh3ZoAYki-UHVqmYF4POyWzJuxYoPW6o","336",NULL,"2024-11-22 12:42:12","2024-11-22 12:42:12"
"94","e3mbGZ00Sm-yjKI9V5FUGs:APA91bEUyfmy-_CTVPUqSDnpmDFSACDX1CFQkZAv5mZeRsPICAax0zneyJVKoaQeAkBFc9ZSUAY0OtJo9tgBcOMoh3ZoAYki-UHVqmYF4POyWzJuxYoPW6o","337",NULL,"2024-11-22 12:42:20","2024-11-22 12:42:20"
"95","fJgmqEfMQPmLiytFfUbYs3:APA91bGUnt-tYFbJKB5J7Wpm3RbEnXP7AHpFPvApCU3UFu9Vk3mvIzoLeckc7iuDaPniD6HTQeTBSfVkHqyNObd-SUgm--qcj1GRhJDSIoh3iLn3r78b8nM","338",NULL,"2025-02-11 10:27:38","2025-02-11 10:27:38"
"96","eKXHzmkeQTGoEz7I9ZiFEl:APA91bE5HjTZsc1X0L7fVunrX9WAHS7j1mPO0AXroc-om65ABaUZAxqqmKAGOYv2j6I5-3tWdAQ8noc1d-ZE46Ed6jrbrTgGobEVtYjQUf-koGoNRpOE4z4","348","2025-02-17 13:47:58",NULL,NULL
"97","dfeqCN5MQKaEfMy_m81sFP:APA91bEfxd0gXtDE8Rm6cHjpxbXYVUCL1UHrMe1CoI_ezwDbICPmwgX40jpJrsVGFg6yswp8MH9U2ICm1KuR3hxcNs6vt4ExiuisgBkxOrCwcJMTtL-hHG8","353",NULL,"2025-02-20 07:15:25","2025-02-20 07:15:25"
"98","sikekdkslsls","7",NULL,"2025-02-20 14:27:35","2025-02-20 14:27:35"
"99","dx0kY2U1TwKhfVyiv6Ghqd:APA91bHjWsOioCqND4VYSzeyeGwrdJjMhT8PTcsE5LpT1AQD8_9pOx6mdz47PrWedqwi8YbF3ERx5UVhXPnmyHbRKk8RxwGhW5R-clwEzs4Tf7gEyxomCaE","354",NULL,"2025-02-20 14:31:00","2025-02-20 14:31:00"
"100","c9kAxllHRRGYChHgDbDDAf:APA91bHzed9Qx6YIsMAIB24KjHZV5-NuPycxbYsQShwaIKgi41S6RXi3Zp_-cUsU0F_44UqHq4DoBSwkxEQtB3AntLAnEsX6wE1mf-BbVcp79YfMN3OH82k","355",NULL,"2025-02-20 15:29:30","2025-02-20 15:29:30"
"101","fCy1S-iqRnqVZp5ePmjcBY:APA91bFQfhOfvAqWtG5Xl39JQH4HaghiJLMQrX1e8gFAeAuhOXh5PoLohucf0cTYfXi7s5eWva1hu-LSx_4tDLZt6_LYNBrNJJydHmTLDUaqqWWmQh986Jw","346",NULL,"2025-02-20 19:02:28","2025-02-20 19:02:28"
"102","eZGzMe2jQkKXhYgvnzaNN0:APA91bHbJah9AJNv1JIWpWlUjy9IXCyEivdSOCD7S-a9YHAC9Nl01LJ1M-S_F5HFJSiUIHpFzPN3sA3oq7olnAf70yuJ0RP0qlOjPIy-XLItDK3ZcaiScfw","357",NULL,"2025-02-21 07:56:56","2025-02-21 07:56:56"
"103","fO-c3KKBQ8-8ZCywGfRqwk:APA91bE83BkaYGXYOoTLp_nCQOwvtUipXNPcpGLaHa5wcBZibrcOoT32c-c3CzYcJ1Yw-s1qjjoekezLOh7PSS8Bo5hlEua9wGSsn0-2b46boipli9Wuxno","359",NULL,"2025-02-23 03:50:42","2025-02-23 03:50:42"
"104","dRuyHAZQSw2oqcEucu3O_r:APA91bHTIn2Cs6OEFc-cftKxMAj-k5riGftsd2jCkiazZ3rDoePrDRHSWgP91UhmIvcIFS81vVZfY78w6S8f1Ey7P8ezZwR6UEIHJgsSsqhvyxvbrqM9BFo","360",NULL,"2025-02-24 03:45:26","2025-02-24 03:45:26"
"105","daatzWGiSZCeMpEZFrNy2p:APA91bG3YesblcH71E17S9b7cN5ia1fDSuvHc5advEui-pU73PQvdwd-gSZnNTxiNSgqXMnJ2t2YJ92dHeZlxspLJSUxu2NfrQB2DK9X4NRIDtRCQsWQ6t8","362",NULL,"2025-02-25 02:25:26","2025-02-25 02:25:26"
"106","eqslezIGS1mI3J3shIf2t5:APA91bEboaiXapsXjPxULalQPVDm7QCZKxCqPephitFt2c9PnqQ3kFVOPkuN8o1mhiT_sXFpdzZEQ4BQ1sGnAVqZJd7IN6rJWtjuxrx-lHrfalKiD_SIMpw","363",NULL,"2025-02-25 06:43:24","2025-02-25 06:43:24"
"107","fIUA5W-rQiG6FbJdtvVUET:APA91bHffHRKCpo7NlLTcerzoZIrFGEP6nFXJ-X9dthH6IERTz8n_CQpnb0HwmJA9_uwwLN8hqjj_arpk_LNpNDvRpGwqYt47tahFJibvxxLIXX_PAhLRko","365",NULL,"2025-02-26 11:47:57","2025-02-26 11:47:57"
"108","f_UlaqvfSpmJA8xHmJs5a_:APA91bFN6MCgyaAm45zBKd0T2HI0oLrXRS1LriCRkguNxlHRn8ycPsBn-Cq6nVYFFmYckU681nHg5hsDqnVCwioHIKnVtZsqCvfYS9-7nC9mRnXGKaJrD1Y","364",NULL,"2025-03-12 08:44:24","2025-03-12 08:44:24"
"109","ecTI17uISSqZ6uB_nZXRn1:APA91bEm38I23u35CuvVCSa9UaicHDlxPolRgMF2QnBV4bTTXTPh8yKAucAQmMd0elzGsn8sxfHINaKPO1MU7Bmzd-OWHA6H98K_6trLNegtjtHv_YZjy38","369",NULL,"2025-04-17 22:42:52","2025-04-17 22:42:52"
"110","eNraKzOYRqavjEl8Wt1kTc:APA91bHKIlufEN-D6QVW_37HneNpBdkT3A1YG_9zOmI01tGvFvexFV9GfcjFlEa2Day0gvCn1TkNwd02Rkl0EzgST4Fq0t8SyA-PigLQ7GpS3rn3Kl83cao","370",NULL,"2025-05-19 12:26:59","2025-05-19 12:26:59"
"111","dTiIy_KHQACUISczczdBTu:APA91bGEdVzWWtYrQRwgZvgd9M1sk-xXCHp90WINhw4ZNetzGahD9nO7_zOeTFEsfK0-BNYQ0PMAhig4xI89PFC_8028d7mwOKK25t9h_ujD3f842uF74Q8","347",NULL,"2025-05-19 22:23:12","2025-05-19 22:23:12"
"112","d3H-TAGMTHyCaLX6W0ZJi_:APA91bHUQhELJ1ZQZyA1sxIIpNwSU5nwYB8nF46M0fQFv1G6ajXdOl8QkUOE09OWZSebvHxG8OLpj5AoPjfLvbfTLIuAVjPd_K31e23LCeZdTfx7K7QBVdY","371",NULL,"2025-05-20 08:23:11","2025-05-20 08:23:11"
"113","fbgKmz5NTJuX2E0pM3dtzj:APA91bEDLTWOw3mOiwmV4dEuSDWL7ATvcBTqIh79oMJE-uDN7dOg6ofdjYDG917JgrqhH21kk6lFJnuFgx9UrvM4seW91TS2ZzmfT_txJpAGTXI_ESAIDjg","372",NULL,"2025-06-27 01:52:39","2025-06-27 01:52:39"
"114","cX89Fg_0Tk2u1GQnNFMHJR:APA91bFhGpAgHo0tKUCtaOkvWQnXH6rPrZZOsi0DZ8FB3DkUWMw1ES8VBHsCA6ruNbJm3s2n7U3WKUWI3KTId2eCef3qNhNtvEV7wtuogCYl5zWKdUPUZyA","373",NULL,"2025-06-27 08:38:11","2025-06-27 08:38:11"
"115","ddDShOr_QDyWPCz1dK-nbs:APA91bFedtTYwYwUvQ2Vwz-lhvPKh1D1oePjhzdY25-Z-hNaOrhEqGnF25osoKtuEIg5u-emhKQulxgW7b8WY3tIN5Ciev6-CgKhTCAqjux5iAmk9w8Tq0I","367",NULL,"2025-06-27 08:51:48","2025-06-27 08:51:48"
"116","co5A6vzwQru62kdYCgCMKz:APA91bEMTstLyXnlTKqW7haIqFOiQe1yOG04OT5Z-u5I93NMB9rnIR7C5sjmIOVfo6Yxv3yqV7wP3wV5oPIDDyCjk5fG57iwN12TV5jzmklOMmMFKwv4u-A","374",NULL,"2025-06-28 06:02:29","2025-06-28 06:02:29"
"117","cJRPI9HUTku0jV0nONvyey:APA91bHmqCv_P9cfBu0qn_hi9Ulec7gb2R6Pfzap7rF6oPEEyYE3qDI2kth7os3AnkgWjX4AHH7vBspIbHwJXLAWaAIe2SzVW_HcIxsyn8qHTfReGnar2Hs","368",NULL,"2025-06-28 14:35:50","2025-06-28 14:35:50"
"118","dVBV7PDYTvOF9ZU_a8hCTL:APA91bH1-GXF-emD2qeAJK99z_QPYbXfTqqrXhYLaNEU2vDx5Z9naocsdbtavhkecLec4turqfHWR3C-hNDsTe3pkS1W2-dJlajZZOiFLvH70aQeKbHIecw","377",NULL,"2025-07-01 12:43:49","2025-07-01 12:43:49"
"119","e2hcPAfISqWgV0sIQKrArm:APA91bHwoY_A5FlBz67Z32wBvBSPMQ6fsihM-fzM6ZK2KcBqbfdUZ2nd7YXtt9bSd44sQGkBrGAsYr_Fu5-EoHy2_Ik8A4U4cR_CXYjKzvyBt2fygnSOx7M","378",NULL,"2025-07-01 14:18:42","2025-07-01 14:18:42"
"120","dWzrrRhzRIarGghEg--bSQ:APA91bEvdeSLq-GoJtrolnSciC_XQazDzVuJcdMPpTKWiCQJHREkW7Tem6M4wZIyXJLdqrrWfisXSD7sKkmScS09upmZxIJts46LCHag21LseuLQp34Nflw","375",NULL,"2025-07-01 17:19:03","2025-07-01 17:19:03"
"121","fYmJ-NRbS6ehXhFhDZwdnF:APA91bFeOkN80CFMBB9PeYPRIz2HLf6_5ejumGzugPi05LL6XysQCoS9shoS6FQXKiRlyHVuKxbqN4SAtFxnskVn9SxZNQoP1uFDT3ay5CxcDmrKsp-Cy8Y","387",NULL,"2025-07-03 10:58:05","2025-07-03 10:58:05"
"122","fYmJ-NRbS6ehXhFhDZwdnF:APA91bFeOkN80CFMBB9PeYPRIz2HLf6_5ejumGzugPi05LL6XysQCoS9shoS6FQXKiRlyHVuKxbqN4SAtFxnskVn9SxZNQoP1uFDT3ay5CxcDmrKsp-Cy8Y","388",NULL,"2025-07-03 10:58:09","2025-07-03 10:58:09"
"123","fYmJ-NRbS6ehXhFhDZwdnF:APA91bFeOkN80CFMBB9PeYPRIz2HLf6_5ejumGzugPi05LL6XysQCoS9shoS6FQXKiRlyHVuKxbqN4SAtFxnskVn9SxZNQoP1uFDT3ay5CxcDmrKsp-Cy8Y","389",NULL,"2025-07-03 10:58:11","2025-07-03 10:58:11"
"124","fYmJ-NRbS6ehXhFhDZwdnF:APA91bFeOkN80CFMBB9PeYPRIz2HLf6_5ejumGzugPi05LL6XysQCoS9shoS6FQXKiRlyHVuKxbqN4SAtFxnskVn9SxZNQoP1uFDT3ay5CxcDmrKsp-Cy8Y","390",NULL,"2025-07-03 10:58:13","2025-07-03 10:58:13"
"125","dEP1Bq1dQyKnDuWSvVu2RZ:APA91bFFI8zuc_eAvteHUzJVtbzLIWVGMX7niOYMkSO7CxftS4SgyMgkGJtg3_LcV5joyuPtFoHx3CeCxs1GvAGsxT-9v3Mq3alSdm-cXRk7UQRZuHN45_o","391",NULL,"2025-07-03 13:07:35","2025-07-03 13:07:35"
"126","frGYY_ezSFKs9u-EHRsVnA:APA91bFUZ982-D0GSfCXOP4iFo6Rv-5DrhbkEpEdn8Y8S6qE-fy2d5Iqmju6wnrZMkgFAOGO8F4QqcLjUJAluDZK0295pYsWcmykuHT-en_zTmiIbvtpJmU","392",NULL,"2025-07-04 08:20:36","2025-07-04 08:20:36"
"127","fYmJ-NRbS6ehXhFhDZwdnF:APA91bFeOkN80CFMBB9PeYPRIz2HLf6_5ejumGzugPi05LL6XysQCoS9shoS6FQXKiRlyHVuKxbqN4SAtFxnskVn9SxZNQoP1uFDT3ay5CxcDmrKsp-Cy8Y","393",NULL,"2025-07-04 16:28:42","2025-07-04 16:28:42"
"128","fYmJ-NRbS6ehXhFhDZwdnF:APA91bFeOkN80CFMBB9PeYPRIz2HLf6_5ejumGzugPi05LL6XysQCoS9shoS6FQXKiRlyHVuKxbqN4SAtFxnskVn9SxZNQoP1uFDT3ay5CxcDmrKsp-Cy8Y","394",NULL,"2025-07-04 16:28:45","2025-07-04 16:28:45"
"129","cyIMbuNeQse67Ftf8ZdPa3:APA91bFhARE30gS-Zg3lOqWyjc77vYAEgD9FmEVMrpHgjb49jo0GtacBlxILxeLWSpBbVSipwKU4tJB21wQxBaofREkYJMzZpLIsLZ-OUAotH-cb_HU4Jik","395",NULL,"2025-07-06 05:43:54","2025-07-06 05:43:54"
"130","ezkbn4WBS8q-hSlehdZRf_:APA91bErg8SeQzkSADUfj3puLiyKdtzvCT5en10xMjWPLnC4ROMb0_T2pZ4FQSKMqBeMqG7XK_Xuc0sx1kYicLRRy0Wck8CWjP2LANPU6_CfeU02pjSPHSo","396",NULL,"2025-07-06 08:22:56","2025-07-06 08:22:56"
"131","dBmSV3ygT02eKYhO_zq7AR:APA91bH5MuFN584kcq09mJL65539I0hbqDqbHTQx6RNErPkEQssTZ06lkfRlfPI0ZTwF3AatUD1zDW0BMS3zccwPBhDj2zZqfNBNKOqZlqTU7ZVuIO75GxE","401",NULL,"2025-07-07 13:13:11","2025-07-07 13:13:11"
"132","fWNV87aMReyGqXCq7KlJHi:APA91bHwZL-B_K2yJXJiPbpYMsgfdnn3hL4fLVLIIQbgCq_Pu507PH2DE0cyqoIJs73DoVOtoBPuXXNwsBf9JIdPzK6VQNHfMS7M9EH6S162a8vyvZcRWUA","405",NULL,"2025-07-13 10:26:26","2025-07-13 10:26:26"
"133","cs6FGj72QF2cSkB1jAMYCd:APA91bFOnbyB06nDcdRsAP9gNDdmymPeEE5BmiZDCqJfJg_lF7I-trbiUwfSwsZwgtMzGgSA4IuovnAFvwIKZlC13fBDZnvZGhCgo1SP9kW_tjJv5JX-wjY","407",NULL,"2025-07-13 12:31:54","2025-07-13 12:31:54"
"134","coEzNOQ0QjCPaYaxUQzssF:APA91bHcszGAL5yEW2kX426dOAymOt34sX26Igs3QZPsyYf_gNqzW6KuLkFdQWAia8IOVHATA4qpXPtwOvrgNhN3xISty73t6dJWfGYxUt8bTComRT9tlAQ","402",NULL,"2025-07-13 21:19:03","2025-07-13 21:19:03"
"135","eSZK1QIZQfSVVmhexmNv_F:APA91bGWdxSw0HA3wqbTc7my_05_GNKjdEsdcTZcA0ZiZQ0Hf0GlOjUYIKXZNs4T3mtifhb_ZfjpBSiGkEj4EmQxjtrDh0XzHNEREto1Mch16miXVlltdjw","409",NULL,"2025-07-14 08:05:38","2025-07-14 08:05:38"
"136","d3pVjRiUREGn9_75r9Own0:APA91bErCgX3xXuxb0c6VS7nckDuWnHqen9GL17W5uZF5IOIHU0ON4TILq-eDk4MCfpteugKgTfWDNH-DQXF-XNBF7RofS7iUv2-Mb3HKtnkvEmUxoqhD4U","410",NULL,"2025-07-14 08:21:55","2025-07-14 08:21:55"
"137","dc0VgA15R5eHzIg_KCcwMT:APA91bFpqh7j27XczZVSnbgPW0V5t_Z6l-khK9fqeavMfSMd5iDaXcR5EJ41W92Hjf8gpQCryAaBzDrl8c67FaKAZobGpIoCsGOBShtzom0pG1JbCUf4Llw","386",NULL,"2025-07-14 10:52:19","2025-07-14 10:52:19"
"138","eXtHhP47QDKb5mpkfoNmD3:APA91bGLk8EI8dL8j__q6ZYZE_X94bAkwgKRcZoPs1FC-EcGkW4begarDv6E4jjzVj5k-9oHFTXjXN7-F6T6NtHTMHThWnc1sU-5TRFI4jjlUbfFl88GT9k","397",NULL,"2025-07-15 22:25:59","2025-07-15 22:25:59"
"139","fiLiPJ7ZSPyZM1-RgdkdFm:APA91bFvF7Q5WlZIt9znPeWr5Rw4L6RCZ1o_iohHTN8eW2oMh3jkU_dPAeKOKBOTLtpzsF4S_nMCap4KHt_lTY-GuQZNe-1baNvXwFbYGLG18p0Y-jy8P5Q","411",NULL,"2025-07-28 06:17:45","2025-07-28 06:17:45"
"140","dxbueZKOSg-jqsNMlGpjx7:APA91bGs74Vh8LS8XuQj-K3OmzZ74jryo31ysZNoUmrqeEO0P8zY2kG0vyzEokzQCtN4UbhEwU9juTF3mmmm9BvvJGLuC9XmChJeFsVa_ktcY4poS9V2BDg","415",NULL,"2025-08-11 09:49:21","2025-08-11 09:49:21"
"141","fOEJ94ccRzCqb5qVQAhtJr:APA91bGRZPlxEvkHhbu2o6ksH5szKkHlOYyiem5QCi7s2HH2RhGSYUdyOz5TITC1TqYOQpYZuoXVbdfIvNF99RFutktpkC9JzEhWzLlbP89MSPVK3ncnhq0","416",NULL,"2025-08-11 12:34:31","2025-08-11 12:34:31"
"142","c0xZmgVxSS2YmdVTo7TMk0:APA91bG2oDinmHCy__0QNO2K781QtwaAn2uqsPWN0D7DGZQ5IXyj-OHK6kKu4mxjoWCREtxqVbOEJxNyqVqbnrdAJjw9AYMXdJ2i6JqbWw8iCA8k1I4iznw","419",NULL,"2025-08-20 10:39:27","2025-08-20 10:39:27"
"143","dP3LB2Q2Q4qGgcneUHVdv0:APA91bGDKjb3kPlNytGii-r7r_b2WtTefOVXQqN7IgPxWTp5xWIbjEZoYhDe34kOnqvaystseFSAA02sh0Qi6kZgDjpYq7nLerCbFIofK0Lz67LCCdc9EnM","422",NULL,"2025-08-20 10:44:02","2025-08-20 10:44:02"
"144","dJgoeUouSpStFY9WEsxFdC:APA91bEUQEnf3pujsx3W-dPY-cTNq3fwqRQWroonDOaWlVHHqvqV5CeCGly5kR1qMysAkTrUp0AI51ds4nkX2eCAQd41SuujKcOUYA-jBXA5RuBAj8WhEQA","420",NULL,"2025-08-20 12:42:43","2025-08-20 12:42:43"
"145","dCGv3nySS8qMG0vqzs63iP:APA91bGB3do_SmLXH76oNxW9gxcLFh4Zr9bPlYc4BZ41S3yOFbFTF1CdO0cBp3qbupt8cn2oJJ3bcf4cUX2TxXjotkUohe22_JH6owkfJTU4Y1krd69nBEQ","424",NULL,"2025-08-20 14:52:21","2025-08-20 14:52:21"
"146","dEE6Ht2aRZOEOYggasANW4:APA91bGQTPTl5buFUUE8KcdlXRIi5nR65eJTN5eyLB-huFc9QHukSIttYBV37hvWzucjBxTw-clJ0-zNmnBqttPxp0kAz5cs2CCxaJuhvrpf6q0CMVycMSE","425",NULL,"2025-08-20 21:27:22","2025-08-20 21:27:22"
"147","e5x7pPXpSZmNvgpCh2D0aT:APA91bFvTz6pf5z3Vq12JhXELaFCQz1nr6ORu9_oJUEq5HB4XVtOB2woM5uTdICfP2oppkUy6cSGg0RCLiXEBRSBYbOLZaK-yhXbkL43xnoqyf_LVg-XEBw","417",NULL,"2025-08-23 08:05:53","2025-08-23 08:05:53"
"148","fs49HoKqS-a4BS8vBoqHN8:APA91bHSNhWLQi_Yqi7xE4bNmIQKu7fDKl3l9o8Ql7aRJLtoItLk8qmXjBsW0a65mXpySQ9oZ072kit0u-MVVUzSdB21nw48K6F4yK9M-zHSnwQyb-rvTUw","427",NULL,"2025-08-24 11:09:07","2025-08-24 11:09:07"
"149","clE4mYpuTfqhz7zmtltpFn:APA91bFGTnCIz2k1dYVsKsNrsSzUhRnctEXbEgYLFjHzB--hd_crBeXakdJ4GMukSAi2E0D9a8OlEtXhasEHqGOpfwiEvJ-PH1wgf8qs3C2XFGM4BLdt-os","428",NULL,"2025-08-24 17:40:27","2025-08-24 17:40:27"
"150","cGaD_bknSV2A9oAYbWGMHq:APA91bHJfBGT7LW9Zy2d4w8qInS4FY06IzgnMSv9pPNc2ilzO5h_X3PC8KOvtj_vCpDFI4ZaISBBY3NuRxDETYuIxKe_H55r2ndv0lITEdFE2oEMFDlogEg","429",NULL,"2025-08-28 03:19:43","2025-08-28 03:19:43"
"151","eM4m5abRSsWiQ2Nbdk-20Z:APA91bG1asSeQH4uqs_cOC_GkMGzSIYaHmFaEyL_Z6rk4wTSm5d84SbvYkLpqxzAbP72ZQsx0fSUMOqwguSeBSzxPc0X9h4GWU4zgdQxsczYGPXUDbl5HE4","423",NULL,"2025-09-20 08:09:31","2025-09-20 08:09:31"
"152","cxJZTcBASUKmlN-FMl40Sd:APA91bFFEvMOuWhWoKk-Bes8Y6ZeNMZcaA1NfIriXTfLEjdimzqfpW15SvstrmlEvLf0UDDGwlFbvzPWev3kP3eTtR8pApvlEdFtUwfQMie8Zl3YXt91k3s","432",NULL,"2025-10-13 09:53:30","2025-10-13 09:53:30"
"153","cq8EnzGoSGGS-cVqihF_IT:APA91bFwJbV-7IHBtr5FNE_D35IpAKJbLwHpGqbjfcVzxKh-SP4__DZagUkKgg74C_QI485qrLmV9PD_NwhxZWjVbNcDuvmN78pl7-dNEzrU03wkwO-JCLs","435",NULL,"2025-10-22 10:08:51","2025-10-22 10:08:51"
"154","c8llmOgZSymGpKjnw9mEZt:APA91bFtYdnGv0IrjgAvgvteyEqphAchKc6gKk__ibbLx9BfALkkSn0lmVu5NfK7u9hTOWoOL_I8HiY73IwEqNZKaTPT5r_q2q-hLWOEtBRR9P9a7hPpd2A","438",NULL,"2026-04-11 10:33:17","2026-04-11 10:33:17"
"155","cQJePFyqTaGWmMr9JxklUj:APA91bFWBw-7OcWiURcb7mRzheUU5xODH4b1rj6b8n7eeveCM5t69QTcnXwJOm8wH12VBlrF3sogXvFOHc0mBJOmzT1aIdIa9b6mNARmNK7_GFvPwaQX0JU","418",NULL,"2026-04-16 09:56:10","2026-04-16 09:56:10"
"id","tokenable_type","tokenable_id","name","token","abilities","last_used_at","expires_at","created_at","updated_at"
"1","App\Models\User","2","USER TOKEN","b41107b982d9f5dbc754fad6ded1bf5de80a7888273499c9a4a188d813439277","[""*""]",NULL,NULL,"2024-09-06 09:22:19","2024-09-06 09:22:19"
"2","App\Models\User","3","USER TOKEN","16dc65129d2a77270f20900400cb72959dfad970cad81e39bf68b337bfeea58b","[""*""]",NULL,NULL,"2024-09-06 09:31:04","2024-09-06 09:31:04"
"3","App\Models\User","4","USER TOKEN","7f1e5598d0725c4079a0db17a8e069ec7a7228ef7d86aceed4c30c97c102e39c","[""*""]",NULL,NULL,"2024-09-06 09:31:08","2024-09-06 09:31:08"
"4","App\Models\User","5","USER TOKEN","44b98865c6da8d6e3490ee0664424967dfc852d256cac1b71728fd8180d05f8b","[""*""]",NULL,NULL,"2024-09-06 09:49:26","2024-09-06 09:49:26"
"5","App\Models\User","6","USER TOKEN","f74c511edfd766f93616b713a9af67827f7a0e2a41ccc9efe50aad8463a9ba19","[""*""]",NULL,NULL,"2024-09-06 09:52:56","2024-09-06 09:52:56"
"6","App\Models\User","7","USER TOKEN","3b312cf91112b5be2bb4e810656c44d921eda616778ced9dcab9e63ea8458b97","[""*""]","2025-02-20 14:27:35",NULL,"2024-09-06 13:05:14","2025-02-20 14:27:35"
"7","App\Models\User","8","USER TOKEN","c173b9a0a6b0cfc9ff2d9df7e95aa16ad90296f00391219fd24c5d3ca2058036","[""*""]",NULL,NULL,"2024-09-06 14:11:10","2024-09-06 14:11:10"
"8","App\Models\User","9","USER TOKEN","b2dbe3f9b10e5a5224ffe464305e3510f1bbdc674f3f2f7732efee7b6f65d392","[""*""]","2024-09-09 14:02:55",NULL,"2024-09-06 15:17:32","2024-09-09 14:02:55"
"9","App\Models\User","10","USER TOKEN","827ce4cd4c5b3be78ed978449157cae86d5055e3bc17126825c733ae64db66b0","[""*""]","2024-09-09 12:36:24",NULL,"2024-09-08 13:54:37","2024-09-09 12:36:24"
"10","App\Models\User","11","USER TOKEN","e011bde7e071007560887854b9d89ac816769db5e3c5c6a92c75b8a142f8dc4b","[""*""]","2024-09-09 12:11:46",NULL,"2024-09-09 12:10:53","2024-09-09 12:11:46"
"11","App\Models\User","12","USER TOKEN","4b7d53f34ac9e21700ecc9cf47df8b3711e28234ea5279deac2ec617fe1923ca","[""*""]",NULL,NULL,"2024-09-09 13:16:20","2024-09-09 13:16:20"
"12","App\Models\User","13","USER TOKEN","9a5253e194048b8b22df1dacc55a03df628152ba033b3dc7a4e7b50b9c453954","[""*""]","2024-09-09 14:12:05",NULL,"2024-09-09 14:07:47","2024-09-09 14:12:05"
"13","App\Models\User","14","USER TOKEN","3cf310c8ea8f048772cfbe7450fc01bb74638afd1f51c1a269b65c160ce20111","[""*""]","2024-09-09 15:51:46",NULL,"2024-09-09 15:34:29","2024-09-09 15:51:46"
"14","App\Models\User","15","USER TOKEN","033826e9254aef24e184821e3d141f04dbd58e54b08f6aff66ae11110573ca35","[""*""]",NULL,NULL,"2024-09-09 15:47:17","2024-09-09 15:47:17"
"15","App\Models\User","16","USER TOKEN","29e5dd3d80f17e392fe4d7fe449dd289b72983bea4257b8c95c3993657f4b5cf","[""*""]",NULL,NULL,"2024-09-09 19:01:11","2024-09-09 19:01:11"
"16","App\Models\User","17","USER TOKEN","163c54e02b15bd78f44e3c97c24b11b2823388e273bd9a5d450c8f81072a4742","[""*""]",NULL,NULL,"2024-09-09 19:22:48","2024-09-09 19:22:48"
"17","App\Models\User","18","USER TOKEN","180e4e42ac53392da7a288ff3f859c3d5d85bf16a670e6ad78efbddb926c9a41","[""*""]",NULL,NULL,"2024-09-09 19:28:29","2024-09-09 19:28:29"
"18","App\Models\User","19","USER TOKEN","aac4fa0077d8c338a701dfaa8f625a7a3b867bdb2103ecdbd6720560235876da","[""*""]",NULL,NULL,"2024-09-09 19:37:55","2024-09-09 19:37:55"
"19","App\Models\User","20","USER TOKEN","ab31b5caec11f73d017669a7d558367b27450f98ff1dc641f867109e50fcd0eb","[""*""]",NULL,NULL,"2024-09-09 19:39:16","2024-09-09 19:39:16"
"20","App\Models\User","21","USER TOKEN","ddae49dc6160fce5c1bb7d8c35a5831deb11f2780bf256bb048dbf5b6de020dd","[""*""]",NULL,NULL,"2024-09-09 19:45:16","2024-09-09 19:45:16"
"21","App\Models\User","22","USER TOKEN","2674c7c35dd5eaffa8ff8c645a1e6c9ac60ade9f90cb1960881c215f69b770fb","[""*""]",NULL,NULL,"2024-09-09 19:46:08","2024-09-09 19:46:08"
"22","App\Models\User","23","USER TOKEN","4232a15ced7c9659be87c2a1b775a2f86d1339c635176ba3de53796ce5812846","[""*""]","2024-09-10 00:24:40",NULL,"2024-09-10 00:22:28","2024-09-10 00:24:40"
"23","App\Models\User","24","USER TOKEN","57375f9bf4fa5132fdf1264bcc2f219b7f74b544bc3404e87f4e9eccd6a3e2d3","[""*""]",NULL,NULL,"2024-09-10 13:59:41","2024-09-10 13:59:41"
"24","App\Models\User","25","USER TOKEN","da5c54608866317716591720d45c5d739557421daa505983f39206c7c37699f1","[""*""]",NULL,NULL,"2024-09-10 14:09:52","2024-09-10 14:09:52"
"25","App\Models\User","26","USER TOKEN","0c86ed5a99e2817d1403dde6fe99cdf006ef54fb50ce3da88c91d5fdc8739be1","[""*""]","2024-09-16 13:12:01",NULL,"2024-09-10 15:14:44","2024-09-16 13:12:01"
"26","App\Models\User","27","USER TOKEN","f0637c6f5c38b2fbffc5c475e0f757e11d0b874966a163241ffa4cb026ca009a","[""*""]",NULL,NULL,"2024-09-10 15:40:13","2024-09-10 15:40:13"
"27","App\Models\User","28","USER TOKEN","ea8c4ac82b1940469264b64cf30fd12b7a99d29f7b523458c570be06af741bf7","[""*""]",NULL,NULL,"2024-09-10 15:48:34","2024-09-10 15:48:34"
"28","App\Models\User","29","USER TOKEN","9961c3a276376a3631841e7b658648e2579e122deba867b5120ad1d38bd319db","[""*""]",NULL,NULL,"2024-09-10 16:22:54","2024-09-10 16:22:54"
"29","App\Models\User","30","USER TOKEN","13f19ca6eef7b5ad0b62a5229fd34ca08cf6b4fe2b6ff09ce345fd8763ccfc32","[""*""]",NULL,NULL,"2024-09-10 16:33:39","2024-09-10 16:33:39"
"30","App\Models\User","31","USER TOKEN","6751601573ec2028b48eee19882799e38ae1e1671a8c26da3389e39b98399043","[""*""]",NULL,NULL,"2024-09-10 19:11:33","2024-09-10 19:11:33"
"31","App\Models\User","32","USER TOKEN","ed0f7f20f5ee8c4414005e078b0dfd7e09bb1ec3551382c2c9b91840f55e2a54","[""*""]",NULL,NULL,"2024-09-10 19:16:22","2024-09-10 19:16:22"
"32","App\Models\User","33","USER TOKEN","dfa7b7c9f821ca93e5d8a098f2f994f5855869c8ab781c2d92b3dc3cf824f85c","[""*""]",NULL,NULL,"2024-09-10 20:29:13","2024-09-10 20:29:13"
"33","App\Models\User","34","USER TOKEN","3e6575b49a1a567c9805f005b9e4b9f4f46b86f841a3bd046de53049c887d548","[""*""]",NULL,NULL,"2024-09-11 08:11:48","2024-09-11 08:11:48"
"34","App\Models\User","35","USER TOKEN","83faf73acf7352d40d094c21bb50c1efa00d9888f8bfc0869a3b42dcf3b6fc03","[""*""]",NULL,NULL,"2024-09-11 08:18:25","2024-09-11 08:18:25"
"35","App\Models\User","36","USER TOKEN","46523080853d44f0ad5b2efe182b0a90b4d83f4a21d361d412bd94b07bc03177","[""*""]","2024-09-14 21:33:24",NULL,"2024-09-11 08:42:06","2024-09-14 21:33:24"
"36","App\Models\User","37","USER TOKEN","30b8d9ec814569265c9a54d3997d036d3cb5bf681a70edf7cae1881d65f17285","[""*""]","2024-09-19 17:16:33",NULL,"2024-09-11 08:49:27","2024-09-19 17:16:33"
"37","App\Models\User","38","USER TOKEN","38783a4b1d57dc850b4854af48a019507d7c3c550e85e786c8517fa55a4710d7","[""*""]","2024-09-11 10:14:13",NULL,"2024-09-11 10:10:34","2024-09-11 10:14:13"
"38","App\Models\User","39","USER TOKEN","b0c08f52bc71ac5888f914a699e235dc75f008e80ecfc18cae1dcdc1e07b02f1","[""*""]",NULL,NULL,"2024-09-11 12:04:32","2024-09-11 12:04:32"
"39","App\Models\User","40","USER TOKEN","43e9e7259824188bffb2db1be30f2e5ee978bd5e6bdfc1ef3c66548f618f00dd","[""*""]",NULL,NULL,"2024-09-11 14:47:14","2024-09-11 14:47:14"
"40","App\Models\User","41","USER TOKEN","bd5d6e310213884432a930ddc1cc667ba875c8d40dd2c753f4473f970ee08b2b","[""*""]",NULL,NULL,"2024-09-11 15:03:42","2024-09-11 15:03:42"
"41","App\Models\User","42","USER TOKEN","f7d9bf064b39adca036bbcb16e3597bc0a3725be87383f9cc521f0a37cd23079","[""*""]",NULL,NULL,"2024-09-11 15:12:49","2024-09-11 15:12:49"
"42","App\Models\User","43","USER TOKEN","0675807b96d8027018f74fa942b607fb6c9255406637cc5ce95b0b7debdd15e1","[""*""]",NULL,NULL,"2024-09-11 16:23:30","2024-09-11 16:23:30"
"43","App\Models\User","44","USER TOKEN","65a4ff0c5ae788cf63202c950229aa52184742be520152ea8e2d72d7a35ae11d","[""*""]","2024-09-11 17:05:08",NULL,"2024-09-11 16:29:47","2024-09-11 17:05:08"
"44","App\Models\User","45","USER TOKEN","afc54a288b3c1574714cbeff1708a7ec15158d63e97aad2177a03561ea7fbed5","[""*""]",NULL,NULL,"2024-09-11 17:18:30","2024-09-11 17:18:30"
"45","App\Models\User","46","USER TOKEN","f8336f62f3bbc7c3c7073379c9eecea3f1fcc71d12c3bcb2d814ce0bb60dba05","[""*""]",NULL,NULL,"2024-09-11 18:05:48","2024-09-11 18:05:48"
"46","App\Models\User","47","USER TOKEN","d8860f28d16cedd32f063dc7b29245f47d219c5af1a76735d701be7a5ee272d2","[""*""]",NULL,NULL,"2024-09-11 18:06:23","2024-09-11 18:06:23"
"47","App\Models\Admin","2","ADMIN TOKEN","6092818562069fb98571b24a6c5c1653b7911b98a6cd96174961a08d9ac4225f","[""*""]",NULL,NULL,"2024-09-14 19:51:18","2024-09-14 19:51:18"
"48","App\Models\Admin","2","ADMIN TOKEN","01eed65f306d9718d4648ea6594e6a71e2d1dea4d43b44065036fab46019c763","[""*""]",NULL,NULL,"2024-09-14 19:53:24","2024-09-14 19:53:24"
"49","App\Models\Admin","2","ADMIN TOKEN","7c8a286db5066fe4f86d861bdfab6c93fe9758f0b4a2e17eb855bb644eb6e6b9","[""*""]",NULL,NULL,"2024-09-14 19:54:51","2024-09-14 19:54:51"
"50","App\Models\Admin","2","ADMIN TOKEN","bb646d8c90792af03c7f4667c99f67a806a87fa1ccac7d6e75508f72f1332708","[""*""]",NULL,NULL,"2024-09-14 20:01:00","2024-09-14 20:01:00"
"51","App\Models\Admin","2","ADMIN TOKEN","fb39b6e98bc036af4833fd75840729feeb6202003388edbe055410ac3ce03845","[""*""]",NULL,NULL,"2024-09-15 15:35:07","2024-09-15 15:35:07"
"52","App\Models\Admin","2","ADMIN TOKEN","652431d997eb22019bb6512810da788e68080d72c5b6c5a931f578bd7da347f1","[""*""]",NULL,NULL,"2024-09-15 16:06:09","2024-09-15 16:06:09"
"53","App\Models\Admin","2","ADMIN TOKEN","eddb721debfc301ffc70c30e456da578a4d233b16677382891ecb67a4b0fef17","[""*""]",NULL,NULL,"2024-09-15 16:14:14","2024-09-15 16:14:14"
"54","App\Models\User","48","USER TOKEN","9494f7105509b9b262655c753ad74a5952dfaa3ea1b0342ee424383b2a4f8cab","[""*""]","2024-09-15 16:40:50",NULL,"2024-09-15 16:40:41","2024-09-15 16:40:50"
"55","App\Models\Admin","2","ADMIN TOKEN","e4a8fd34ea426645a89f512a1ab2ea82ff9fe19ac3c3c86b0adf05a6b605b95a","[""*""]",NULL,NULL,"2024-09-16 08:45:19","2024-09-16 08:45:19"
"56","App\Models\User","49","USER TOKEN","bf38f218d4f4c863ab406167c16560fd24e314d2ca3087f6bda809be720ab2a4","[""*""]","2024-09-16 11:03:23",NULL,"2024-09-16 10:57:28","2024-09-16 11:03:23"
"57","App\Models\Admin","2","ADMIN TOKEN","5183bbfdae01f4655db7687e084df04649aac29ced1b8bd6f5d9c119757e6b3c","[""*""]",NULL,NULL,"2024-09-16 11:11:42","2024-09-16 11:11:42"
"58","App\Models\User","50","USER TOKEN","0f3ae21f8950ec7478adbc4094db6955fecd7a667c62cb683f230631dbc90b59","[""*""]","2024-09-16 14:41:42",NULL,"2024-09-16 14:41:41","2024-09-16 14:41:42"
"59","App\Models\User","51","USER TOKEN","8cb5436b3d40a72b322a4883f742fedf0c6c9c0c677689ea1f939d3fd3771406","[""*""]","2024-09-17 13:19:37",NULL,"2024-09-17 13:19:36","2024-09-17 13:19:37"
"60","App\Models\User","52","USER TOKEN","39a19d265300288eec1fb957cff2c072395f10704871c4784e304ea56624413c","[""*""]","2024-09-17 13:46:17",NULL,"2024-09-17 13:46:16","2024-09-17 13:46:17"
"61","App\Models\User","53","USER TOKEN","df55d0cbe282278e0e2166f6a2900796c92f2dea23edebbd28a55306df43b4fc","[""*""]","2024-09-17 13:53:50",NULL,"2024-09-17 13:52:42","2024-09-17 13:53:50"
"62","App\Models\User","54","USER TOKEN","86ec576375b9e75f694f613a0c9b026f5c1087750fa3e550a99afd8d92b64097","[""*""]","2024-09-17 21:16:38",NULL,"2024-09-17 21:14:01","2024-09-17 21:16:38"
"63","App\Models\User","55","USER TOKEN","4c184811f61aedbb58cd78df0d282687db089427e8dece4cfc2336979e3265b9","[""*""]","2024-09-18 15:26:12",NULL,"2024-09-18 15:19:45","2024-09-18 15:26:12"
"64","App\Models\User","56","USER TOKEN","850aefb073308040c07b760a4498562e1e75391e6cd708d41d28b2815a14aeb5","[""*""]",NULL,NULL,"2024-09-18 18:44:45","2024-09-18 18:44:45"
"65","App\Models\User","57","USER TOKEN","cb8d649267b06a3aeb69744dfccb8837fa5f6b435b1137a083520d1a9fe1276e","[""*""]",NULL,NULL,"2024-09-18 18:46:54","2024-09-18 18:46:54"
"66","App\Models\User","58","USER TOKEN","9f7c1f7f75d1893ddd81ec8a2860e37245f3a9c5d2b000a6e9d65d1ca5e73f46","[""*""]","2024-09-21 11:21:01",NULL,"2024-09-19 09:26:10","2024-09-21 11:21:01"
"67","App\Models\User","59","USER TOKEN","4cfb0e039e5fdc8a30ca803c22b7dfff04456eb3a6c58af45bfd232c08b5d0ba","[""*""]","2024-09-19 10:30:24",NULL,"2024-09-19 10:30:23","2024-09-19 10:30:24"
"68","App\Models\User","60","USER TOKEN","dbe2ef18b2b9ed4c746e4c20b6ed3c9c8a5632017cb9b96ec406c164227ef85d","[""*""]","2024-09-19 14:50:04",NULL,"2024-09-19 10:30:26","2024-09-19 14:50:04"
"69","App\Models\User","61","USER TOKEN","cf7424ebc3c4d68db022ecf7809622d7655d27f5b4adfe8ad173f51716d22c6e","[""*""]","2024-09-19 14:58:48",NULL,"2024-09-19 14:58:47","2024-09-19 14:58:48"
"70","App\Models\User","62","USER TOKEN","d5f7caa7fee558bdfe88e0b0969fe30786f70ad3c286938ea00353d9edfebbfe","[""*""]","2024-09-19 16:40:46",NULL,"2024-09-19 16:38:52","2024-09-19 16:40:46"
"71","App\Models\User","63","USER TOKEN","3f36e065222932816bda4e3ae45f837158222fbbb71dfc7322ceb547bbf8c75d","[""*""]","2024-09-19 16:53:50",NULL,"2024-09-19 16:53:37","2024-09-19 16:53:50"
"72","App\Models\User","64","USER TOKEN","b87def8493d46b9d7122a3fa60252b4cca475704abf959fef943bd279267b556","[""*""]","2024-09-19 17:17:15",NULL,"2024-09-19 17:17:14","2024-09-19 17:17:15"
"73","App\Models\User","65","USER TOKEN","3332f63464da025092e6fd039b2e0e7a18058adc13618b5068b922f48989f09e","[""*""]","2024-09-21 11:48:12",NULL,"2024-09-19 17:27:50","2024-09-21 11:48:12"
"74","App\Models\User","66","USER TOKEN","76fb498195b724d791750bd3961f7dbed9d8abe61e958a4922035c994e99acb5","[""*""]","2024-10-25 10:32:08",NULL,"2024-09-20 15:59:03","2024-10-25 10:32:08"
"75","App\Models\Admin","2","ADMIN TOKEN","52a58ca1c7452c5b61d63bdab8f3eac20590330d698400e0d05c32e8dd50f827","[""*""]",NULL,NULL,"2024-09-21 09:56:27","2024-09-21 09:56:27"
"76","App\Models\Admin","2","ADMIN TOKEN","50b086923ba89b1ef094e1163cf3f7d438ecd30261e8bae8c25822e39e67656a","[""*""]",NULL,NULL,"2024-09-21 10:25:38","2024-09-21 10:25:38"
"77","App\Models\User","67","USER TOKEN","80a21a57e9ed7e054f4e431d022fdb36f4900462790a47890d03c9271e48c8cc","[""*""]","2024-09-21 11:52:56",NULL,"2024-09-21 11:51:17","2024-09-21 11:52:56"
"78","App\Models\User","68","USER TOKEN","040ac03317c58be7e3a03447d2e6379ecfa96491168af3fb67ff81c09d1af3fc","[""*""]","2024-09-21 11:54:21",NULL,"2024-09-21 11:54:20","2024-09-21 11:54:21"
"79","App\Models\User","69","USER TOKEN","16e841478edc2c1e026bf7f184df851f56531a5688b14941aad30fbae3a0b456","[""*""]","2024-10-02 00:08:19",NULL,"2024-09-21 12:33:53","2024-10-02 00:08:19"
"80","App\Models\Admin","2","ADMIN TOKEN","feade071ed0af14affd3549aed4a7e521ffbe4dc97f96fa0ab669967a97dc0d7","[""*""]",NULL,NULL,"2024-09-21 12:38:01","2024-09-21 12:38:01"
"81","App\Models\Admin","2","ADMIN TOKEN","a63d106bb3971b3cf18891deed20b1c088d7322647840032a0815e2629e4dda2","[""*""]",NULL,NULL,"2024-09-21 14:44:46","2024-09-21 14:44:46"
"82","App\Models\Admin","2","ADMIN TOKEN","0068907a219d8c50de2e6c10cb09a9144c1d88b42bcb63f4b2e49211545aad18","[""*""]","2024-09-21 15:10:39",NULL,"2024-09-21 15:00:07","2024-09-21 15:10:39"
"83","App\Models\User","70","USER TOKEN","f114235320e04e5e05c6426095e70e7e1d851f553bdf9aebab95f957e20777b9","[""*""]","2024-09-21 15:04:38",NULL,"2024-09-21 15:03:37","2024-09-21 15:04:38"
"84","App\Models\User","71","USER TOKEN","6cbb66941f5b3187d9ce1d3ce1f3bb4e33ee2b8ba16996cf3bdd578a21e3d754","[""*""]","2024-09-21 15:25:42",NULL,"2024-09-21 15:16:11","2024-09-21 15:25:42"
"85","App\Models\User","72","USER TOKEN","3927a7d4e1f0b8befe61e9603e612e63f66a9e9dfdeaa214e99c9d0126328ea1","[""*""]","2024-09-21 15:32:02",NULL,"2024-09-21 15:30:52","2024-09-21 15:32:02"
"86","App\Models\User","73","USER TOKEN","c807fe4604888bddb2934b681bdd686746555ea46fa2a55d61b300f19eb3076f","[""*""]","2024-09-21 15:48:39",NULL,"2024-09-21 15:48:37","2024-09-21 15:48:39"
"87","App\Models\User","74","USER TOKEN","f6b9d3db35a03453881e5f3e4e530f5b2e155199873962cfff2810c447647db2","[""*""]","2024-09-21 15:51:50",NULL,"2024-09-21 15:51:46","2024-09-21 15:51:50"
"88","App\Models\User","75","USER TOKEN","ef8aa2bc474821691a7de84271d77f2f5fae05cefc47c75c576660f7780c3dbb","[""*""]","2024-09-21 16:02:18",NULL,"2024-09-21 16:02:17","2024-09-21 16:02:18"
"89","App\Models\Admin","2","ADMIN TOKEN","afb82e2c765049d6e4d6b7a71e094a8732e68520c508948e06c2c3f4da75ae2e","[""*""]",NULL,NULL,"2024-09-21 16:06:31","2024-09-21 16:06:31"
"90","App\Models\User","76","USER TOKEN","238f9f51384bc4067945d68862a8470afe655f9aa02f580ffe69088dac4aa469","[""*""]","2024-09-21 16:22:08",NULL,"2024-09-21 16:06:55","2024-09-21 16:22:08"
"91","App\Models\User","77","USER TOKEN","ac29f95d29c1dc44666546764d2650c7d7b78c01ad5951b3bf0bd253dce9591b","[""*""]","2024-10-04 16:18:57",NULL,"2024-09-21 16:24:55","2024-10-04 16:18:57"
"92","App\Models\Admin","2","ADMIN TOKEN","806183b694ee47369245b657ffc7b89314cb5f1b38908b414e94a5aff8f03118","[""*""]",NULL,NULL,"2024-09-21 16:30:30","2024-09-21 16:30:30"
"93","App\Models\User","78","USER TOKEN","41d695acd7d3d880d5021a5b0ba7a747874dc64112ae1785264b7d9e0ebb17fb","[""*""]","2024-09-21 16:36:34",NULL,"2024-09-21 16:36:31","2024-09-21 16:36:34"
"94","App\Models\User","79","USER TOKEN","e9152053a2063d8c82f58a569e947cac76aad80c24fbb7530d85c7a3ce54ce78","[""*""]","2024-09-23 14:12:26",NULL,"2024-09-21 17:27:29","2024-09-23 14:12:26"
"95","App\Models\User","80","USER TOKEN","32b18e81964b97162b8bb6cbb1ee7d4ebac4566d07481fb6762d517f00ebe6a3","[""*""]","2024-10-03 15:22:48",NULL,"2024-09-23 09:46:39","2024-10-03 15:22:48"
"96","App\Models\Admin","2","ADMIN TOKEN","d8f386a69390927b9ccb1351d36417971e35e8451a818432e3fda30e7b0270af","[""*""]",NULL,NULL,"2024-09-23 15:38:36","2024-09-23 15:38:36"
"97","App\Models\User","81","USER TOKEN","c8a0ec9140e07650b9f41a51251a5910cf4d651220d33a64374d030e7cfbfb98","[""*""]","2024-09-27 15:35:01",NULL,"2024-09-27 12:25:29","2024-09-27 15:35:01"
"98","App\Models\User","82","USER TOKEN","d8964897c6e60b5d3a9e3064744e2fb474a1f9acc99a04d38b72cb3d13e64dd3","[""*""]","2024-09-27 17:05:15",NULL,"2024-09-27 17:00:46","2024-09-27 17:05:15"
"99","App\Models\User","83","USER TOKEN","ffbf376ec9fa22af9c8161efe69622a3df270dd88abb2ce3723eae341a23dc2a","[""*""]","2024-09-27 20:22:06",NULL,"2024-09-27 20:22:05","2024-09-27 20:22:06"
"100","App\Models\User","84","USER TOKEN","349e7c6ffa80eeddb8206adc19cd712814eeffc8ac18254f925c0692fb84070c","[""*""]","2024-10-01 11:43:37",NULL,"2024-09-30 15:46:28","2024-10-01 11:43:37"
"101","App\Models\User","85","USER TOKEN","fa88c58a19418079fd29e64a0d78944c3250839a321fc1f2b6d067ea5575b543","[""*""]","2024-10-02 15:29:17",NULL,"2024-10-02 12:33:13","2024-10-02 15:29:17"
"102","App\Models\Admin","2","ADMIN TOKEN","c5263f65fd5436ea11063c306fc49f4eef52b6db02531809b37319ef5cf713b7","[""*""]",NULL,NULL,"2024-10-03 08:51:09","2024-10-03 08:51:09"
"103","App\Models\User","86","USER TOKEN","f953008685c0a3f2d03395380c50bf9002fa4531beaacf11abd25e16725efb6a","[""*""]","2024-10-08 10:02:34",NULL,"2024-10-03 09:56:14","2024-10-08 10:02:34"
"104","App\Models\User","87","USER TOKEN","bc3e01760dc5d96232f13600c4bada30059ceaa9164525b3bccd4b597044f551","[""*""]","2024-10-03 15:29:58",NULL,"2024-10-03 15:29:57","2024-10-03 15:29:58"
"105","App\Models\User","88","USER TOKEN","fb99985f1958df4e1acdaef13e85ba25230f5249360e378b776423e415268e6b","[""*""]","2024-10-21 14:43:06",NULL,"2024-10-03 15:32:03","2024-10-21 14:43:06"
"106","App\Models\Admin","2","ADMIN TOKEN","cac50f1bc98c33b1b72d611ffd4821465da46d490bba937ec40b54befa952f72","[""*""]",NULL,NULL,"2024-10-03 15:44:51","2024-10-03 15:44:51"
"107","App\Models\Admin","3","ADMIN TOKEN","6ba44081cdcf7c9c647ceb1c7bfde4ed9845d0466d5d99da58919ac76846f73b","[""*""]",NULL,NULL,"2024-10-03 20:57:37","2024-10-03 20:57:37"
"108","App\Models\User","89","USER TOKEN","11b3237fe5fc52a82fb915bc19c913ffc353ca16a1777cf9c32f40524df3ac85","[""*""]","2024-11-11 13:51:47",NULL,"2024-10-03 20:57:50","2024-11-11 13:51:47"
"109","App\Models\Admin","2","ADMIN TOKEN","1d9121f387a4135de5a7df09e8b2fac5e6029acf8f91bc438e7d98b3e375a9a1","[""*""]",NULL,NULL,"2024-10-04 10:41:10","2024-10-04 10:41:10"
"110","App\Models\Admin","2","ADMIN TOKEN","1685e2ad47026e2e3964ff042f0590100bbb56c6d192b55bd312035cfcbedb45","[""*""]",NULL,NULL,"2024-10-04 10:43:56","2024-10-04 10:43:56"
"111","App\Models\Admin","2","ADMIN TOKEN","bc805558c31b103a541027d220b4cb51f70628a4e6f513649544d8a0c139477f","[""*""]",NULL,NULL,"2024-10-04 10:51:43","2024-10-04 10:51:43"
"112","App\Models\Admin","2","ADMIN TOKEN","eb527456171d4fd3ae3392c9dd79e5cd683c2c90bca056bf39f012fd62a26ad4","[""*""]",NULL,NULL,"2024-10-04 10:55:06","2024-10-04 10:55:06"
"113","App\Models\Admin","2","ADMIN TOKEN","dd185119ceb1847f843e5104256c2c5c518fcd22ae18d4a31041f87cf37dc1d0","[""*""]",NULL,NULL,"2024-10-04 11:07:03","2024-10-04 11:07:03"
"114","App\Models\Admin","3","ADMIN TOKEN","3d1150fe57dd5ad2690f61f7d308e8825c620d55e71eb1ff95826ea9582a1b0a","[""*""]",NULL,NULL,"2024-10-04 11:20:37","2024-10-04 11:20:37"
"115","App\Models\Admin","3","ADMIN TOKEN","7fead419a03a8800a5221187c63a6e273ae248195c4d8dfdd16f648a26126ba5","[""*""]",NULL,NULL,"2024-10-04 11:27:23","2024-10-04 11:27:23"
"116","App\Models\Admin","3","ADMIN TOKEN","9491064bf6d6e9a3919366111075d7ee4cacdca0c0df7b4e0ab75c963c100137","[""*""]",NULL,NULL,"2024-10-04 11:28:51","2024-10-04 11:28:51"
"117","App\Models\Admin","3","ADMIN TOKEN","5caa75556f3d7bab57e27ff0e5ab9dcb4cae9f4c2db9c8376e7e9b9ade07465e","[""*""]",NULL,NULL,"2024-10-04 11:29:44","2024-10-04 11:29:44"
"118","App\Models\Admin","3","ADMIN TOKEN","8c2f4a3706efb3ec32c34320168cd3c8cb2322aba3aa655b6d23ed1557a083fd","[""*""]",NULL,NULL,"2024-10-04 11:30:46","2024-10-04 11:30:46"
"119","App\Models\Admin","3","ADMIN TOKEN","dc3fe8f9c5be0356f843417d1b9141b258a8b75599f71e8df917211eec9d1c2f","[""*""]",NULL,NULL,"2024-10-04 11:36:40","2024-10-04 11:36:40"
"120","App\Models\Admin","3","ADMIN TOKEN","28f9b9dffc6296207cfec119c9e1965152d3b65fa3b6dfc5ceb7f42f3027f8fa","[""*""]",NULL,NULL,"2024-10-04 11:43:53","2024-10-04 11:43:53"
"121","App\Models\Admin","3","ADMIN TOKEN","96de839797ad3b8452542e96df522bd84b43ccfb18d363061c6620508aa41965","[""*""]",NULL,NULL,"2024-10-04 11:45:41","2024-10-04 11:45:41"
"122","App\Models\Admin","3","ADMIN TOKEN","4febb65ecd815fc09909aece74442de879868995e47026396fe8bc356dad1fdf","[""*""]",NULL,NULL,"2024-10-04 11:59:01","2024-10-04 11:59:01"
"123","App\Models\Admin","3","ADMIN TOKEN","2b5b416a8b4cea64b0f9acab8bb5455e8133443c8d5b376cf3ba6bc6f7268963","[""*""]",NULL,NULL,"2024-10-04 12:07:39","2024-10-04 12:07:39"
"124","App\Models\Admin","3","ADMIN TOKEN","68314d184da3bad0db611d873d24a3582e0fa727403cd92e021f21732f3d5c96","[""*""]",NULL,NULL,"2024-10-04 12:10:39","2024-10-04 12:10:39"
"125","App\Models\Admin","3","ADMIN TOKEN","278e8cda0b1b30dc87eb289182588120f378b8c43f49765493e242bda4c73fc7","[""*""]",NULL,NULL,"2024-10-04 12:11:42","2024-10-04 12:11:42"
"126","App\Models\Admin","3","ADMIN TOKEN","18a6b73caa6dd827b31b7359d489e5a19f3d13e365a22f9b0553686b57adbc95","[""*""]",NULL,NULL,"2024-10-04 13:28:22","2024-10-04 13:28:22"
"127","App\Models\Admin","2","ADMIN TOKEN","74fe125ad405dd0d2fd56da1c353728bc92da9c280ce753657cfd921ed0adddf","[""*""]",NULL,NULL,"2024-10-04 13:28:43","2024-10-04 13:28:43"
"128","App\Models\Admin","2","ADMIN TOKEN","d4c219e6c3b8c7ffe74c8df0e07b0a5f26570d60bbc9ca091b2edd57e2f48c2e","[""*""]",NULL,NULL,"2024-10-04 13:30:54","2024-10-04 13:30:54"
"129","App\Models\Admin","3","ADMIN TOKEN","ff52ef4c539a9b8e543d515d802c8f0c1b6bb729c0508fcd4252f6e51492f59b","[""*""]",NULL,NULL,"2024-10-04 14:09:02","2024-10-04 14:09:02"
"130","App\Models\User","90","USER TOKEN","485c73ce851687c145a8e6997074606d1002eb8a5e6d5081b809c792d723879a","[""*""]","2024-11-05 12:29:51",NULL,"2024-10-04 15:48:43","2024-11-05 12:29:51"
"131","App\Models\User","91","USER TOKEN","eb203618845d121f6bb74f01cb38f60a270ee9bc0b58d73f14d0c53e65b1d869","[""*""]","2024-10-04 16:06:59",NULL,"2024-10-04 16:05:42","2024-10-04 16:06:59"
"132","App\Models\Admin","2","ADMIN TOKEN","c27e42a9f7fe9330bcbb69a286d9a1470272ef8b9ec7ebb4168c984eacd77285","[""*""]","2024-11-05 12:13:57",NULL,"2024-10-04 16:14:10","2024-11-05 12:13:57"
"133","App\Models\User","92","USER TOKEN","1c2015838c4785716620a62caa6446e8db72be5fca40a5c93daae99864fe6bc7","[""*""]","2024-10-06 04:20:32",NULL,"2024-10-04 16:22:43","2024-10-06 04:20:32"
"134","App\Models\User","93","USER TOKEN","8fc0d649b032fcf191e74e4958d6ee0f0686fe73cce86c4894edc927f9827c20","[""*""]","2024-10-16 16:26:01",NULL,"2024-10-04 16:33:10","2024-10-16 16:26:01"
"135","App\Models\User","94","USER TOKEN","a09bcc343416581015f30b5f8dcabe4be46a804b49e7df516c7c5067e8803a95","[""*""]","2024-10-04 21:39:22",NULL,"2024-10-04 16:47:57","2024-10-04 21:39:22"
"136","App\Models\User","95","USER TOKEN","53f3fd3c2afb4c4695135e03c373346250965acc128f29bd04ab381d21ed8506","[""*""]","2024-10-08 11:12:32",NULL,"2024-10-08 11:12:31","2024-10-08 11:12:32"
"137","App\Models\User","96","USER TOKEN","a4a551d818e9678439fbb7f99e650f34b68f2bf1f5d3b829b703776a27771978","[""*""]","2024-10-08 12:45:09",NULL,"2024-10-08 12:42:38","2024-10-08 12:45:09"
"138","App\Models\Admin","3","ADMIN TOKEN","ed646c50ab01de28aa08899e5efb9225b49e2c864b66dbe5c1922702605b7da4","[""*""]","2024-11-09 15:46:51",NULL,"2024-10-08 14:06:14","2024-11-09 15:46:51"
"139","App\Models\User","97","USER TOKEN","ff14c8da519e78ef9b2ebd19e97f6916cde80cd0f47ee2758e8d857e97ff6e2e","[""*""]","2024-10-12 14:19:47",NULL,"2024-10-12 13:05:15","2024-10-12 14:19:47"
"140","App\Models\User","98","USER TOKEN","3df333f7fe5a6d4014c0df156081b70385491b7fbeb69a61d8395512c548c6bf","[""*""]","2024-10-12 14:57:45",NULL,"2024-10-12 14:57:39","2024-10-12 14:57:45"
"141","App\Models\User","99","USER TOKEN","ebfb70f38c36d3e6f2b9ea022a1515018bd7aeb28a63f7aadba2fa9ca23bbe38","[""*""]","2024-11-04 10:51:35",NULL,"2024-10-16 08:40:32","2024-11-04 10:51:35"
"142","App\Models\User","100","USER TOKEN","d713883a2629575c9f1adc344d2a8efe5c23c2f946c89d31c7ee1bfbfe306076","[""*""]","2024-11-04 12:26:48",NULL,"2024-10-24 03:28:08","2024-11-04 12:26:48"
"143","App\Models\User","101","USER TOKEN","ae57a84c1ac6b694341231d77cf226ff4763f70196301e9ab617b69fd53b8191","[""*""]","2024-11-01 09:06:00",NULL,"2024-10-24 06:11:00","2024-11-01 09:06:00"
"144","App\Models\User","102","USER TOKEN","22b5c208b833be229e467070b0a6c71546802dc52d747132a5c07c46e711b70a","[""*""]","2024-10-25 10:32:45",NULL,"2024-10-25 10:32:43","2024-10-25 10:32:45"
"145","App\Models\User","103","USER TOKEN","8d19141cf04d0d26df501c0607d343d347f074dfd0185000dd06266988048b79","[""*""]","2024-10-25 10:33:40",NULL,"2024-10-25 10:33:39","2024-10-25 10:33:40"
"146","App\Models\User","104","USER TOKEN","88e5d1673182dc1fa71c72bc7fa40e5abbbde3309738a2f744cc248bd3156432","[""*""]","2024-10-25 10:43:29",NULL,"2024-10-25 10:43:28","2024-10-25 10:43:29"
"147","App\Models\User","105","USER TOKEN","a51f419fc47ad2d6110b14ceeca1274fcb20a08945ccbdf1de3118f5f1b5c4cd","[""*""]","2024-10-25 10:46:05",NULL,"2024-10-25 10:46:03","2024-10-25 10:46:05"
"148","App\Models\User","106","USER TOKEN","ff0ea71ea7ce756edea6a4da9838048907f59a0ec210b762fc6f1e4dce7ff5f8","[""*""]","2024-10-25 10:46:47",NULL,"2024-10-25 10:46:46","2024-10-25 10:46:47"
"149","App\Models\User","107","USER TOKEN","68853dfaf21988053a744b2a046220665b72b8a1b2ba064d55e98aa947a7857c","[""*""]","2024-11-04 11:20:08",NULL,"2024-10-25 10:47:24","2024-11-04 11:20:08"
"150","App\Models\User","108","USER TOKEN","e7919987ad570c37800e5464886b6d0683bece1455a8a5caeff47b761ded20a7","[""*""]","2024-11-05 06:52:14",NULL,"2024-10-26 14:54:41","2024-11-05 06:52:14"
"151","App\Models\User","109","USER TOKEN","43ca9e9f4dbcbf7a23872a3d33c1608a733d63024fdf5060ad34f8b96e2c168f","[""*""]","2024-11-05 06:39:02",NULL,"2024-11-01 09:08:23","2024-11-05 06:39:02"
"152","App\Models\User","110","USER TOKEN","327ba4e877bc2102863c504745c302cc440f7f58caf42fdc7be639d8200c7f83","[""*""]","2024-11-04 10:53:42",NULL,"2024-11-04 10:53:41","2024-11-04 10:53:42"
"153","App\Models\User","111","USER TOKEN","9f3a30072cb52f7fb59cbb8ee5a6e9cd403da523036bc2afd28ed7f5d78dc9b3","[""*""]","2024-11-04 11:01:26",NULL,"2024-11-04 11:01:25","2024-11-04 11:01:26"
"154","App\Models\User","112","USER TOKEN","809c0f18c5ae7a8a82d1574fa424fd7588286533047f70ca0725052f51553e82","[""*""]","2024-11-06 07:05:09",NULL,"2024-11-05 06:42:22","2024-11-06 07:05:09"
"155","App\Models\User","113","USER TOKEN","93ecfa8847392f35b5dcc94ee6afb6c63288f9f50fd3911476e2fc6fc32e77a4","[""*""]","2024-11-05 06:44:46",NULL,"2024-11-05 06:44:44","2024-11-05 06:44:46"
"156","App\Models\User","114","USER TOKEN","af4e54e6a30096904e7ee34ad4321ea07c08e15f57af21e26ac728de3b0bba58","[""*""]","2024-11-05 06:46:49",NULL,"2024-11-05 06:46:48","2024-11-05 06:46:49"
"157","App\Models\Admin","2","ADMIN TOKEN","1eda20cde02d884006022ddbca2fd7edf93d1f5f73e04531eeeb9d9bd036b459","[""*""]","2024-11-05 10:47:20",NULL,"2024-11-05 06:58:52","2024-11-05 10:47:20"
"158","App\Models\User","115","USER TOKEN","b549e262530e896e561a82a1d27dc9962faf7e211153e64cd297b78d5148a77d","[""*""]","2024-11-05 14:22:34",NULL,"2024-11-05 07:02:01","2024-11-05 14:22:34"
"159","App\Models\User","116","USER TOKEN","75d364735fe38b2dfb841140616127996568c15cbe86878a2a85ea803710f996","[""*""]","2024-11-05 18:53:28",NULL,"2024-11-05 08:10:22","2024-11-05 18:53:28"
"160","App\Models\User","117","USER TOKEN","d1bdaa882b2364ab3cccacf576939701874698135fd0411195f38f9ff884e9d9","[""*""]","2025-02-20 14:16:08",NULL,"2024-11-05 08:45:18","2025-02-20 14:16:08"
"161","App\Models\User","118","USER TOKEN","f93f30841a12ce89eaba4b6df84faf7dc02d291677483619fc535b4dc0c4edba","[""*""]","2024-11-05 16:16:05",NULL,"2024-11-05 10:21:28","2024-11-05 16:16:05"
"162","App\Models\User","119","USER TOKEN","a59162f08b83f06d9d2135608a4e1fc34439537ffbbe4820398e2816576888ce","[""*""]","2024-11-11 13:06:39",NULL,"2024-11-05 10:37:06","2024-11-11 13:06:39"
"163","App\Models\Admin","4","ADMIN TOKEN","e792897e396a7191958a6796ad5f8774c82c3e3df00aa5ef61bed0c7887ad572","[""*""]","2024-11-05 13:44:33",NULL,"2024-11-05 10:53:17","2024-11-05 13:44:33"
"164","App\Models\Admin","4","ADMIN TOKEN","c2fd7838f42fac01ae62a448294186e05ab46dda14ceb027d08d971f89975c7b","[""*""]","2024-11-05 13:48:36",NULL,"2024-11-05 13:47:13","2024-11-05 13:48:36"
"165","App\Models\User","120","USER TOKEN","b18ef221ba41a400e50ffa569e9ae2b327fe0d3a7756f0632dac6ad50c17cf83","[""*""]","2024-11-11 12:40:08",NULL,"2024-11-05 13:54:20","2024-11-11 12:40:08"
"166","App\Models\Admin","2","ADMIN TOKEN","c9383b210f412e05cc3eba4c8cc9f348e837474f7b852b9f72f53d71c212355d","[""*""]",NULL,NULL,"2024-11-05 16:53:25","2024-11-05 16:53:25"
"167","App\Models\User","121","USER TOKEN","f3c4e6d94947108c44e42c0d7f5ac55bac917e38c45d19d42816fc07cbccf038","[""*""]","2024-11-05 17:25:56",NULL,"2024-11-05 17:02:41","2024-11-05 17:25:56"
"168","App\Models\User","122","USER TOKEN","96334c5c14d4a858e439f68bc1ef98bf85c9f2e49325f180ce23a3d63aab7c85","[""*""]","2024-11-06 09:35:54",NULL,"2024-11-05 17:27:14","2024-11-06 09:35:54"
"169","App\Models\Admin","5","ADMIN TOKEN","bae64b0485247c77d801d3eff21c34ef72973353962ee6120d0ca020497f4815","[""*""]",NULL,NULL,"2024-11-05 19:18:23","2024-11-05 19:18:23"
"170","App\Models\User","123","USER TOKEN","e1262a0da1e9d5c082f90413866395985688a08ca55f3ab50e26176a49c425fb","[""*""]","2024-11-06 12:08:46",NULL,"2024-11-06 05:30:25","2024-11-06 12:08:46"
"171","App\Models\Admin","2","ADMIN TOKEN","0582d442f246e0222d9a78726a07cf53a16de395d37b859c2f2b311b05a6668b","[""*""]","2024-11-06 06:14:42",NULL,"2024-11-06 05:38:00","2024-11-06 06:14:42"
"172","App\Models\Admin","6","ADMIN TOKEN","00d64dc9b26b7791d73d5fa15dccbdb486efb9de9f7ce07c29697f3fd42e23d4","[""*""]","2024-11-06 07:09:11",NULL,"2024-11-06 06:29:46","2024-11-06 07:09:11"
"173","App\Models\User","124","USER TOKEN","3aa8de225140d8b9e30d9215e4afecae3ac2d3ed33c31d239033471715be3a09","[""*""]","2024-11-06 09:13:27",NULL,"2024-11-06 07:14:56","2024-11-06 09:13:27"
"174","App\Models\Admin","7","ADMIN TOKEN","436c664c533c27fd21edd4ee59dfb69e2512f294e99fc4849f11eabaf8ca1314","[""*""]","2024-11-06 08:51:10",NULL,"2024-11-06 07:17:01","2024-11-06 08:51:10"
"175","App\Models\User","125","USER TOKEN","9814e46a246aa812a77aa26ca64c582ef1d461aaad103c1fdf30b5abb8e4f744","[""*""]","2024-11-06 11:06:08",NULL,"2024-11-06 09:49:08","2024-11-06 11:06:08"
"176","App\Models\User","126","USER TOKEN","31bcbd2c4641e96af5ee946ce22a0920eda15e582f7035df4a3a51381a93d0e7","[""*""]","2025-01-07 13:48:54",NULL,"2024-11-06 10:00:24","2025-01-07 13:48:54"
"177","App\Models\User","127","USER TOKEN","44f75574e038d02f4d5afae8a28bd846070cdfa279e212b6dfbef6d5e5f2cb19","[""*""]","2024-11-22 18:31:42",NULL,"2024-11-06 10:17:41","2024-11-22 18:31:42"
"178","App\Models\Admin","6","ADMIN TOKEN","3f84ad5fbdb52786b6210616983ca220bbed00a2445786b46901de2f189d4775","[""*""]",NULL,NULL,"2024-11-06 10:25:31","2024-11-06 10:25:31"
"179","App\Models\Admin","6","ADMIN TOKEN","1f10a9f62b5d5a5e66cc68a38274183fa86a370901028a898d7309ed17375789","[""*""]",NULL,NULL,"2024-11-06 10:26:15","2024-11-06 10:26:15"
"180","App\Models\User","128","USER TOKEN","77a7df8892ed618c265525d4ad9d7104bb9dc2b467ff19b4eb2514c841406238","[""*""]","2024-11-08 12:24:12",NULL,"2024-11-06 11:37:12","2024-11-08 12:24:12"
"181","App\Models\User","129","USER TOKEN","d1862884326ef8bd90180b22715c1a2fd313e4a6cb12ba0763c2cb13a734a21d","[""*""]","2025-08-20 18:36:00",NULL,"2024-11-06 11:40:03","2025-08-20 18:36:00"
"182","App\Models\User","130","USER TOKEN","5b98802c5387e75dfcc2bec73ace9311f9cb059453d9af2e6baf94907b2fb1a7","[""*""]","2024-11-08 16:20:58",NULL,"2024-11-06 11:40:51","2024-11-08 16:20:58"
"183","App\Models\User","131","USER TOKEN","5e49d0b9ba5a6cf155c7fd4c4f59ad5d2055062cc30b758b092cc0e5580e806b","[""*""]","2024-11-13 16:31:18",NULL,"2024-11-06 11:44:18","2024-11-13 16:31:18"
"184","App\Models\User","132","USER TOKEN","407e673b9ccbf2f647632e3faa678e68134f2771f11380b72e49563de00a5ece","[""*""]","2025-04-14 11:40:26",NULL,"2024-11-06 11:44:25","2025-04-14 11:40:26"
"185","App\Models\User","133","USER TOKEN","e486bdc67b26e91a7378e5093a5cbf2de94c495c7381c31171b43fe7c08f471d","[""*""]","2024-11-10 18:31:12",NULL,"2024-11-06 11:44:25","2024-11-10 18:31:12"
"186","App\Models\User","134","USER TOKEN","6312768a4ed5f0f3ae842be352865999472fd1c14286f426828df3ba4cce7c95","[""*""]","2024-12-18 12:21:01",NULL,"2024-11-06 11:44:47","2024-12-18 12:21:01"
"187","App\Models\User","135","USER TOKEN","45b8341d9c4a144b3a303ff18b0f9cddf280e28d3d19469ac7191b10b47a2d51","[""*""]","2025-06-27 21:41:59",NULL,"2024-11-06 11:44:57","2025-06-27 21:41:59"
"188","App\Models\Admin","2","ADMIN TOKEN","02755978d72bea353842967646e305dc6d017b47666b6ad0774dcaf3d406493f","[""*""]","2024-11-08 06:36:33",NULL,"2024-11-06 11:48:01","2024-11-08 06:36:33"
"189","App\Models\User","136","USER TOKEN","f2b49e555502d179e53963a0497bfffac33562ee6fc2543cd778b58a2be11225","[""*""]","2024-12-04 07:01:20",NULL,"2024-11-06 11:48:26","2024-12-04 07:01:20"
"190","App\Models\Admin","3","ADMIN TOKEN","6a9094519031e5d226fd869662dcfc58224974741a4c709a1492c84a8772dc8d","[""*""]","2024-11-09 12:43:32",NULL,"2024-11-06 12:57:54","2024-11-09 12:43:32"
"191","App\Models\User","137","USER TOKEN","dd57a624f3809d88356420a81ebbac00a3ae7e06e899f0e67c20d9a0b240b0f8","[""*""]","2024-11-13 04:35:32",NULL,"2024-11-07 18:27:34","2024-11-13 04:35:32"
"192","App\Models\User","138","USER TOKEN","f9fb64a03641fed6240ceafa26a40b8254a16df0d75e26b20d0baa47c2a0c848","[""*""]","2024-11-11 09:26:37",NULL,"2024-11-08 12:02:15","2024-11-11 09:26:37"
"193","App\Models\User","139","USER TOKEN","359127d239e4923c1b5016de96a4a6b08af2c6ecc881dd2f65e44a34cec76caf","[""*""]","2024-11-08 12:20:45",NULL,"2024-11-08 12:06:24","2024-11-08 12:20:45"
"194","App\Models\User","140","USER TOKEN","c4cf46ccd98b7a7673c5b959a599abf67ac73bf9cf3734139c277b79ccb023d5","[""*""]","2024-11-08 12:08:24",NULL,"2024-11-08 12:06:33","2024-11-08 12:08:24"
"195","App\Models\User","141","USER TOKEN","dba7d4d7d655a1bd4b1a12c0b60f9ffdd553c1dd4443a639f4458e3fcb293b0b","[""*""]","2024-11-08 12:08:46",NULL,"2024-11-08 12:08:45","2024-11-08 12:08:46"
"196","App\Models\User","142","USER TOKEN","c3c88310fbace074e93539ace011877b8a6833d31e7c4491e396761ce9fcb4c7","[""*""]","2025-01-01 00:56:15",NULL,"2024-11-08 12:11:01","2025-01-01 00:56:15"
"197","App\Models\User","143","USER TOKEN","047f4ab4cd81a4f28f318f0101371c891cecc9d8c462ba0a7068b96bc2ae04c5","[""*""]","2024-11-08 12:22:08",NULL,"2024-11-08 12:11:30","2024-11-08 12:22:08"
"198","App\Models\User","144","USER TOKEN","86145abd6d3533f05a188f5f7d82d26b04f60aea60036211c82e777fd38fa0c3","[""*""]","2024-11-08 12:13:56",NULL,"2024-11-08 12:13:53","2024-11-08 12:13:56"
"199","App\Models\Admin","2","ADMIN TOKEN","0fa9a13769e80b780aaa71b86cf71695e698c57f399444e569c7d3589fdb0bde","[""*""]",NULL,NULL,"2024-11-08 12:14:12","2024-11-08 12:14:12"
"200","App\Models\User","145","USER TOKEN","c5b50a3756c6f20fb0f8b38f6cac3e1f17ca5350845096735f55b1fcf953d178","[""*""]","2024-11-09 20:19:18",NULL,"2024-11-08 12:15:13","2024-11-09 20:19:18"
"201","App\Models\User","146","USER TOKEN","795c3ae2b930a3fe7c563e94fc07f080c35b53699dc1038aa91dc3b11ef62891","[""*""]","2024-12-20 21:39:53",NULL,"2024-11-08 12:17:55","2024-12-20 21:39:53"
"202","App\Models\User","147","USER TOKEN","71d3b23c44edc4c157740f30d140d3012d06868a98c49989a2e693a503a89a07","[""*""]","2024-11-08 14:32:44",NULL,"2024-11-08 12:20:04","2024-11-08 14:32:44"
"203","App\Models\User","148","USER TOKEN","d23e53cad4752b56905a71586c05b61077c1521ae7c8526abbfb66257985111f","[""*""]","2024-11-08 12:23:52",NULL,"2024-11-08 12:20:43","2024-11-08 12:23:52"
"204","App\Models\User","149","USER TOKEN","659fbf5f0fc9a911dd3febd135a5829f45e46de4349ccd2d787f8ab88516a861","[""*""]","2024-11-11 16:41:45",NULL,"2024-11-08 12:21:57","2024-11-11 16:41:45"
"205","App\Models\User","150","USER TOKEN","51775dad7f3ca0af817b66172b7ef19e828b5e8a7677ad069e4f1aae8d9538a6","[""*""]","2024-11-19 12:08:27",NULL,"2024-11-08 12:25:11","2024-11-19 12:08:27"
"206","App\Models\User","151","USER TOKEN","4fd9d24c4a4fd505467500d29ed3df8a0215cee346f0eb0de1dcae506c8101c9","[""*""]","2024-12-20 11:08:24",NULL,"2024-11-08 15:26:21","2024-12-20 11:08:24"
"207","App\Models\User","152","USER TOKEN","7116b835c7eab423a6a8ff9ca3a18aad69a2f55b3d04ead64b4601a53a162448","[""*""]","2024-11-19 12:15:13",NULL,"2024-11-08 18:55:47","2024-11-19 12:15:13"
"208","App\Models\User","153","USER TOKEN","27f7bbd04f8f0060b9f372b70294774b0468563dd87088c0c2d838b75257fed8","[""*""]","2025-01-26 11:01:01",NULL,"2024-11-09 05:52:23","2025-01-26 11:01:01"
"209","App\Models\Admin","2","ADMIN TOKEN","e7e61fb8ca383bbfbff55325cae6934c8da970b7eba559b3384f2e16f8688598","[""*""]","2024-11-09 19:26:56",NULL,"2024-11-09 10:56:58","2024-11-09 19:26:56"
"210","App\Models\Admin","2","ADMIN TOKEN","560c59f7ee40b3926557156c61ecbbabf88f2e3d94903590d68be4727565f5ef","[""*""]",NULL,NULL,"2024-11-09 15:51:38","2024-11-09 15:51:38"
"211","App\Models\User","154","USER TOKEN","33165ab34077cbba1f611ff8f5c4cfda77486796fb21b9619e00f3ae9754c51b","[""*""]","2024-11-29 11:34:43",NULL,"2024-11-09 20:29:38","2024-11-29 11:34:43"
"212","App\Models\Admin","2","ADMIN TOKEN","259a40ffbe254660bdd477e4c8268a1a4f18abe5ff5fa1814b380c00ad7afbf6","[""*""]",NULL,NULL,"2024-11-10 19:04:26","2024-11-10 19:04:26"
"213","App\Models\Admin","8","ADMIN TOKEN","9729958a008edad5f8d4348bc5afb6aece641cb5827b1e189a4211db619bcf8d","[""*""]","2024-11-11 13:31:52",NULL,"2024-11-10 19:07:22","2024-11-11 13:31:52"
"214","App\Models\Admin","8","ADMIN TOKEN","a6635148f4e6f35efb1df413b2cfa9a9c2c63a6b5d9ac6d5dce51f9383ac9913","[""*""]",NULL,NULL,"2024-11-10 19:09:18","2024-11-10 19:09:18"
"215","App\Models\User","155","USER TOKEN","510604f713bd8c490bd91ca1945ae4a2cd430635c12a3907403c08be40406bda","[""*""]","2024-11-11 13:51:00",NULL,"2024-11-11 09:28:34","2024-11-11 13:51:00"
"216","App\Models\User","156","USER TOKEN","4e054fb1a6630f21703a5c5a8c9d3302283015f8a9c7e6a5541d26bf8409c29e","[""*""]","2024-12-07 07:59:26",NULL,"2024-11-11 10:23:45","2024-12-07 07:59:26"
"217","App\Models\User","157","USER TOKEN","1c12564556e68c8a326a3190cb84e51b0c29c2af9d7439c4eefe7bc5ea884eea","[""*""]","2025-07-01 18:28:59",NULL,"2024-11-11 10:25:58","2025-07-01 18:28:59"
"218","App\Models\User","158","USER TOKEN","22cc2ed2b818e5182fa86601cc398865d40b5c6030f0387d891d4650ad2ba76c","[""*""]","2024-11-11 10:40:49",NULL,"2024-11-11 10:40:47","2024-11-11 10:40:49"
"219","App\Models\Admin","3","ADMIN TOKEN","31812bfdc2faf777c667eb4764fc525663584bb2bce70288e79bd149b0f41302","[""*""]",NULL,NULL,"2024-11-11 11:14:05","2024-11-11 11:14:05"
"220","App\Models\Admin","2","ADMIN TOKEN","c9081a5ce2e9aa0b177d1bc84e02e1c793f13ed606187c118df9f798fc71f2b1","[""*""]",NULL,NULL,"2024-11-11 12:15:13","2024-11-11 12:15:13"
"221","App\Models\User","159","USER TOKEN","6499cc165047e00ac8ec20cf516ca43ab92eb7ba9c052ce3e44678bc10711bfc","[""*""]",NULL,NULL,"2024-11-11 12:41:18","2024-11-11 12:41:18"
"222","App\Models\User","160","USER TOKEN","c7139a02fd94e2981b91aac55525bf980e7c3217ac7712031b6beb7cdf9f28c0","[""*""]",NULL,NULL,"2024-11-11 12:41:23","2024-11-11 12:41:23"
"223","App\Models\User","161","USER TOKEN","21d2b02167c59831b398ec817c628d38ab75e455b15536c2100e4fc297eaeb0b","[""*""]",NULL,NULL,"2024-11-11 12:42:52","2024-11-11 12:42:52"
"224","App\Models\User","162","USER TOKEN","4323470536dc8c742002126639e2a76e27f244bf26285746be8ddcbd6ea51145","[""*""]",NULL,NULL,"2024-11-11 12:47:35","2024-11-11 12:47:35"
"225","App\Models\User","163","USER TOKEN","3e7945fe32c5bfbf196b3a6977604ee0244b3ea98f8cd5c3f044a52bf67909f9","[""*""]",NULL,NULL,"2024-11-11 12:47:45","2024-11-11 12:47:45"
"226","App\Models\User","164","USER TOKEN","0b8e33a68aa9244003eb9c55af4eb9f74990d1887b6066b694469db27807367e","[""*""]",NULL,NULL,"2024-11-11 12:47:54","2024-11-11 12:47:54"
"227","App\Models\User","165","USER TOKEN","b877db4aa732bee15a0af0e2da034d58464b63f771b14e6ba7a9f8de0bce8b98","[""*""]",NULL,NULL,"2024-11-11 13:13:34","2024-11-11 13:13:34"
"228","App\Models\User","166","USER TOKEN","675abdf9deb16c80518ab6e0b73f10d82dbbb1f5c1e0594bdc334304dc4e30ae","[""*""]",NULL,NULL,"2024-11-11 13:14:30","2024-11-11 13:14:30"
"229","App\Models\User","167","USER TOKEN","4fe0c8ba88ed2f8e63e0ad851f4670ac905691d36a34bcc3741e6e8bc4e1c797","[""*""]",NULL,NULL,"2024-11-11 13:15:24","2024-11-11 13:15:24"
"230","App\Models\User","168","USER TOKEN","1e7a65afabfd29915c18563afe3d0a28f5e51f35390a53c3e6dcb8fa1a040bd7","[""*""]",NULL,NULL,"2024-11-11 13:16:05","2024-11-11 13:16:05"
"231","App\Models\User","169","USER TOKEN","2404e979b2b801ed7a46bb98c8d5821049c9058d72dde5e26868830e6bd4e8f7","[""*""]","2024-11-11 13:24:13",NULL,"2024-11-11 13:17:00","2024-11-11 13:24:13"
"232","App\Models\User","171","USER TOKEN","badf50af44a092fea1aa995658544aafd89dd1aa39db8aeb176b0df5ec1f570b","[""*""]",NULL,NULL,"2024-11-11 13:24:50","2024-11-11 13:24:50"
"233","App\Models\User","172","USER TOKEN","2ed789c81a5cad01f45ae604713aee80a96307833e6b2a11e1832849ec1191e6","[""*""]",NULL,NULL,"2024-11-11 13:25:12","2024-11-11 13:25:12"
"234","App\Models\User","173","USER TOKEN","fb6b9d58cb658c6d458ebae5aa012049322d5eadc58c0dc7d1003231aceb9a9d","[""*""]",NULL,NULL,"2024-11-11 13:25:42","2024-11-11 13:25:42"
"235","App\Models\Admin","8","ADMIN TOKEN","a962919307cca11828f005526038deb92fcafbd175f6a4ec8e91898070f36415","[""*""]",NULL,NULL,"2024-11-11 13:30:25","2024-11-11 13:30:25"
"236","App\Models\Admin","2","ADMIN TOKEN","6e57576962cb1292c634c81bc39b52b007fd1f5b9952964b5de4192f58653861","[""*""]",NULL,NULL,"2024-11-11 13:31:50","2024-11-11 13:31:50"
"237","App\Models\Admin","8","ADMIN TOKEN","1a0bda9e0c7a5b5c11f8b2931e25d4557d04403fd7651f98e54c2624a6202d69","[""*""]",NULL,NULL,"2024-11-11 13:32:14","2024-11-11 13:32:14"
"238","App\Models\User","174","USER TOKEN","4b76b0bc266259a84b8b9d4bb19e3bfbbe9a73a32d98f5c33c02643ee535b2f7","[""*""]",NULL,NULL,"2024-11-11 13:32:40","2024-11-11 13:32:40"
"239","App\Models\User","175","USER TOKEN","036b2a69d460dbe0e85fae05c159ab21cb8fbc96bb76d3dfcf6607cca705e983","[""*""]",NULL,NULL,"2024-11-11 13:34:24","2024-11-11 13:34:24"
"240","App\Models\User","176","USER TOKEN","a9aaf83e396fedce92d0cd51633e19b17704dd2f324345ebafe2bc66afa04df4","[""*""]",NULL,NULL,"2024-11-11 13:34:31","2024-11-11 13:34:31"
"241","App\Models\Admin","8","ADMIN TOKEN","ffc4a35de9e6d520d630fa2395219765a22df388b525947e7fd0f34764187d95","[""*""]",NULL,NULL,"2024-11-11 13:37:17","2024-11-11 13:37:17"
"242","App\Models\User","177","USER TOKEN","4b998ca87461c53f079242dd55ed15cd0d3dfca5ee35f494651c4a1a02705212","[""*""]",NULL,NULL,"2024-11-11 13:37:40","2024-11-11 13:37:40"
"243","App\Models\User","178","USER TOKEN","25b0cd9decad74a519145ad28c569db7b7ca3336dab4ddc0a89f0b95e12e5ac7","[""*""]",NULL,NULL,"2024-11-11 13:38:31","2024-11-11 13:38:31"
"244","App\Models\Admin","8","ADMIN TOKEN","52998bd80965c0d96ad481ce6015266ecb398ab63e63a9d10ef18398517cb17d","[""*""]","2024-11-11 15:46:28",NULL,"2024-11-11 13:41:51","2024-11-11 15:46:28"
"245","App\Models\User","179","USER TOKEN","1af636e90494bebee643d5db3988301366ad78256ff2fb8ab3d2bb2637c99ba3","[""*""]",NULL,NULL,"2024-11-11 13:42:46","2024-11-11 13:42:46"
"246","App\Models\User","180","USER TOKEN","4029735c406af27f0fc4f8f3b1d107fa485762ba7043ba6a3ef5f003cda93a55","[""*""]",NULL,NULL,"2024-11-11 13:43:35","2024-11-11 13:43:35"
"247","App\Models\User","181","USER TOKEN","7afcb35200045d4ddfc913c30cd409a56025d7e66d0c6f88942327c58a601dfb","[""*""]",NULL,NULL,"2024-11-11 13:44:54","2024-11-11 13:44:54"
"248","App\Models\User","182","USER TOKEN","44e3f007cd2adc0538ae5d08f5e5a949c3cc1f9d90efdfde5f0de62b4e0ff88f","[""*""]",NULL,NULL,"2024-11-11 13:44:57","2024-11-11 13:44:57"
"249","App\Models\User","183","USER TOKEN","03e350823176163c7e7ab3b6e6addf48fda35317b27c953e1e5d1badda5b00c1","[""*""]",NULL,NULL,"2024-11-11 13:45:00","2024-11-11 13:45:00"
"250","App\Models\User","184","USER TOKEN","6a034aaa9e8b8b8e95e0ecba0bb1be9ae8cc5bff28581430230a7b1c48a7cc35","[""*""]",NULL,NULL,"2024-11-11 13:45:06","2024-11-11 13:45:06"
"251","App\Models\User","185","USER TOKEN","2dbb1aa3df82de9d04ac2ca041ee1579c358280357d8fae9293c9d9815f9be3b","[""*""]",NULL,NULL,"2024-11-11 13:45:11","2024-11-11 13:45:11"
"252","App\Models\User","186","USER TOKEN","1e222951c06874a43c01a06dc400833cb3de71b124b9c1115cb5e31141a0544c","[""*""]",NULL,NULL,"2024-11-11 13:45:14","2024-11-11 13:45:14"
"253","App\Models\Admin","8","ADMIN TOKEN","949473b35b9b67561a7c445740e23d332f16da97fb26adbd3b41d6f064a1c2d4","[""*""]",NULL,NULL,"2024-11-11 13:45:53","2024-11-11 13:45:53"
"254","App\Models\User","187","USER TOKEN","0bc9f65b4192e511fb831fdf2396cae9af25ee89c5c46af73fe16c1a37bf8c51","[""*""]",NULL,NULL,"2024-11-11 13:46:27","2024-11-11 13:46:27"
"255","App\Models\User","188","USER TOKEN","b0ee7028d04025b88341f99c4fc95e28fde5b6fd9c7cb2e8d28fafd536a7d7a3","[""*""]",NULL,NULL,"2024-11-11 13:46:42","2024-11-11 13:46:42"
"256","App\Models\User","189","USER TOKEN","7855508a97b26a40364bb92ec7aa44c9eb62b90593bcc545d38c384f0f6cfe67","[""*""]",NULL,NULL,"2024-11-11 13:46:49","2024-11-11 13:46:49"
"257","App\Models\User","190","USER TOKEN","f4fd4a48e5705fe87d1c29f3541fe6a1c484d39d451b4b44b45b67860d14cf00","[""*""]",NULL,NULL,"2024-11-11 13:46:52","2024-11-11 13:46:52"
"258","App\Models\User","191","USER TOKEN","0e81ff280f9f185a776c42a0e18de06cce3db77c6bbc4311c81bdd33ea482def","[""*""]",NULL,NULL,"2024-11-11 13:46:57","2024-11-11 13:46:57"
"259","App\Models\User","192","USER TOKEN","dd43abc3b608e78741cf03f7671eac81cae09b7ebaa2876d12ff0318a211ba32","[""*""]",NULL,NULL,"2024-11-11 13:47:18","2024-11-11 13:47:18"
"260","App\Models\User","193","USER TOKEN","75bacfbc729284436cb4a22475c1c60662be0569e047373cfc8ba4d38615fe28","[""*""]",NULL,NULL,"2024-11-11 13:47:34","2024-11-11 13:47:34"
"261","App\Models\User","194","USER TOKEN","4648e7a938dfe25abd8b107e8f4f0fd6259252dca530a47526ce7dacb9e84b42","[""*""]",NULL,NULL,"2024-11-11 13:47:52","2024-11-11 13:47:52"
"262","App\Models\User","195","USER TOKEN","a409ba85327a05c514a5e04add3a14430797a08d5f792afe60eea1872a3544cd","[""*""]",NULL,NULL,"2024-11-11 13:47:56","2024-11-11 13:47:56"
"263","App\Models\User","196","USER TOKEN","2d6e2c9b20c31a1b9f551968445db81837e9de77ef1ac00ecaaca4a26b321a9c","[""*""]",NULL,NULL,"2024-11-11 13:49:23","2024-11-11 13:49:23"
"264","App\Models\User","197","USER TOKEN","aeb34c6590cbb2141eee4f37dd66b47ba4ee744c7bbb8178819cfc050cff6cf7","[""*""]",NULL,NULL,"2024-11-11 14:09:42","2024-11-11 14:09:42"
"265","App\Models\User","198","USER TOKEN","fb7d34339e96aa85d46b0515ef78f3bbf98fccd3d39900cb916f8d2b642b0801","[""*""]",NULL,NULL,"2024-11-11 14:09:54","2024-11-11 14:09:54"
"266","App\Models\User","199","USER TOKEN","9564da772f7283ae1035ef1768f2ea3c4255762285eb94638b3bbd7b1c5168a2","[""*""]",NULL,NULL,"2024-11-11 14:10:09","2024-11-11 14:10:09"
"267","App\Models\Admin","3","ADMIN TOKEN","0c54316a55ae3130d55e54397d9605c88aef5a31ac50a1a8b54862ee84851b4f","[""*""]","2024-11-13 14:43:28",NULL,"2024-11-11 15:29:57","2024-11-13 14:43:28"
"268","App\Models\User","200","USER TOKEN","2bb5f622c1b81265e7e00f5d524167de1858b2bdb60995cfa1df2e43d243722d","[""*""]","2024-11-11 17:28:32",NULL,"2024-11-11 15:42:57","2024-11-11 17:28:32"
"269","App\Models\Admin","2","ADMIN TOKEN","3d223339fa49ed392a8c79fa3bbdbc77b4b943651895f63d10c5a291584db9d8","[""*""]",NULL,NULL,"2024-11-11 15:50:39","2024-11-11 15:50:39"
"270","App\Models\Admin","2","ADMIN TOKEN","64bcc4ddb591abb131b3a39210f99658b03e3e654116c91774e283ef1ef90d7a","[""*""]",NULL,NULL,"2024-11-11 16:46:32","2024-11-11 16:46:32"
"271","App\Models\Admin","8","ADMIN TOKEN","ebfb181b89fc4636804017adc389d1ad1bad055ec86799d150336523fa4dd5ea","[""*""]","2024-11-11 20:54:46",NULL,"2024-11-11 17:43:25","2024-11-11 20:54:46"
"272","App\Models\Admin","2","ADMIN TOKEN","b82ebdab470095cf0b6c05802e88730bf5ca6b8d4a5dd50abfdb2776cf54be1c","[""*""]",NULL,NULL,"2024-11-11 19:33:15","2024-11-11 19:33:15"
"273","App\Models\User","201","USER TOKEN","eb7a712c6d87be2db90e396a677211139d8c79c1be5ad87830a9eee2c36fa38d","[""*""]","2024-11-12 14:28:05",NULL,"2024-11-11 19:34:55","2024-11-12 14:28:05"
"274","App\Models\Admin","8","ADMIN TOKEN","aa8d636228cc0bfab46632babd38c0a6c904af1a6133995b529c6103f16d3987","[""*""]",NULL,NULL,"2024-11-11 20:16:52","2024-11-11 20:16:52"
"275","App\Models\Admin","8","ADMIN TOKEN","db29a0886713f09108bd2e22de88ab59cb5ba3a85a23d62c236f78e5e5ddeb2c","[""*""]",NULL,NULL,"2024-11-11 20:33:48","2024-11-11 20:33:48"
"276","App\Models\Admin","2","ADMIN TOKEN","9a2e32f808b5ee57ed6552b29d1c4c24f5e74b2dd076d89cac99094d7523c053","[""*""]","2024-11-12 17:15:51",NULL,"2024-11-11 21:01:43","2024-11-12 17:15:51"
"277","App\Models\User","202","USER TOKEN","f590cba72f051885b85608c9750eb979b428e69a0cee1eabe934a20c237a1be4","[""*""]","2024-11-20 23:38:01",NULL,"2024-11-11 21:03:26","2024-11-20 23:38:01"
"278","App\Models\User","203","USER TOKEN","e1fae4851928e0cd5c61b11be692e795132ee1446b4d3eb92040f20157014fe0","[""*""]","2024-11-12 06:20:13",NULL,"2024-11-12 06:17:44","2024-11-12 06:20:13"
"279","App\Models\Admin","2","ADMIN TOKEN","da0ae7ce3c5ed2b0ab767ec4c884e434c8868d464df9a3fecbc0ca0a29c8679c","[""*""]","2024-11-14 06:30:34",NULL,"2024-11-12 08:56:36","2024-11-14 06:30:34"
"280","App\Models\User","204","USER TOKEN","f99ad4f2c2662cd267d3280ff89e4deb9193fd5c6d407d27eef44b62a8db57d3","[""*""]","2024-11-12 14:23:19",NULL,"2024-11-12 08:59:59","2024-11-12 14:23:19"
"281","App\Models\Admin","6","ADMIN TOKEN","390078eee90c5c043437bf78b76f75a177a648c0d5f40efb61d91ab161e118f0","[""*""]",NULL,NULL,"2024-11-12 12:20:33","2024-11-12 12:20:33"
"282","App\Models\Admin","2","ADMIN TOKEN","46243d2929912ad7a678cb8e3a88cb170181783ac6ee1ab29deb214a171c76a3","[""*""]",NULL,NULL,"2024-11-12 17:45:30","2024-11-12 17:45:30"
"283","App\Models\User","205","USER TOKEN","ab221901eaeb9ba49ab3f088013d0df1a21ea4b5ec2f7a3ed9b15b9008beeae2","[""*""]","2024-11-13 10:41:59",NULL,"2024-11-13 10:15:13","2024-11-13 10:41:59"
"284","App\Models\User","206","USER TOKEN","8af0427ade705caeaad1e9c1678d3274359585e1ea3c86dca890c17cdbf6284f","[""*""]","2024-11-13 14:17:14",NULL,"2024-11-13 13:00:37","2024-11-13 14:17:14"
"285","App\Models\Admin","10","ADMIN TOKEN","166e71d1b4a03a50b03405dc3b48ca37d1bb879b9ab7293e3773f32ccbd80e49","[""*""]",NULL,NULL,"2024-11-13 14:01:24","2024-11-13 14:01:24"
"286","App\Models\Admin","10","ADMIN TOKEN","b2223f64b0fa815960ec5087ef2b6f0b9e33903e067ba4dac83c30b8c64a5673","[""*""]",NULL,NULL,"2024-11-13 14:10:45","2024-11-13 14:10:45"
"287","App\Models\Admin","11","ADMIN TOKEN","5549de01fbc59a6b2b600e83dfd220a42cdf36e9bcd315284904dbf2d2c6a603","[""*""]","2024-11-13 16:30:55",NULL,"2024-11-13 14:16:05","2024-11-13 16:30:55"
"288","App\Models\Admin","10","ADMIN TOKEN","4e99ae64be9a0026543f29a7416fae4017efb38ed193259f3e83ed77ad6c6883","[""*""]",NULL,NULL,"2024-11-13 14:18:17","2024-11-13 14:18:17"
"289","App\Models\Admin","9","ADMIN TOKEN","351dec5a817680efc3e3168436641d458e04af05dc6ebc8615ef4072ffd18eb1","[""*""]","2024-11-13 17:06:40",NULL,"2024-11-13 14:26:20","2024-11-13 17:06:40"
"290","App\Models\User","207","USER TOKEN","f567b6632a14d50bbf4da36b5455f4fdc44fbd6b46e972d2af2322fd26d6c414","[""*""]","2025-02-17 15:21:24",NULL,"2024-11-13 15:37:49","2025-02-17 15:21:24"
"291","App\Models\User","208","USER TOKEN","7b6f3c37bf9c61b298092f1bdd99073c6510c4eef303bb57ea51cbff6aa6f441","[""*""]","2024-11-15 16:05:50",NULL,"2024-11-13 16:14:46","2024-11-15 16:05:50"
"292","App\Models\User","209","USER TOKEN","4f3e846b12a517d1ae88aad54dbad91c480a5019f886e7e51369b84457db5b90","[""*""]","2025-02-11 16:25:37",NULL,"2024-11-13 16:51:18","2025-02-11 16:25:37"
"293","App\Models\User","210","USER TOKEN","c57ce16b8f6606858af75aa303247be9c4c8d3192d91e6d521e71e51835fd8d4","[""*""]","2025-02-20 06:32:03",NULL,"2024-11-13 21:08:22","2025-02-20 06:32:03"
"294","App\Models\Admin","2","ADMIN TOKEN","ed79d4c9ea7b6c7c80bdef7c526e7ff6adc101f85e3d200e56384cf3cb47250d","[""*""]",NULL,NULL,"2024-11-14 02:35:20","2024-11-14 02:35:20"
"295","App\Models\Admin","6","ADMIN TOKEN","c7187c197e59e30dca5f80864528e23376f2d224f07943d4857016ad803c0e4c","[""*""]",NULL,NULL,"2024-11-14 02:37:16","2024-11-14 02:37:16"
"296","App\Models\Admin","9","ADMIN TOKEN","acba2a2c9a32a68cc4a936a18cba68e3d1da9f226fa0d7441dab009b67eabe3f","[""*""]",NULL,NULL,"2024-11-14 02:38:58","2024-11-14 02:38:58"
"297","App\Models\Admin","9","ADMIN TOKEN","ea0b08ed9672fa784358fa67e02634d8188f0ca385e9cde9dac448e537051394","[""*""]",NULL,NULL,"2024-11-14 07:55:36","2024-11-14 07:55:36"
"298","App\Models\Admin","6","ADMIN TOKEN","8d388dfb36c9cf915dd8969452278b5a744adc9c5d2d0d372e8e01e8fd398e57","[""*""]",NULL,NULL,"2024-11-14 08:01:52","2024-11-14 08:01:52"
"299","App\Models\Admin","10","ADMIN TOKEN","8fff29243c9385380647bf86c2f1a00b3ce9e78aceb3a0c0f321156610896f5d","[""*""]",NULL,NULL,"2024-11-14 08:03:00","2024-11-14 08:03:00"
"300","App\Models\Admin","9","ADMIN TOKEN","94af72209ce24801a9d0e71edd1ee86dda030b5a373164fb2978a7cc8cd98a79","[""*""]","2024-11-14 08:08:30",NULL,"2024-11-14 08:06:44","2024-11-14 08:08:30"
"301","App\Models\Admin","9","ADMIN TOKEN","20f04ffffe3f2f4b751b7094aae4db39523e6636d407e798795ecad79738b27e","[""*""]",NULL,NULL,"2024-11-14 08:09:19","2024-11-14 08:09:19"
"302","App\Models\Admin","10","ADMIN TOKEN","ec0e02621f8c1834b3b64c798bf18504c32038ab68ddd5fb10054066b8e18d48","[""*""]",NULL,NULL,"2024-11-14 08:18:14","2024-11-14 08:18:14"
"303","App\Models\Admin","15","ADMIN TOKEN","4b2c1b16616cdbf147e798734581814026135f31013ffd830ae23289f3611de5","[""*""]","2024-11-19 07:03:01",NULL,"2024-11-14 08:35:05","2024-11-19 07:03:01"
"304","App\Models\Admin","13","ADMIN TOKEN","bcb823b04781f9ccd55aad7d00af047b1af93a69bb24695bbd96d67f857d6b88","[""*""]","2024-11-21 11:35:15",NULL,"2024-11-14 08:43:53","2024-11-21 11:35:15"
"305","App\Models\User","211","USER TOKEN","e39c40e605f9e52809c193ec26bed1b7d51d11d18fa7c33c255d17791778448a","[""*""]","2024-11-19 21:20:49",NULL,"2024-11-14 10:55:54","2024-11-19 21:20:49"
"306","App\Models\Admin","10","ADMIN TOKEN","890e63550f1ed2c4fb28f6bc3173da946cbbad1cd7eed26a671ab04af76f4f45","[""*""]","2024-11-15 05:36:32",NULL,"2024-11-14 19:22:20","2024-11-15 05:36:32"
"307","App\Models\Admin","17","ADMIN TOKEN","333ef76ae86ff7f2cb726f761110b5ab296c155004bc23711bd821449b8c5144","[""*""]",NULL,NULL,"2024-11-14 19:28:37","2024-11-14 19:28:37"
"308","App\Models\Admin","12","ADMIN TOKEN","442dbdc437d7e47958d0928cbe21ccd84593e66369f0c39058bb4b0fbb0560e9","[""*""]",NULL,NULL,"2024-11-14 19:37:10","2024-11-14 19:37:10"
"309","App\Models\Admin","12","ADMIN TOKEN","0be7c3831cb853de2bb755f505f8ed26c68af9da795ff1e9746ebf72448b0446","[""*""]","2025-02-20 07:39:41",NULL,"2024-11-14 19:42:27","2025-02-20 07:39:41"
"310","App\Models\User","212","USER TOKEN","767ca2fcf5061ebea75570a7376fceef2ed5c759000a47ba7567884b56817972","[""*""]","2025-01-29 09:55:39",NULL,"2024-11-14 19:48:10","2025-01-29 09:55:39"
"311","App\Models\Admin","16","ADMIN TOKEN","300658503cba37e3f866d535176315161f08934a9adfa0b2032cc123cbfef9ff","[""*""]",NULL,NULL,"2024-11-14 21:11:07","2024-11-14 21:11:07"
"312","App\Models\Admin","16","ADMIN TOKEN","9ecf0c42502b21afaa392ce8a2122e3b1bac1e3bc1d8ed861129d0b85e416bae","[""*""]","2024-11-18 11:40:35",NULL,"2024-11-15 05:16:23","2024-11-18 11:40:35"
"313","App\Models\User","213","USER TOKEN","2a88f641e05329e1e556e6f0c4fd32a160ff21abad882331e1b08ff9e38fd691","[""*""]",NULL,NULL,"2024-11-15 10:15:38","2024-11-15 10:15:38"
"314","App\Models\User","214","USER TOKEN","03886ce9f21931622c4f7a5ecb87459cb4def5a5bd8f705f91d5dfc47a564a7a","[""*""]",NULL,NULL,"2024-11-15 10:16:33","2024-11-15 10:16:33"
"315","App\Models\User","215","USER TOKEN","e46de4ed931e927551d7913fcb92557ff49a32fdef58c3e67e051cda78836684","[""*""]",NULL,NULL,"2024-11-15 10:16:38","2024-11-15 10:16:38"
"316","App\Models\User","216","USER TOKEN","118709c0b8790f74e2cc19a92ae2dc561341cf1c8eb66d3e3f69efe40a7fbf45","[""*""]",NULL,NULL,"2024-11-15 10:16:42","2024-11-15 10:16:42"
"317","App\Models\User","217","USER TOKEN","dcbfa46d1cdf1bcc6048c1becb2c838deeb5894484418a1980086d1512b2604b","[""*""]",NULL,NULL,"2024-11-15 10:16:52","2024-11-15 10:16:52"
"318","App\Models\User","218","USER TOKEN","7531f8d87acca0e3aad20917d2597e9b8dd40b670dc6f50671b3132515a66c6a","[""*""]",NULL,NULL,"2024-11-15 10:16:54","2024-11-15 10:16:54"
"319","App\Models\User","219","USER TOKEN","450012eb419657437bb6482fa35c63e044a8480303a0a13bb23fd0575eb5c311","[""*""]",NULL,NULL,"2024-11-15 10:17:09","2024-11-15 10:17:09"
"320","App\Models\User","220","USER TOKEN","46ac85fee668cce8bc2863d68112b293975a49441bdfb019efb783133514fdd0","[""*""]",NULL,NULL,"2024-11-15 10:17:28","2024-11-15 10:17:28"
"321","App\Models\User","221","USER TOKEN","cfce318ecf8d8d8548c3fb107d4b935d255845fd373237ba7a2c05e64bae5ae3","[""*""]",NULL,NULL,"2024-11-15 10:17:42","2024-11-15 10:17:42"
"322","App\Models\User","222","USER TOKEN","632d6893425296249dbf34a9a1593bfb466a7f76783fb7b399a7f956c7cd4fff","[""*""]",NULL,NULL,"2024-11-15 10:17:45","2024-11-15 10:17:45"
"323","App\Models\User","223","USER TOKEN","551f8135685dc0e09a5fa10556e935be22738bc82b0915a5ee3f8a82b438128a","[""*""]",NULL,NULL,"2024-11-15 10:17:51","2024-11-15 10:17:51"
"324","App\Models\User","224","USER TOKEN","aabe44fef884aed30de8b044b8080fdef6a64a4728d2eb6e5538a69d86250e3f","[""*""]",NULL,NULL,"2024-11-15 10:17:56","2024-11-15 10:17:56"
"325","App\Models\User","225","USER TOKEN","6143379e8e19d90500c0f4834c7dbb93deb355d2c0cc42d1100ce188517e2596","[""*""]",NULL,NULL,"2024-11-15 10:17:56","2024-11-15 10:17:56"
"326","App\Models\User","226","USER TOKEN","a0e62b49c3cb69b22db52af40286b83d9e2d88d88f39aaca6a913370357ec1ce","[""*""]",NULL,NULL,"2024-11-15 10:18:03","2024-11-15 10:18:03"
"327","App\Models\User","227","USER TOKEN","939a0f7d410311a98fb7e079b470a60649bb700aa3681a95b1d88732323346fe","[""*""]",NULL,NULL,"2024-11-15 10:18:10","2024-11-15 10:18:10"
"328","App\Models\User","228","USER TOKEN","4af2d42ee18dbabf9fa2da936ce08a372a3a9b4d024d9a1c1f5f85fa20341c7f","[""*""]",NULL,NULL,"2024-11-15 10:18:12","2024-11-15 10:18:12"
"329","App\Models\User","229","USER TOKEN","6e9484873d62fc5501ee2d4e88f6eae0fac42540bc7eb82a932ecf1a3d2b8377","[""*""]",NULL,NULL,"2024-11-15 10:18:31","2024-11-15 10:18:31"
"330","App\Models\User","230","USER TOKEN","b790d7f3ca7a408859d879711d3cfb5291f5b6146bf2c777d5ecded39a96feb8","[""*""]",NULL,NULL,"2024-11-15 10:18:39","2024-11-15 10:18:39"
"331","App\Models\User","231","USER TOKEN","0e98103329ab122ea5d7ae3dc346b5dca435818984950521efa3d8683875202a","[""*""]",NULL,NULL,"2024-11-15 10:18:51","2024-11-15 10:18:51"
"332","App\Models\User","233","USER TOKEN","e99d90135ebf100511c1438708b5fd9fbf38cba284ad70aa093938edcdd04842","[""*""]",NULL,NULL,"2024-11-15 10:18:57","2024-11-15 10:18:57"
"333","App\Models\User","234","USER TOKEN","fb810f2ec9fcb2ce0f08a805a6e100a0da2e8e412ad2b7687864f78abe98a646","[""*""]",NULL,NULL,"2024-11-15 10:19:03","2024-11-15 10:19:03"
"334","App\Models\User","235","USER TOKEN","fa504126cff04dd79a8ea7cad8879b06b30f098ebce1645f8e5f8d2f671efed8","[""*""]",NULL,NULL,"2024-11-15 10:19:05","2024-11-15 10:19:05"
"335","App\Models\User","236","USER TOKEN","7db50c902af875804bb4882e40bc83b4819729ecc0a5cd715a35d57aab9c5304","[""*""]",NULL,NULL,"2024-11-15 10:19:22","2024-11-15 10:19:22"
"336","App\Models\User","237","USER TOKEN","b776622fbf0c34f4805c8c883e715df1f4ee51537d5cdc409e3e883bc62cff98","[""*""]",NULL,NULL,"2024-11-15 10:19:37","2024-11-15 10:19:37"
"337","App\Models\User","238","USER TOKEN","5b4bedb8deff8c6f618ad487e38094ed421e5350af47d5c361d150cd8ef4670c","[""*""]",NULL,NULL,"2024-11-15 10:19:39","2024-11-15 10:19:39"
"338","App\Models\User","239","USER TOKEN","df3e44aae98887e2922e8cd662004368abbf8b5322b09ae441b6a6569bf2bcdd","[""*""]",NULL,NULL,"2024-11-15 10:19:51","2024-11-15 10:19:51"
"339","App\Models\User","240","USER TOKEN","2eae7d5576dbeb78434d338856ceb6773495de7c9a4b3a4824ebe845856fc6c4","[""*""]",NULL,NULL,"2024-11-15 10:20:10","2024-11-15 10:20:10"
"340","App\Models\User","241","USER TOKEN","9f6c7985df7ace80acdfc8f802e88cf5b30d4359655b285f9ada3d6927624552","[""*""]",NULL,NULL,"2024-11-15 10:20:56","2024-11-15 10:20:56"
"341","App\Models\User","242","USER TOKEN","5041c5d93e3c5e81b68d8d2a15a6cb89a4a7d6c7efd4750b0569cd7b7b9a6c3e","[""*""]",NULL,NULL,"2024-11-15 10:21:09","2024-11-15 10:21:09"
"342","App\Models\User","243","USER TOKEN","8f790ebd548435de5c55676a610e23d5e11f92c1d17b39a8491ac6625270aa16","[""*""]",NULL,NULL,"2024-11-15 10:21:15","2024-11-15 10:21:15"
"343","App\Models\User","244","USER TOKEN","6eb8bf74295c6b77cc11d9575c9a6a64f76cf403eacb6dca735366f7b8e50e69","[""*""]",NULL,NULL,"2024-11-15 10:21:16","2024-11-15 10:21:16"
"344","App\Models\User","245","USER TOKEN","1cae0a81e6c9143d017ec73792597545bfbfaddb93e1d14975dd5e22e55dda2d","[""*""]",NULL,NULL,"2024-11-15 10:21:25","2024-11-15 10:21:25"
"345","App\Models\User","246","USER TOKEN","39a6da11b2eee35dce3205caa3d1b675306108a6a83aef9410c8f805c532dc40","[""*""]",NULL,NULL,"2024-11-15 10:21:40","2024-11-15 10:21:40"
"346","App\Models\User","247","USER TOKEN","2500ec258a2ead2942eba668ada30da7f40f1936783020bdd91e774f3d8c0d36","[""*""]",NULL,NULL,"2024-11-15 10:21:44","2024-11-15 10:21:44"
"347","App\Models\User","248","USER TOKEN","25da53c8e52fa9f87bca102e84b616b6536f7a5f3b3700ad03f0130abcec8259","[""*""]",NULL,NULL,"2024-11-15 10:21:47","2024-11-15 10:21:47"
"348","App\Models\User","249","USER TOKEN","84d1270f7beed303dab8c95d12dcc2ecce1a8048fef62ed2de42f34f9fd467ae","[""*""]",NULL,NULL,"2024-11-15 10:21:52","2024-11-15 10:21:52"
"349","App\Models\User","250","USER TOKEN","5ca076ac30ca23094996a0d33f11a3e554baf2c61ea82a017cc6f3cb0db32348","[""*""]",NULL,NULL,"2024-11-15 10:22:18","2024-11-15 10:22:18"
"350","App\Models\User","251","USER TOKEN","a8a082ee4fd1308872f0a21b4a7e1d5021a3c47e4a31789181302a147f26d6c3","[""*""]",NULL,NULL,"2024-11-15 10:22:20","2024-11-15 10:22:20"
"351","App\Models\User","252","USER TOKEN","7a9e9acd29fbc07a28a5778fdcac17eaf38e72bd1443d6dd54bcbf29d76c1f00","[""*""]",NULL,NULL,"2024-11-15 10:22:29","2024-11-15 10:22:29"
"352","App\Models\User","253","USER TOKEN","88bc7f460dde25db6eec06808c6321df9cb0f64376a1535922fb02861e43f96c","[""*""]",NULL,NULL,"2024-11-15 10:22:49","2024-11-15 10:22:49"
"353","App\Models\User","254","USER TOKEN","78e028d6c9326beefb6c11988385de820626de9a77995cdd5f28fac47939f092","[""*""]",NULL,NULL,"2024-11-15 10:23:02","2024-11-15 10:23:02"
"354","App\Models\User","255","USER TOKEN","59361a66070f1780605ae9385e24330faefc32178264e6aff678dfa43737ea5a","[""*""]",NULL,NULL,"2024-11-15 10:23:12","2024-11-15 10:23:12"
"355","App\Models\User","256","USER TOKEN","5903b331a4995882820e1ed86262a2dab3e080fe5b8ee9954845e960f04afc55","[""*""]",NULL,NULL,"2024-11-15 10:23:22","2024-11-15 10:23:22"
"356","App\Models\User","257","USER TOKEN","ba44a2b0d4bf49c38ca41b2f2bb1749919d653bef35df6f7274f60f9d46edceb","[""*""]",NULL,NULL,"2024-11-15 10:23:42","2024-11-15 10:23:42"
"357","App\Models\User","258","USER TOKEN","4f24ad1f53a0042116f4f3943c048320d040c2fb5d72696bc8580075e22132f6","[""*""]",NULL,NULL,"2024-11-15 10:24:00","2024-11-15 10:24:00"
"358","App\Models\User","259","USER TOKEN","a87651492a95742d6ba2652f5eef6aab2ef9c0929de42cbbfbc0f9e7c4b1fb69","[""*""]",NULL,NULL,"2024-11-15 10:24:09","2024-11-15 10:24:09"
"359","App\Models\User","260","USER TOKEN","ae08ee568f85426c18712d74a4bbcbebc7499d7aa750ef9bfa96fb786495f0ab","[""*""]",NULL,NULL,"2024-11-15 10:24:10","2024-11-15 10:24:10"
"360","App\Models\User","261","USER TOKEN","d4de0a332ff95d4ab8ee214bc843548d60a5b47123f03cd6a84a983d88c100a2","[""*""]",NULL,NULL,"2024-11-15 10:24:25","2024-11-15 10:24:25"
"361","App\Models\User","262","USER TOKEN","ef75f626db95d5876d75342e531555d7172300db3b6ebbcfe1aea60dd668f3dc","[""*""]",NULL,NULL,"2024-11-15 10:24:33","2024-11-15 10:24:33"
"362","App\Models\User","263","USER TOKEN","8817995e8e5170d26f57da4fd2375060d8b0ca798c6149d06e23986b67f498f2","[""*""]",NULL,NULL,"2024-11-15 10:24:39","2024-11-15 10:24:39"
"363","App\Models\User","264","USER TOKEN","aae3dff6a41970d4d719113106da4479e57c68c5119b0446debced792ac16d6f","[""*""]",NULL,NULL,"2024-11-15 10:24:50","2024-11-15 10:24:50"
"364","App\Models\User","265","USER TOKEN","8ddf2633fd6a5fc3e608a676cfa0caab02a69a8ccf762d8453705ab41c233752","[""*""]",NULL,NULL,"2024-11-15 10:24:57","2024-11-15 10:24:57"
"365","App\Models\User","266","USER TOKEN","3286a63c2269e94ebf1121d0b02279904e702ded5adf16846e37a5ca637ce452","[""*""]",NULL,NULL,"2024-11-15 10:25:06","2024-11-15 10:25:06"
"366","App\Models\User","267","USER TOKEN","44d7c5c337dd82acd9e6942c4f2e195dac281efb265c3a311497a587d7b7751a","[""*""]",NULL,NULL,"2024-11-15 10:25:18","2024-11-15 10:25:18"
"367","App\Models\User","268","USER TOKEN","455bf226eee728c7bce10724008c3b96cbe3fddaef71178106629a75a43e1a5f","[""*""]",NULL,NULL,"2024-11-15 10:25:59","2024-11-15 10:25:59"
"368","App\Models\User","269","USER TOKEN","f5e445083840bf9ee77650a17d748abdd303b535cb505bcb3f7e18865c5b7af6","[""*""]",NULL,NULL,"2024-11-15 10:26:22","2024-11-15 10:26:22"
"369","App\Models\User","270","USER TOKEN","7c0b57b25d70dc07c6ec2e0dd6a21e88de6fd05e2d591130e376d5bb466041e5","[""*""]",NULL,NULL,"2024-11-15 10:26:26","2024-11-15 10:26:26"
"370","App\Models\User","271","USER TOKEN","1d6db134d1600dfef7ca82bd5481791b510d1043c999c02285d885cf748d890c","[""*""]",NULL,NULL,"2024-11-15 10:26:36","2024-11-15 10:26:36"
"371","App\Models\User","272","USER TOKEN","bf3145980af84ba4a22e39a5942db7a8d77d053f5e84ba6059fc56ef36a00825","[""*""]",NULL,NULL,"2024-11-15 10:27:19","2024-11-15 10:27:19"
"372","App\Models\User","273","USER TOKEN","fb05159c71d152721e31e6a01b8bfdf1b328dd85771c1de52f8163cc4440810b","[""*""]",NULL,NULL,"2024-11-15 10:27:28","2024-11-15 10:27:28"
"373","App\Models\User","274","USER TOKEN","3ec444313604505da0520945218559501ce55e8ac0b82b0732ce03519160a734","[""*""]",NULL,NULL,"2024-11-15 10:27:54","2024-11-15 10:27:54"
"374","App\Models\User","275","USER TOKEN","a1882144461319842995a8bfb086d0bba26dd85c4f88fa7bc6fce00c5272bfed","[""*""]",NULL,NULL,"2024-11-15 10:27:55","2024-11-15 10:27:55"
"375","App\Models\User","276","USER TOKEN","20952030aa6557e432eefc6ae87ce8a0d69bab25bae95b705ca2ee64ee13436a","[""*""]",NULL,NULL,"2024-11-15 10:28:02","2024-11-15 10:28:02"
"376","App\Models\User","277","USER TOKEN","cdf1558aa21082482dbfcd4bc7f76c1ce5058f6d758f89ed0f5d4ef18d1880f0","[""*""]",NULL,NULL,"2024-11-15 10:29:06","2024-11-15 10:29:06"
"377","App\Models\User","278","USER TOKEN","40c57e1e83599b0618a93642835163ac0a40c2c711f076579d9f0b81071c6115","[""*""]",NULL,NULL,"2024-11-15 10:29:22","2024-11-15 10:29:22"
"378","App\Models\User","279","USER TOKEN","b43a2790cbe1d49521f70748c2a7a4afe83ce4c30aaf9c6b3133ffa1179a5d5f","[""*""]",NULL,NULL,"2024-11-15 10:29:31","2024-11-15 10:29:31"
"379","App\Models\User","280","USER TOKEN","380882be6c70685741f7d93cb9e026834c95c60d960340c2ebebb222b992b9ef","[""*""]",NULL,NULL,"2024-11-15 10:29:45","2024-11-15 10:29:45"
"380","App\Models\User","281","USER TOKEN","4ff08b71fda630b121a2785ead9060cf67bac62fd924461876e26b4578447987","[""*""]",NULL,NULL,"2024-11-15 10:29:54","2024-11-15 10:29:54"
"381","App\Models\User","282","USER TOKEN","9b8b0b767ac43c2a35f0044a51c0f09573f70a427f8e38db7ce732de88624073","[""*""]",NULL,NULL,"2024-11-15 10:33:50","2024-11-15 10:33:50"
"382","App\Models\User","283","USER TOKEN","2cae9561fb565719b861dab8a4bfb8fdb88cc1b73984e1f49a1ea60e47f6c82d","[""*""]",NULL,NULL,"2024-11-15 10:38:32","2024-11-15 10:38:32"
"383","App\Models\User","284","USER TOKEN","c055029b7145f2e6d91c929f32dbc34a3472634b7f550eb6bf7b6a66b7bfba9b","[""*""]",NULL,NULL,"2024-11-15 10:38:34","2024-11-15 10:38:34"
"384","App\Models\User","285","USER TOKEN","9cb031a25b9e20b0590d71564624ed6326a555f3f2c2d73188f71b91feab7fd3","[""*""]",NULL,NULL,"2024-11-15 10:38:40","2024-11-15 10:38:40"
"385","App\Models\User","286","USER TOKEN","fd4b80fcd0bbc09d98c0675d4e212f14eb20710ddb5eefa24d54551483680612","[""*""]",NULL,NULL,"2024-11-15 10:38:44","2024-11-15 10:38:44"
"386","App\Models\User","287","USER TOKEN","11d0e87759529c37ea90fe5c463e42c66598057c06010c65f1a062b16063cd52","[""*""]",NULL,NULL,"2024-11-15 10:48:10","2024-11-15 10:48:10"
"387","App\Models\User","288","USER TOKEN","c3782366bfad18e7bbf71fd9c3dcb56c7c5aaf2e40a335062bfc82136975e9b5","[""*""]",NULL,NULL,"2024-11-15 10:48:13","2024-11-15 10:48:13"
"388","App\Models\User","289","USER TOKEN","8e3bc04d1d802b26b09543e908a7f47ab637efcb563655cf28578c155d769cde","[""*""]",NULL,NULL,"2024-11-15 10:48:14","2024-11-15 10:48:14"
"389","App\Models\User","290","USER TOKEN","107bdc0a0d60352774d315e5a661c303b6e60e096007b51a597adbe940754764","[""*""]",NULL,NULL,"2024-11-15 10:48:16","2024-11-15 10:48:16"
"390","App\Models\User","291","USER TOKEN","310c4ed34bd0a8349410e0fe89e4ada27c3134f022be9ecfb42fbca525334811","[""*""]",NULL,NULL,"2024-11-15 10:48:18","2024-11-15 10:48:18"
"391","App\Models\User","292","USER TOKEN","d5a9f62f35d73215a3631f973e6d5dd5049b4b6406d60510c7d9c4b342d39585","[""*""]",NULL,NULL,"2024-11-15 10:48:20","2024-11-15 10:48:20"
"392","App\Models\User","293","USER TOKEN","ea6f69ab0a8ae3b7f9e9e46a58b4f2fe16d5a719b1fb77d69d9108844668d6c8","[""*""]",NULL,NULL,"2024-11-15 10:48:21","2024-11-15 10:48:21"
"393","App\Models\User","294","USER TOKEN","810643ae3303bb8fa6cf10a412e755fcce7497832af5b9a9e6a3b463b1df8f04","[""*""]",NULL,NULL,"2024-11-15 10:48:23","2024-11-15 10:48:23"
"394","App\Models\Admin","3","ADMIN TOKEN","593a5bbc31e406bdc9ccd4f69417d7806c175ea6b6d0673518ebd3a9761a5331","[""*""]",NULL,NULL,"2024-11-15 11:36:35","2024-11-15 11:36:35"
"395","App\Models\Admin","3","ADMIN TOKEN","69ddc2457a03c709ff998ede7501e954dbfc5fae2269b03df7a43013e69745d5","[""*""]",NULL,NULL,"2024-11-15 11:37:14","2024-11-15 11:37:14"
"396","App\Models\User","295","USER TOKEN","1eecaa3ec2c96b11763b527319d53975c0acee02080843a99ba15f25cc7992e7","[""*""]",NULL,NULL,"2024-11-15 12:02:50","2024-11-15 12:02:50"
"397","App\Models\User","296","USER TOKEN","5decd7299866b5d0a637ca00df4806cae3e9dc5b8291af4ad95b8576c6ba9791","[""*""]",NULL,NULL,"2024-11-15 12:02:54","2024-11-15 12:02:54"
"398","App\Models\User","297","USER TOKEN","96bb1ae752f947d0836516a131d3f7eadd40f3718b84d685a4d25d8b9a15aed2","[""*""]",NULL,NULL,"2024-11-15 12:03:00","2024-11-15 12:03:00"
"399","App\Models\User","298","USER TOKEN","cbb985f6d4fc9c396dbceb4363940c16d9b0a7f58757c021295a6d5ab9163995","[""*""]",NULL,NULL,"2024-11-15 12:03:19","2024-11-15 12:03:19"
"400","App\Models\User","299","USER TOKEN","bb4f6e5127e68b31fb43a125e1096d2f6e223e40b31df670b94f36425b35ca01","[""*""]",NULL,NULL,"2024-11-15 12:03:26","2024-11-15 12:03:26"
"401","App\Models\User","300","USER TOKEN","ba8fea204989855e4ebd812d57b6ad20894fc9db5518026221157a5733f51996","[""*""]",NULL,NULL,"2024-11-15 12:03:33","2024-11-15 12:03:33"
"402","App\Models\User","301","USER TOKEN","f8a0c32d2dc677068e76042d9892192395f858c0f46b3b5a8abc260fd63811c1","[""*""]",NULL,NULL,"2024-11-15 12:03:37","2024-11-15 12:03:37"
"403","App\Models\User","302","USER TOKEN","9662abdc9762a878151a1e5a2f4cdca7e42f3d4cbb203f50d6f652171eb689c0","[""*""]",NULL,NULL,"2024-11-15 12:03:39","2024-11-15 12:03:39"
"404","App\Models\User","303","USER TOKEN","633da873b2d1688d1890c621cc4d4a19dd58936cd23aed409ed4bae04ce0a249","[""*""]",NULL,NULL,"2024-11-15 12:03:41","2024-11-15 12:03:41"
"405","App\Models\User","304","USER TOKEN","f2ce7284f26cc0c115aa931b3fed57a2887138550cb240bba41e3a0faa3575db","[""*""]",NULL,NULL,"2024-11-15 12:03:43","2024-11-15 12:03:43"
"406","App\Models\User","305","USER TOKEN","fd554f1fed002d6429536a775829a08295bea9cd20c83d2a69b1db5acdd11ed0","[""*""]",NULL,NULL,"2024-11-15 12:03:45","2024-11-15 12:03:45"
"407","App\Models\User","306","USER TOKEN","cea2bde103af4d180c60ec83950b644716296520cd34ec3c7e94d7c08cb91706","[""*""]",NULL,NULL,"2024-11-15 12:03:47","2024-11-15 12:03:47"
"408","App\Models\User","307","USER TOKEN","9a9bb6028084ced13e60600d534c25a481c095de934c9d33c5872dbe1df1cd0b","[""*""]",NULL,NULL,"2024-11-15 12:03:49","2024-11-15 12:03:49"
"409","App\Models\User","308","USER TOKEN","844181f4243bb8d74c3e0a60ff438b5468002adcefd277251c3f860e64098369","[""*""]",NULL,NULL,"2024-11-15 12:03:51","2024-11-15 12:03:51"
"410","App\Models\User","309","USER TOKEN","8d6f4f1eb015f97b5ce902b4228a6e179ce1cc0f9653ebe276cec6cde0d88dce","[""*""]",NULL,NULL,"2024-11-15 12:04:05","2024-11-15 12:04:05"
"411","App\Models\User","310","USER TOKEN","13cde50c534d27b7e81be0ecb474f0ce36d2249f1ce95215926e679f5db1bcc6","[""*""]",NULL,NULL,"2024-11-15 12:04:07","2024-11-15 12:04:07"
"412","App\Models\User","311","USER TOKEN","99f7f0fd2b14316aa00930fa8d7ac0da0976b42542814ab777a289ef7dc521f3","[""*""]",NULL,NULL,"2024-11-15 12:04:46","2024-11-15 12:04:46"
"413","App\Models\User","312","USER TOKEN","c57978847cdc7a96a98e10e3fd8a956a5afdbf7995ad01a24044a4c6d5dfe67f","[""*""]",NULL,NULL,"2024-11-15 12:08:14","2024-11-15 12:08:14"
"414","App\Models\User","313","USER TOKEN","ae3bac64bdbdb1847e4af5c1cf0b70de21cf46375a48d99ce3ddfa40183ca471","[""*""]","2025-02-11 16:17:08",NULL,"2024-11-15 16:08:33","2025-02-11 16:17:08"
"415","App\Models\Admin","10","ADMIN TOKEN","8a65f375671bcabcbc1b6d48f062aeecdc9da73a4f72074d14190858f65666be","[""*""]",NULL,NULL,"2024-11-15 16:17:02","2024-11-15 16:17:02"
"416","App\Models\Admin","10","ADMIN TOKEN","4db72f98c8203fcdafb26feea8ddd63df44a3392d1afc879a3fd69182f1082ef","[""*""]",NULL,NULL,"2024-11-15 16:22:57","2024-11-15 16:22:57"
"417","App\Models\Admin","16","ADMIN TOKEN","9b25e6c6f1ab0680443a2b1f66281e91396e105fffdf7cf8f809b3d257cc1739","[""*""]",NULL,NULL,"2024-11-18 11:40:59","2024-11-18 11:40:59"
"418","App\Models\Admin","16","ADMIN TOKEN","28c1cd009e5f274c14142e819b5c0087332adce2b9e83dc6387eb4f349e9ba4b","[""*""]",NULL,NULL,"2024-11-19 06:28:16","2024-11-19 06:28:16"
"419","App\Models\Admin","16","ADMIN TOKEN","7856e8d59d74abea65b2f076debdf03db599a95ec47ff1bccf8722a8078fcde9","[""*""]",NULL,NULL,"2024-11-19 06:49:05","2024-11-19 06:49:05"
"420","App\Models\Admin","16","ADMIN TOKEN","840f0f08c05c02bcf83eb0eb45e5e47faadff5bf2d74f338b106ea2aa1c45cca","[""*""]",NULL,NULL,"2024-11-19 06:52:04","2024-11-19 06:52:04"
"421","App\Models\User","314","USER TOKEN","c71ef8f8d5a8247e67da896050e4f67090200fbe7492bb593f75ede4f95733a3","[""*""]",NULL,NULL,"2024-11-19 11:41:20","2024-11-19 11:41:20"
"422","App\Models\User","315","USER TOKEN","85d07b67802a55b6ee4b417a8770228e646dca293a5583d08ba24dad958ae66e","[""*""]",NULL,NULL,"2024-11-19 11:42:01","2024-11-19 11:42:01"
"423","App\Models\User","316","USER TOKEN","2274fa0c3e5a8ca9888bc831b12213589fbad558813c9ed6d023b4529a1dc50c","[""*""]",NULL,NULL,"2024-11-19 11:42:14","2024-11-19 11:42:14"
"424","App\Models\User","317","USER TOKEN","a8d1f7a7de80388ea39709bbe7f303d3bb36e0e2a4c423451c3aa1c58e3b1434","[""*""]",NULL,NULL,"2024-11-19 11:42:19","2024-11-19 11:42:19"
"425","App\Models\User","318","USER TOKEN","c0175982950f5dc8457fb1284f8fa5de4fe46457fca915b2fcaa36de48a40c9b","[""*""]",NULL,NULL,"2024-11-19 11:42:28","2024-11-19 11:42:28"
"426","App\Models\User","319","USER TOKEN","021f203641395c8bdcb4a3686f3ca82d8fb2ddb7d07eb422298ad2849d617026","[""*""]",NULL,NULL,"2024-11-19 11:42:49","2024-11-19 11:42:49"
"427","App\Models\User","320","USER TOKEN","4ee46fe856a06db8c4495f8a264db1a90a9261cd18b40a1522907f74580b36a2","[""*""]",NULL,NULL,"2024-11-19 11:42:55","2024-11-19 11:42:55"
"428","App\Models\User","321","USER TOKEN","15cbbd373bee960f9d3b1d1b02316abfeda9199d09ca27960cf1cab6b0d3eb1c","[""*""]",NULL,NULL,"2024-11-19 11:43:09","2024-11-19 11:43:09"
"429","App\Models\User","322","USER TOKEN","b30334ff9fbb5facd8b028a3d330c477bca24bf3f047a8a9b652ce1433ca67ad","[""*""]",NULL,NULL,"2024-11-19 11:43:18","2024-11-19 11:43:18"
"430","App\Models\User","323","USER TOKEN","8a8606b9e0c4f612d46f72faf2c28baf4d640fb0cb4f72fd9d282bd8cc90f02c","[""*""]",NULL,NULL,"2024-11-19 12:16:34","2024-11-19 12:16:34"
"431","App\Models\User","324","USER TOKEN","85017cb1164d2a4944b62df7f64f3b3ebfeb88be640823d64b39e7bc8a709b93","[""*""]",NULL,NULL,"2024-11-19 12:16:44","2024-11-19 12:16:44"
"432","App\Models\User","325","USER TOKEN","c08673f8fcc5ac7afe7c5636808ed65086a9f603086ded302df0f7479d98b428","[""*""]",NULL,NULL,"2024-11-19 12:16:53","2024-11-19 12:16:53"
"433","App\Models\User","326","USER TOKEN","d06ce2d49c93adb4057837a35d72b4a15321c251feb28cf78203cb1b0c666516","[""*""]",NULL,NULL,"2024-11-19 12:17:00","2024-11-19 12:17:00"
"434","App\Models\User","327","USER TOKEN","ec27c5b5f46cf063ddaf23f256227c944b660e0473e9ed41e0078b151606c22f","[""*""]",NULL,NULL,"2024-11-19 12:51:23","2024-11-19 12:51:23"
"435","App\Models\User","328","USER TOKEN","312dc431434dfa2ba76003fa29f3c9003da04e079e4c62d19662b534f9638d88","[""*""]",NULL,NULL,"2024-11-19 12:51:28","2024-11-19 12:51:28"
"436","App\Models\User","329","USER TOKEN","d35e215fea34982a3093bf2d81f6b4f104bd728c4e511d8f94b35e8dfce60b10","[""*""]",NULL,NULL,"2024-11-19 12:51:40","2024-11-19 12:51:40"
"437","App\Models\User","330","USER TOKEN","8bab5dd95e551f32f7131a593e95e4be1ce49929ba07ba0e3254ca2181bc3547","[""*""]",NULL,NULL,"2024-11-19 12:52:19","2024-11-19 12:52:19"
"438","App\Models\User","331","USER TOKEN","ea707563d09c349379fe11e2784be32e7c55dd0ad3dd837574672f968b8c5d96","[""*""]",NULL,NULL,"2024-11-19 12:52:24","2024-11-19 12:52:24"
"439","App\Models\User","332","USER TOKEN","83cf43f55c0390f8e4127b7966e6539077e315b66070f2885338e1a71761d170","[""*""]","2025-09-27 11:24:36",NULL,"2024-11-21 10:48:01","2025-09-27 11:24:36"
"440","App\Models\Admin","16","ADMIN TOKEN","47ddb0ad5b97070b8fe2288b5f9090ed6bdc98af9199bff59908811a8be9e4f9","[""*""]",NULL,NULL,"2024-11-21 11:30:54","2024-11-21 11:30:54"
"441","App\Models\Admin","13","ADMIN TOKEN","9a92d9d594f5b9f08088abcdad7f74b43caa19baec7768e4930e5782bb7360f1","[""*""]","2024-12-07 07:59:06",NULL,"2024-11-21 11:36:49","2024-12-07 07:59:06"
"442","App\Models\User","333","USER TOKEN","fa651950a988c2429fa8f693a50543c70f69bacc19250418de03451e2813bfe9","[""*""]",NULL,NULL,"2024-11-22 12:33:31","2024-11-22 12:33:31"
"443","App\Models\User","334","USER TOKEN","48b96395fd13dbeefc5539dc3e2f2b411b08023ff9d391a081e4267becc6a71a","[""*""]",NULL,NULL,"2024-11-22 12:34:05","2024-11-22 12:34:05"
"444","App\Models\User","335","USER TOKEN","e6d73fb2389d18f7ba25ed97b6ddfb089c69465d75e059db219e99748718f333","[""*""]",NULL,NULL,"2024-11-22 12:42:03","2024-11-22 12:42:03"
"445","App\Models\User","336","USER TOKEN","b2e7973061784cbcb601b6c65729e987bb2639b0cf13ee4e40a5b5b12569ec32","[""*""]",NULL,NULL,"2024-11-22 12:42:13","2024-11-22 12:42:13"
"446","App\Models\User","337","USER TOKEN","858984a70db192ad58a536400cbaa49cea0bee88205151f6673463540a2c5e17","[""*""]",NULL,NULL,"2024-11-22 12:42:21","2024-11-22 12:42:21"
"447","App\Models\Admin","16","ADMIN TOKEN","e89ced5f3a4e551b42cf7f3bc83e24ecc14ef2ac88c6564cc89ac3b52733b67c","[""*""]",NULL,NULL,"2024-11-26 09:44:30","2024-11-26 09:44:30"
"448","App\Models\Admin","16","ADMIN TOKEN","c1b1ed70b383f6b52f2082a450e323a33544bf14c82fd618b4a0195b09415bd8","[""*""]",NULL,NULL,"2024-11-26 11:40:12","2024-11-26 11:40:12"
"449","App\Models\Admin","16","ADMIN TOKEN","87dae247135b0ce5f79c5e4ab28543158534dda1bd16420c0ebf32164d46c34d","[""*""]",NULL,NULL,"2024-11-26 11:48:06","2024-11-26 11:48:06"
"450","App\Models\Admin","16","ADMIN TOKEN","bc5a59c63ac0b393ff0d269f7edf713fd3052004429e42ac258459c46fa1750b","[""*""]",NULL,NULL,"2024-11-26 12:19:46","2024-11-26 12:19:46"
"451","App\Models\User","338","USER TOKEN","1ab4a05aa12751c76102d803ba492fa765847d0ead9dc775b68bdcb13086a7f3","[""*""]","2025-02-20 10:37:04",NULL,"2025-02-11 10:27:39","2025-02-20 10:37:04"
"452","App\Models\Admin","3","ADMIN TOKEN","b8311767e7cf85ed261f172b5636396c181587502a788cabcee838b2a00faf1d","[""*""]",NULL,NULL,"2025-02-11 10:46:15","2025-02-11 10:46:15"
"453","App\Models\User","339","USER TOKEN","4e2c9291e5543fd6a927057f6fc7b195035d1030aac3705f82461a1803d498f3","[""*""]","2025-02-11 17:17:56",NULL,"2025-02-11 17:17:55","2025-02-11 17:17:56"
"454","App\Models\User","340","USER TOKEN","ec5581719ace5d3d1beacf13f2bfcaf0b16059cfb8ce882aedb8f3797e37ff17","[""*""]","2025-02-11 17:18:44",NULL,"2025-02-11 17:18:43","2025-02-11 17:18:44"
"455","App\Models\User","341","USER TOKEN","3d8eaca0b44da673cd6067ab59b621c4fafa234281972a9fdd3c9daf56aac698","[""*""]","2025-02-11 17:36:58",NULL,"2025-02-11 17:33:50","2025-02-11 17:36:58"
"456","App\Models\User","342","USER TOKEN","4e09025212b5bf5beed80d8c74a3fd74fcdc658a6d52264ce54dd02e3f5b3f46","[""*""]","2025-02-11 18:00:07",NULL,"2025-02-11 18:00:06","2025-02-11 18:00:07"
"457","App\Models\Admin","2","ADMIN TOKEN","a49423b7dccf759dc8d4629b2a377e826c71b9cd42dc2f706b07953179a7653e","[""*""]",NULL,NULL,"2025-02-12 11:12:30","2025-02-12 11:12:30"
"458","App\Models\Admin","2","ADMIN TOKEN","d63490d66c3189199fb3606b02f74589f995653f9326844838662e90a4fb2c8f","[""*""]","2025-02-20 07:28:01",NULL,"2025-02-12 11:20:33","2025-02-20 07:28:01"
"459","App\Models\User","343","USER TOKEN","036cc28b007fc19726d704ad9adbc4fbfdfdab8f8f10d878f6b2ffaa311cf7e1","[""*""]","2025-02-17 07:07:53",NULL,"2025-02-17 07:07:52","2025-02-17 07:07:53"
"460","App\Models\User","344","USER TOKEN","88dabb7eb7be6a375b073e4827099aec7577e36d5f4c79d7ecd41786e15f1fcf","[""*""]","2025-02-17 07:09:11",NULL,"2025-02-17 07:09:11","2025-02-17 07:09:11"
"461","App\Models\User","345","USER TOKEN","2c71c905b1c8db4cae1c1aca35766dff064dd4b89698a71779f7e8424b3905d0","[""*""]","2025-02-17 12:29:08",NULL,"2025-02-17 07:31:59","2025-02-17 12:29:08"
"462","App\Models\User","346","USER TOKEN","e042fa5e12352eab39c457e719907ed2d0d0ae1db177ac1d93541add551c8478","[""*""]","2025-10-04 03:18:59",NULL,"2025-02-17 08:38:04","2025-10-04 03:18:59"
"463","App\Models\User","347","USER TOKEN","39403d644838e938324381b424ba911e8b5ec72528053434db619f686a37b241","[""*""]","2025-05-19 22:23:15",NULL,"2025-02-17 09:17:38","2025-05-19 22:23:15"
"464","App\Models\Admin","3","ADMIN TOKEN","f7346ff04d552cfe650a950a13caf2e1af11abe98bdf07292686cbf6f4b9aacb","[""*""]","2025-02-20 14:19:09",NULL,"2025-02-17 12:29:45","2025-02-20 14:19:09"
"465","App\Models\User","348","USER TOKEN","f5a97a9a2e8dbe96ba0331b224450be449f0c667229954e5c0aa2db485df6dad","[""*""]","2025-02-20 14:16:18",NULL,"2025-02-17 12:33:43","2025-02-20 14:16:18"
"466","App\Models\User","349","USER TOKEN","c24b71c91b34d3860fad69a0f71ffd1d506f6a092bf477488dff711f92b96640","[""*""]","2025-02-17 14:00:32",NULL,"2025-02-17 14:00:00","2025-02-17 14:00:32"
"467","App\Models\User","350","USER TOKEN","91eaf00ad1e2c499a57b87849da0a2057397b89b112ae790e69af8f4991c8803","[""*""]","2025-02-17 14:20:03",NULL,"2025-02-17 14:19:26","2025-02-17 14:20:03"
"468","App\Models\User","351","USER TOKEN","20d236333dc2642b98049557bae749acd5622647d533ceeac283f78b332fa3f3","[""*""]","2025-02-17 14:36:12",NULL,"2025-02-17 14:35:48","2025-02-17 14:36:12"
"469","App\Models\User","352","USER TOKEN","912777d55f66318fdee9bdd2c03a720feeaf3c5f663127c70c6781d36a59127e","[""*""]","2025-02-17 14:54:11",NULL,"2025-02-17 14:52:46","2025-02-17 14:54:11"
"470","App\Models\User","353","USER TOKEN","052df0571671d19aecb147dc1de4cb4f8cb41a673cf73cd9ce101548ab259e7f","[""*""]","2026-04-15 18:26:09",NULL,"2025-02-20 07:15:26","2026-04-15 18:26:09"
"471","App\Models\Admin","2","ADMIN TOKEN","ba80502059c76e3db76a01759268fc3a188e92bad6dc53df7d1f15271c0b9b8b","[""*""]","2025-02-20 07:28:35",NULL,"2025-02-20 07:28:30","2025-02-20 07:28:35"
"472","App\Models\Admin","2","ADMIN TOKEN","fd4acd1066fdb7d7583d4690694d451aac68c0bac21847d3fbca72c8e9a7a5f8","[""*""]","2025-03-18 11:09:12",NULL,"2025-02-20 07:33:44","2025-03-18 11:09:12"
"473","App\Models\User","354","USER TOKEN","6bf6f7f30ff9ea33fbff72360e84ed4e1fc30c43d447241a8de99435ed2f9f81","[""*""]","2025-10-03 23:51:21",NULL,"2025-02-20 14:07:10","2025-10-03 23:51:21"
"474","App\Models\Admin","3","ADMIN TOKEN","90645284ab3d768d040ab5965f3ca300e94f6dd5342c3671d544f804a87e768d","[""*""]","2025-02-20 14:36:09",NULL,"2025-02-20 14:07:12","2025-02-20 14:36:09"
"475","App\Models\Admin","2","ADMIN TOKEN","0589b413762cbb395c89ad198543103143298df040566c4645d2d666d1abea9a","[""*""]","2025-02-20 17:59:30",NULL,"2025-02-20 14:37:24","2025-02-20 17:59:30"
"476","App\Models\Admin","3","ADMIN TOKEN","c12f479d2f717a786e307f3c4e4993a8f9f3cb8226a164144511bb324481c993","[""*""]","2025-02-20 15:38:42",NULL,"2025-02-20 15:04:22","2025-02-20 15:38:42"
"477","App\Models\User","355","USER TOKEN","af649be01df55efcd99fcb0e18d46a40c4405d749e726757b868136965c3f1b5","[""*""]","2026-03-12 15:10:56",NULL,"2025-02-20 15:29:31","2026-03-12 15:10:56"
"478","App\Models\Admin","2","ADMIN TOKEN","40a536b9527d96b602ea3960a3fd4f6ff1754d81f908931c85e4256378c23beb","[""*""]","2025-02-20 16:31:20",NULL,"2025-02-20 16:31:16","2025-02-20 16:31:20"
"479","App\Models\Admin","2","ADMIN TOKEN","7d80309c406eaacb201e12f51e124dc850c55f23cfec372769880ce6b13173d1","[""*""]","2025-02-20 17:46:53",NULL,"2025-02-20 16:54:20","2025-02-20 17:46:53"
"480","App\Models\Admin","2","ADMIN TOKEN","27b41b6b9c0cb7c274cf4b8ef80993a2bd281174b5511581202851735072abcd","[""*""]","2025-02-20 17:48:12",NULL,"2025-02-20 17:48:07","2025-02-20 17:48:12"
"481","App\Models\Admin","2","ADMIN TOKEN","07936ae9b7b00507191522f616c17382f836756cd0f0024b66790b58533341de","[""*""]","2025-07-11 09:38:20",NULL,"2025-02-20 17:57:11","2025-07-11 09:38:20"
"482","App\Models\Admin","8","ADMIN TOKEN","1d464020cc30126e4cd5c40a508cf0817f6f2f7d321c04499f8cf592e310b3be","[""*""]","2025-02-22 09:58:31",NULL,"2025-02-21 06:00:08","2025-02-22 09:58:31"
"483","App\Models\User","356","USER TOKEN","f75c00435c19071c345470492f18e8216d14ccf353e1cd9ef922d6914f33aaf2","[""*""]","2025-02-21 06:54:26",NULL,"2025-02-21 06:54:25","2025-02-21 06:54:26"
"484","App\Models\User","357","USER TOKEN","d3680ba81988834802fd392a4c3bb5691e2a1efeb953246e5bfee741515871cf","[""*""]","2025-02-21 07:58:07",NULL,"2025-02-21 07:54:15","2025-02-21 07:58:07"
"485","App\Models\User","358","USER TOKEN","a1a386d3b5a2697f1a769d4817f36c7f80f636abf4db3a4e9c0dd0bb17905bf5","[""*""]","2025-02-22 06:49:41",NULL,"2025-02-22 06:46:10","2025-02-22 06:49:41"
"486","App\Models\Admin","2","ADMIN TOKEN","4ff6be8abf04535f304af880ea4a878b3e198ca13b52c7ff0da45157bdef3742","[""*""]","2025-03-11 14:07:40",NULL,"2025-02-22 09:59:27","2025-03-11 14:07:40"
"487","App\Models\Admin","2","ADMIN TOKEN","0c34a176772f38b85b98413a3e2fadc03c6cfe53d4924e618f320cdfe4a2ee97","[""*""]","2025-02-22 12:41:32",NULL,"2025-02-22 12:38:03","2025-02-22 12:41:32"
"488","App\Models\User","359","USER TOKEN","8f2e57e9553ca9ba7e7538db0710f45cc0634bb9c77a15c4f5146434dc0f1c8b","[""*""]","2025-02-23 04:50:54",NULL,"2025-02-23 03:47:36","2025-02-23 04:50:54"
"489","App\Models\User","360","USER TOKEN","f6389379a7c1ddfeab9d6cdc93c4dfbff0893a29fa107a578184d451f290e6ea","[""*""]","2025-02-24 03:45:26",NULL,"2025-02-24 03:44:35","2025-02-24 03:45:26"
"490","App\Models\User","361","USER TOKEN","09105acae231a1926c1bcddbf67c8ce4bc6bc53eb0aad46975f878c7095e055e","[""*""]","2025-02-24 05:23:45",NULL,"2025-02-24 05:23:22","2025-02-24 05:23:45"
"491","App\Models\User","362","USER TOKEN","39844558efda26f827fbc1fe7b6c34820f449418c4b87708ba9bb13f75da97c1","[""*""]","2025-02-25 02:26:24",NULL,"2025-02-25 02:24:09","2025-02-25 02:26:24"
"492","App\Models\User","363","USER TOKEN","1da7e3fdacefe049c4a590e1f86146b1b98846660be90e048d44f9ebb2fb76dd","[""*""]","2025-02-25 06:43:28",NULL,"2025-02-25 06:43:26","2025-02-25 06:43:28"
"493","App\Models\User","364","USER TOKEN","59cbe4c31d628ea48faf30285c6292bfc29ee61977003c563d61806b22199af1","[""*""]","2025-03-18 10:54:27",NULL,"2025-02-26 11:38:44","2025-03-18 10:54:27"
"494","App\Models\User","365","USER TOKEN","1a25a96b20edf1cd140dda0e3ad5566f15c54393cb7d93da5829be92fb7ced30","[""*""]","2025-06-27 05:52:55",NULL,"2025-02-26 11:43:05","2025-06-27 05:52:55"
"495","App\Models\User","366","USER TOKEN","97fa36d1438f37cc644d12341f8c762d05ef7120d7c6ccce06a5654f803ec887","[""*""]","2025-03-18 11:04:11",NULL,"2025-03-18 10:58:46","2025-03-18 11:04:11"
"496","App\Models\Admin","2","ADMIN TOKEN","a033f4a49bfbc9cf5c8fb57cfcce284089d9684501761aee503715387074a511","[""*""]","2025-04-09 14:39:51",NULL,"2025-03-19 16:22:42","2025-04-09 14:39:51"
"497","App\Models\User","367","USER TOKEN","f4df8d8c2c174ab1ab982d26eec4c54012edbebd9067c80b4f49aac0732445f4","[""*""]","2025-07-01 09:40:53",NULL,"2025-04-15 09:34:24","2025-07-01 09:40:53"
"498","App\Models\User","368","USER TOKEN","3981ea23a6c56943a2d25e4d30b8f00557554dbb304d549aa59a3ebec369bde8","[""*""]","2025-10-05 09:03:49",NULL,"2025-04-17 16:31:48","2025-10-05 09:03:49"
"499","App\Models\User","369","USER TOKEN","cd1704cb7aee46e3fbdda7c8f7c31dc9ccb9419614539dbfafe80f00bf6d3422","[""*""]","2025-04-17 22:42:54",NULL,"2025-04-17 22:42:53","2025-04-17 22:42:54"
"500","App\Models\Admin","2","ADMIN TOKEN","fe3cdf61be9d48ee1b3d4cb547a851afb7c7a5173346a117ed7d2f5a0765c8c9","[""*""]","2025-06-28 10:34:51",NULL,"2025-05-19 09:05:55","2025-06-28 10:34:51"
"501","App\Models\Admin","2","ADMIN TOKEN","3d82196666d3729ce9562a2af78bfded57db06e2f42a0cee30edad2b8f71c84b","[""*""]","2025-05-19 09:09:01",NULL,"2025-05-19 09:08:57","2025-05-19 09:09:01"
"502","App\Models\User","370","USER TOKEN","fcbafbbad54940d535900e428364dbbb3dc65807a21dd1020a1dbf63de49a470","[""*""]","2025-05-19 12:27:02",NULL,"2025-05-19 12:27:00","2025-05-19 12:27:02"
"503","App\Models\User","371","USER TOKEN","27c7fc2b61019200f047983ee312a4705c4ba4d5d4b63bd0f38f4635c0811438","[""*""]","2025-05-20 08:23:49",NULL,"2025-05-20 08:23:12","2025-05-20 08:23:49"
"504","App\Models\User","372","USER TOKEN","0e76964daebf73afb037ff3a361543ee897f770f820a8567012daebec34c001d","[""*""]","2025-06-27 01:52:43",NULL,"2025-06-27 01:52:39","2025-06-27 01:52:43"
"505","App\Models\User","373","USER TOKEN","7eda5849ec9c1785db86e01c6bab9b66b969ddcc9fa162407483cfa94563c904","[""*""]","2025-06-27 08:38:12",NULL,"2025-06-27 06:32:48","2025-06-27 08:38:12"
"506","App\Models\User","374","USER TOKEN","f90d0451a7c41d09d4c63fe1b10e4d1ff28a801c8fce8a65dc08ffeeda300c1f","[""*""]","2026-04-16 08:16:45",NULL,"2025-06-27 08:43:51","2026-04-16 08:16:45"
"507","App\Models\Admin","12","ADMIN TOKEN","19dda76fe3b3c65089519b6a0fb57f058baaeca1d346812d0bee580541cfb997","[""*""]","2026-04-16 06:41:59",NULL,"2025-06-28 05:29:41","2026-04-16 06:41:59"
"508","App\Models\Admin","2","ADMIN TOKEN","286a3eefb3c035d15a757afd6218b7b88904eb139094c9c68e518637fa960af6","[""*""]","2025-06-28 10:38:20",NULL,"2025-06-28 10:38:14","2025-06-28 10:38:20"
"509","App\Models\Admin","4","ADMIN TOKEN","e5abc3f308ca2d9835f517a9a42a2859e95ba3196bb1e49f702233c3735b39cd","[""*""]","2025-06-29 20:43:07",NULL,"2025-06-28 10:42:00","2025-06-29 20:43:07"
"510","App\Models\Admin","2","ADMIN TOKEN","59f155aeba90b0d5658e19da43aba4a2e30f4269013b746f3c9649daec17dc6e","[""*""]","2025-06-29 20:43:34",NULL,"2025-06-29 20:43:28","2025-06-29 20:43:34"
"511","App\Models\Admin","2","ADMIN TOKEN","c368c3c97b3bcdaf7bed985c4ae05a23e3296b8d06b898715c21045eab30b613","[""*""]","2025-06-29 20:48:36",NULL,"2025-06-29 20:48:31","2025-06-29 20:48:36"
"512","App\Models\Admin","13","ADMIN TOKEN","6a287d45c659b6388ca6eed7b7c33403e3b5550ce2788388eb34677aba8cdc95","[""*""]","2025-06-30 18:33:06",NULL,"2025-06-29 20:52:34","2025-06-30 18:33:06"
"513","App\Models\Admin","4","ADMIN TOKEN","7d811159a1002ad0305ee6ca7652498b062df091c0bc176be764ae7a25e64f71","[""*""]","2025-06-29 21:48:42",NULL,"2025-06-29 21:46:10","2025-06-29 21:48:42"
"514","App\Models\Admin","2","ADMIN TOKEN","75c4a4089b656024f800897134d7b9bc992bd7ab121fcfdf326d0d274a8349a1","[""*""]","2025-06-29 21:49:45",NULL,"2025-06-29 21:49:40","2025-06-29 21:49:45"
"515","App\Models\User","375","USER TOKEN","5295bad737b70f8fbbf3d50932f64f7047fb0028b2ef1859f7192bbd67eb147c","[""*""]","2025-09-04 06:49:50",NULL,"2025-06-30 06:21:19","2025-09-04 06:49:50"
"516","App\Models\User","376","USER TOKEN","30422464ea4a654150ae98c63a5b1eb864c939b7e5871bc8886f601f9cf754fc","[""*""]","2025-06-30 10:29:33",NULL,"2025-06-30 10:28:45","2025-06-30 10:29:33"
"517","App\Models\Admin","2","ADMIN TOKEN","ca1db45f8092a94c891df7ff88470736b241a6443551656468111213248365b7","[""*""]","2025-07-01 08:04:29",NULL,"2025-06-30 18:33:52","2025-07-01 08:04:29"
"518","App\Models\Admin","7","ADMIN TOKEN","8c0dcdd63608bde49176e37f899827d79393d24c108516d4620db14b40c50769","[""*""]","2025-07-01 10:27:04",NULL,"2025-07-01 08:07:08","2025-07-01 10:27:04"
"519","App\Models\Admin","2","ADMIN TOKEN","158cd9ea428dc77676bffa7276659cb90e322a490818db952c10e5eff134f890","[""*""]","2025-07-05 07:53:24",NULL,"2025-07-01 10:27:30","2025-07-05 07:53:24"
"520","App\Models\User","377","USER TOKEN","d8722e67df483298cd05934c46124bb32a546d8dab879f748559830d3abcb51e","[""*""]","2025-07-05 03:01:19",NULL,"2025-07-01 12:43:50","2025-07-05 03:01:19"
"521","App\Models\User","378","USER TOKEN","063a3f5b86efa67877e7bb636f4a44b17d2307d4b0aef71d3b7f3ade7bdebd56","[""*""]","2025-07-02 08:54:19",NULL,"2025-07-01 14:18:43","2025-07-02 08:54:19"
"522","App\Models\User","379","USER TOKEN","bd7e8ed7087be0b99344c0ed668ed4b868b7ddd294bdfca0d3072084c415b468","[""*""]",NULL,NULL,"2025-07-01 18:29:13","2025-07-01 18:29:13"
"523","App\Models\User","380","USER TOKEN","b8def3a09b2c7b92b110b0866b5ef1c7ff1631741d05ccec80532881b46bba56","[""*""]",NULL,NULL,"2025-07-01 18:29:16","2025-07-01 18:29:16"
"524","App\Models\User","381","USER TOKEN","8e4be76df88b2ff7291ea14ac62218fc937f4598df3b5cf58f84738f460676fa","[""*""]",NULL,NULL,"2025-07-01 18:29:23","2025-07-01 18:29:23"
"525","App\Models\User","382","USER TOKEN","425001ba791ebb2bc97db556c3954a464c8072300f918de35243527a1d856d90","[""*""]",NULL,NULL,"2025-07-01 18:36:17","2025-07-01 18:36:17"
"526","App\Models\User","383","USER TOKEN","fd2b4fc3ea86c6857ebc2fa0f7fa826494a6cfe338a7010c5cfbc47e76a41bbd","[""*""]",NULL,NULL,"2025-07-01 18:36:21","2025-07-01 18:36:21"
"527","App\Models\User","384","USER TOKEN","36f4e81e8a9cf1461261982aceebd426874278d49bd85c863bef6cdab1c468d3","[""*""]",NULL,NULL,"2025-07-01 18:37:16","2025-07-01 18:37:16"
"528","App\Models\User","385","USER TOKEN","59d7aad3492e2648abc8ce1853271d275249cf66653f6fd4fae8a569892879f5","[""*""]",NULL,NULL,"2025-07-01 18:37:28","2025-07-01 18:37:28"
"529","App\Models\Admin","15","ADMIN TOKEN","7515516396aea00f049bac558b7d628a58e97ba76fb8170d48d7634155308022","[""*""]","2025-07-04 16:38:14",NULL,"2025-07-01 18:46:31","2025-07-04 16:38:14"
"530","App\Models\User","386","USER TOKEN","37aa7d6fe8a4420694c9d1968e22ef046b1a4cac740153c79e0b768b7e988ca9","[""*""]","2025-07-14 10:52:19",NULL,"2025-07-01 20:06:19","2025-07-14 10:52:19"
"531","App\Models\Admin","13","ADMIN TOKEN","b872a99ce6ef7c283964c86a1c4f2a5e96831f02d3c1e0e307a14656ac6d0be2","[""*""]","2025-08-04 09:53:42",NULL,"2025-07-01 20:44:13","2025-08-04 09:53:42"
"532","App\Models\User","387","USER TOKEN","31b17d406a69896bad0330ad4d22628e442311ee46a24192a969e7700544061c","[""*""]",NULL,NULL,"2025-07-03 10:58:06","2025-07-03 10:58:06"
"533","App\Models\User","388","USER TOKEN","6810cd8f34de02a7aa6a42dc6f2f38e4e2564a28b00f898046d0fad99febbc6e","[""*""]",NULL,NULL,"2025-07-03 10:58:09","2025-07-03 10:58:09"
"534","App\Models\User","389","USER TOKEN","4e982f03ea3051a1970c3dd7bfc54c0d10da18dbb805e910c76b87ab9811313b","[""*""]",NULL,NULL,"2025-07-03 10:58:11","2025-07-03 10:58:11"
"535","App\Models\User","390","USER TOKEN","f78804a8ef066ca106ccd5c45b046a038bba1dd761464e4a1b9e74988657cb84","[""*""]",NULL,NULL,"2025-07-03 10:58:13","2025-07-03 10:58:13"
"536","App\Models\User","391","USER TOKEN","ffa0b3b91c53e9b827d3899d0e6500a914c8b03c03379b7b4e84f6a6022cdfb9","[""*""]","2025-09-16 10:14:59",NULL,"2025-07-03 13:07:36","2025-09-16 10:14:59"
"537","App\Models\User","392","USER TOKEN","29792e306fad20246c5ce7958259f58318393b8151f004f805ecef9145a00b1a","[""*""]","2025-07-04 08:20:39",NULL,"2025-07-04 08:20:37","2025-07-04 08:20:39"
"538","App\Models\User","393","USER TOKEN","3f192d234613aaf1b3d8ca01d3ac9692afacfbe096ee957f1fb93df147dbed7a","[""*""]",NULL,NULL,"2025-07-04 16:28:42","2025-07-04 16:28:42"
"539","App\Models\User","394","USER TOKEN","169f7fff4515ef1916004e8ff018d55187679d140c2681dfbbc5893b1f72182a","[""*""]",NULL,NULL,"2025-07-04 16:28:45","2025-07-04 16:28:45"
"540","App\Models\Admin","13","ADMIN TOKEN","1f1976b152d4259ae34317fefe75680f93972924b2376321cfd2532b4891e101","[""*""]","2025-07-11 09:21:53",NULL,"2025-07-05 08:16:44","2025-07-11 09:21:53"
"541","App\Models\User","395","USER TOKEN","277ce00ac47dd68b7044ca51d5119cd293b1f8eeee5f9a1ae4f3f47b2f80eb65","[""*""]","2025-07-06 05:43:56",NULL,"2025-07-06 05:43:55","2025-07-06 05:43:56"
"542","App\Models\User","396","USER TOKEN","7495921b728d9b2a0e38ca877d79af1a4c4f8096e41de17c5605103f59b008bb","[""*""]","2025-07-06 08:22:59",NULL,"2025-07-06 08:22:57","2025-07-06 08:22:59"
"543","App\Models\User","397","USER TOKEN","669e05f144aadb32e428d0e81acf4f30a51ca11650d853455536e8ae98bd9839","[""*""]","2025-07-15 22:25:59",NULL,"2025-07-06 09:43:43","2025-07-15 22:25:59"
"544","App\Models\User","398","USER TOKEN","2b5d5ff421bc84050f75be11ab9127a552ca97cd496c906fed790305dc9a3f66","[""*""]","2025-07-07 08:56:28",NULL,"2025-07-07 08:55:16","2025-07-07 08:56:28"
"545","App\Models\User","399","USER TOKEN","07aad9c3ddd2d745a940ce3f9d76b40b8d7161bda4c1911ff8215808a1a7bfb5","[""*""]","2025-07-07 10:46:37",NULL,"2025-07-07 10:46:35","2025-07-07 10:46:37"
"546","App\Models\User","400","USER TOKEN","763783f7bd9baa5f6c4ea89b385267da07a1c10d0e1c780f951c10a2cd9cd498","[""*""]","2025-07-07 13:05:50",NULL,"2025-07-07 13:05:47","2025-07-07 13:05:50"
"547","App\Models\User","401","USER TOKEN","a920849beec27a234f997e4f5618274687c72a62cfdd06dc0f49d3b6d83ed6a7","[""*""]","2025-08-17 16:26:45",NULL,"2025-07-07 13:11:29","2025-08-17 16:26:45"
"548","App\Models\User","402","USER TOKEN","3e715c975c6d7820e317026395f6b2676c83d9f4697391dd47c8b2bd8e7bc8e9","[""*""]","2025-07-13 21:19:03",NULL,"2025-07-11 08:26:30","2025-07-13 21:19:03"
"549","App\Models\Admin","19","ADMIN TOKEN","edf44b45a03695293273827d9749edd9eb49f4800ba4c40d43c58b1f28526ca9","[""*""]","2025-07-11 09:27:04",NULL,"2025-07-11 09:23:27","2025-07-11 09:27:04"
"550","App\Models\Admin","19","ADMIN TOKEN","a76d0a585ed9bf21bc644e5350565cef9db59c12dd280ab96f61bb0deda126fa","[""*""]","2025-07-11 09:28:41",NULL,"2025-07-11 09:28:07","2025-07-11 09:28:41"
"551","App\Models\Admin","19","ADMIN TOKEN","8bbd7efc6384ede7ce99676fbfe4f995109f5efbff2fa8f3444e872ff18032b9","[""*""]","2025-07-11 09:28:17",NULL,"2025-07-11 09:28:11","2025-07-11 09:28:17"
"552","App\Models\Admin","2","ADMIN TOKEN","c7b1b9f1564e8e25e59a43c5258abc1bc2dbbfa358790c0dec089f1c874d5c5a","[""*""]","2025-07-11 09:30:18",NULL,"2025-07-11 09:30:07","2025-07-11 09:30:18"
"553","App\Models\Admin","19","ADMIN TOKEN","08bfe36c78257fde422fcd045289fca028a180a1809f89562d132b65fff1ee36","[""*""]","2025-07-13 03:08:31",NULL,"2025-07-11 09:31:12","2025-07-13 03:08:31"
"554","App\Models\Admin","2","ADMIN TOKEN","79d44fe681a62f30f306e784e578451ecc8d2877b53053e994f50c83134509b7","[""*""]","2025-07-11 09:33:05",NULL,"2025-07-11 09:33:00","2025-07-11 09:33:05"
"555","App\Models\Admin","19","ADMIN TOKEN","5477ed69c8541a4f39c124a2415c492860315d7284f2a54893d6e77bde93a099","[""*""]","2025-07-17 09:26:49",NULL,"2025-07-11 09:33:43","2025-07-17 09:26:49"
"556","App\Models\User","403","USER TOKEN","703a596b33d3f12ac415ff9f1e6820f7b088cfbe6b6441a286765cb8786a8574","[""*""]","2025-07-11 09:52:38",NULL,"2025-07-11 09:52:37","2025-07-11 09:52:38"
"557","App\Models\Admin","2","ADMIN TOKEN","79a029d7b35672005db020d56927843a1780bc16b19a5728e3e934640a16699b","[""*""]","2025-09-13 13:02:39",NULL,"2025-07-13 03:09:14","2025-09-13 13:02:39"
"558","App\Models\User","404","USER TOKEN","22f17a0cc8675704acc48c7ff7e2e09e728b6aa06a08a8baf28d06f1ab371b15","[""*""]","2025-07-13 10:17:54",NULL,"2025-07-13 10:15:30","2025-07-13 10:17:54"
"559","App\Models\User","405","USER TOKEN","b52e257afade1e2cea8c77b6918756b636b20ae206440ead82a1e61aa33d0c93","[""*""]","2025-07-13 10:27:57",NULL,"2025-07-13 10:26:27","2025-07-13 10:27:57"
"560","App\Models\User","406","USER TOKEN","5bcc59d545ab17fd069693639fd91aa5d11ae6a677cf5be2053a56e64841d3fb","[""*""]","2025-07-13 10:27:26",NULL,"2025-07-13 10:27:22","2025-07-13 10:27:26"
"561","App\Models\User","407","USER TOKEN","74a201e79142833f667723140f4feeb38e92f87872de9b7e55b58bd87a1ae6c6","[""*""]","2025-07-13 13:01:14",NULL,"2025-07-13 12:31:55","2025-07-13 13:01:14"
"562","App\Models\User","408","USER TOKEN","b435a2178aceb6ac4ab3eb6cb85457cf6790023b13773c821a122959616d3ca5","[""*""]","2025-07-13 15:45:16",NULL,"2025-07-13 15:45:15","2025-07-13 15:45:16"
"563","App\Models\User","409","USER TOKEN","8e25f6373613c0b8f0a40b4a5ad002b972efc62d1d741ffc2e6cea4b95baec6f","[""*""]","2025-08-04 13:51:57",NULL,"2025-07-14 08:05:39","2025-08-04 13:51:57"
"564","App\Models\User","410","USER TOKEN","f7358d85ff34cc7b218c8f3fbca4af8def6ac60546bb001145a619036b1eee70","[""*""]","2025-07-14 08:23:22",NULL,"2025-07-14 08:21:55","2025-07-14 08:23:22"
"565","App\Models\Admin","19","ADMIN TOKEN","1c72eb2cf02e36806b4f20da6b7f6c1e85569753f0f207cf36dc4747e50f08d9","[""*""]","2025-07-17 09:27:38",NULL,"2025-07-17 09:27:34","2025-07-17 09:27:38"
"566","App\Models\Admin","2","ADMIN TOKEN","d0e0edcd9c33e17425179bd3895ab848373bc58351a61f66e816e63cb87e6cfe","[""*""]","2025-09-03 21:28:23",NULL,"2025-07-17 09:33:54","2025-09-03 21:28:23"
"567","App\Models\User","411","USER TOKEN","e6ebdbcd83cf45b81110db6e993a745e4b6933bcce54ef205144a263081ab73e","[""*""]","2025-10-10 04:06:47",NULL,"2025-07-28 06:17:46","2025-10-10 04:06:47"
"568","App\Models\User","412","USER TOKEN","a6107c9ec251d454bffb5b5c97f3ad2e7b9ef82024de772b3457d9756f6f55d3","[""*""]","2025-08-09 07:43:53",NULL,"2025-08-09 07:43:51","2025-08-09 07:43:53"
"569","App\Models\User","413","USER TOKEN","b93972452ee5f58490f5f22cd17b05314b8be09346584ba9327ec8c30cc75af7","[""*""]","2025-08-11 09:41:15",NULL,"2025-08-11 09:41:13","2025-08-11 09:41:15"
"570","App\Models\User","414","USER TOKEN","e10d872005b143d79d90a733879723eaa612a49c2a81fdb015999b255e2ca2ae","[""*""]","2025-08-11 09:46:40",NULL,"2025-08-11 09:46:39","2025-08-11 09:46:40"
"571","App\Models\User","415","USER TOKEN","5e9622e5dc02fcf90eb60521b3262a0b95b674077c95ea4f5d90244eb3a5fa4b","[""*""]","2025-08-27 03:20:57",NULL,"2025-08-11 09:49:22","2025-08-27 03:20:57"
"572","App\Models\User","416","USER TOKEN","d95dd3a1d917801e16fe6f995cfa86ce363f889893e138f09939ef5e681613b6","[""*""]","2026-04-16 06:53:25",NULL,"2025-08-11 12:34:32","2026-04-16 06:53:25"
"573","App\Models\User","417","USER TOKEN","317f588d3385c4b54dda998ba07e00145087e2c7d612e8820183a2fb0a1d335b","[""*""]","2025-08-26 00:06:17",NULL,"2025-08-20 10:29:30","2025-08-26 00:06:17"
"574","App\Models\User","418","USER TOKEN","f9d464648762c9efe5719728821de44b32d21e92b24d55a545a4f801a1c7aafe","[""*""]","2026-04-16 09:56:42",NULL,"2025-08-20 10:36:56","2026-04-16 09:56:42"
"575","App\Models\User","419","USER TOKEN","34c6c4c3c3237e6fd4f8b8be86982820de8632a31fe20072d1d2d91bd8a0cb84","[""*""]","2025-08-22 12:23:16",NULL,"2025-08-20 10:38:36","2025-08-22 12:23:16"
"576","App\Models\User","420","USER TOKEN","39343a0cee54bf57866315a04f1076f52013212a5ab93b850a7d4fef5f07a74f","[""*""]","2026-04-15 20:43:23",NULL,"2025-08-20 10:39:05","2026-04-15 20:43:23"
"577","App\Models\User","421","USER TOKEN","d70ad31ec99b7536ad840d16aae57cf2a57459391b7fde19ffc768b8cd3e00fd","[""*""]","2025-08-20 10:40:16",NULL,"2025-08-20 10:40:14","2025-08-20 10:40:16"
"578","App\Models\User","422","USER TOKEN","130aeb8c6a19eef44e500144084d523cdee5f4c25445c40e54b975fdc3c5cf26","[""*""]","2025-08-20 11:11:39",NULL,"2025-08-20 10:44:03","2025-08-20 11:11:39"
"579","App\Models\User","423","USER TOKEN","247ff2c8e928d6839d812e688a1936f18b5d16f461e0d0522346feb2adc0078b","[""*""]","2025-09-20 08:09:31",NULL,"2025-08-20 10:46:38","2025-09-20 08:09:31"
"580","App\Models\User","424","USER TOKEN","3c2d6c77cb52fc6c83219f40fda950e1962ae8c13c0806c6525d806b7fdac405","[""*""]","2025-08-20 17:50:38",NULL,"2025-08-20 14:50:51","2025-08-20 17:50:38"
"581","App\Models\User","425","USER TOKEN","7a10dd3e3b4532b4c7c26d20951acecc0e61c4491a74e3cf81e2be4abf17a43f","[""*""]","2025-08-20 21:27:24",NULL,"2025-08-20 21:27:23","2025-08-20 21:27:24"
"582","App\Models\User","426","USER TOKEN","4bd34cf1c305025079e911ba619a2f07aad76354dd7c4eb86e163fba75381eb1","[""*""]","2025-08-21 06:04:14",NULL,"2025-08-21 06:04:11","2025-08-21 06:04:14"
"583","App\Models\User","427","USER TOKEN","e9fe04593df7001881914972013003c9479dc03367a3f4482683e8dde8d41400","[""*""]","2025-08-24 11:09:12",NULL,"2025-08-24 11:09:08","2025-08-24 11:09:12"
"584","App\Models\User","428","USER TOKEN","5d5b4a6ce6b72cb564b9f1a46f04e7b0b5ee6c354d35f1f5ad1c09ddb58de35f","[""*""]","2025-08-24 17:40:29",NULL,"2025-08-24 17:40:28","2025-08-24 17:40:29"
"585","App\Models\User","429","USER TOKEN","623ff27c4102faebea59bafee65a9c81ed91e04b8b59f6bc88da08d8fb8f4b49","[""*""]","2025-08-28 03:19:43",NULL,"2025-08-28 03:03:21","2025-08-28 03:19:43"
"586","App\Models\Admin","2","ADMIN TOKEN","9dfb63bfb7f72f2a60d0c8c19b6ce388704c6a7eec0b785dd2b0a41a1a22fefc","[""*""]","2025-09-16 06:43:15",NULL,"2025-09-02 20:21:54","2025-09-16 06:43:15"
"587","App\Models\Admin","13","ADMIN TOKEN","41c0c47fe1d1031035b05747fb7a620869af8e736b1bb598b74445f723fc2b72","[""*""]","2025-09-14 11:39:00",NULL,"2025-09-14 11:38:55","2025-09-14 11:39:00"
"588","App\Models\Admin","13","ADMIN TOKEN","708e89c0ee02dbec9348b28ab35d7486c846f41a52cb1e7414bc9b5d9bf10690","[""*""]","2026-04-16 08:16:27",NULL,"2025-09-16 06:48:43","2026-04-16 08:16:27"
"589","App\Models\User","430","USER TOKEN","0cc33242b722ffa62dbdb2ae8f49813cee91842257ad7f648bcc791d5cd5ed15","[""*""]","2025-09-26 11:30:42",NULL,"2025-09-26 11:30:40","2025-09-26 11:30:42"
"590","App\Models\User","431","USER TOKEN","a407ab83668a5b6a3ac337965da4ac6d9de3370e3f0e00d77016db706e4c368f","[""*""]","2025-09-26 11:30:58",NULL,"2025-09-26 11:30:56","2025-09-26 11:30:58"
"591","App\Models\User","432","USER TOKEN","955b44b5797d9ebcc03b048f217b64f0b98cabb362ef63bef349d39258ebb3f1","[""*""]","2025-10-13 09:53:33",NULL,"2025-10-13 09:53:31","2025-10-13 09:53:33"
"592","App\Models\User","433","USER TOKEN","6dc8af0f8c1b9c4b47dae7947e9c9f3b20d3f5077e809fddf9bbf17111b751bb","[""*""]","2025-10-13 10:05:44",NULL,"2025-10-13 10:05:42","2025-10-13 10:05:44"
"593","App\Models\User","434","USER TOKEN","65e32ec84b0f82bb432160fbc151b30740b4c072e5f5fbd4aa0bece6b644b5fa","[""*""]","2025-10-14 06:21:21",NULL,"2025-10-14 06:20:52","2025-10-14 06:21:21"
"594","App\Models\User","435","USER TOKEN","a0b76809980c8f981784e175d0aa23fd2f766b1c727dcd80f6789b0d39a50a8f","[""*""]","2025-10-22 10:08:51",NULL,"2025-10-22 10:07:14","2025-10-22 10:08:51"
"595","App\Models\User","436","USER TOKEN","5324badd961e4ad5ffaef12159873d132ce589260b877088f587bc7e3db0f71f","[""*""]","2026-03-12 15:11:53",NULL,"2026-03-12 15:11:50","2026-03-12 15:11:53"
"596","App\Models\User","437","USER TOKEN","bf4a6ec027d0d092c54bf402ac7c096f630c49ad53533502ad109907900df657","[""*""]",NULL,NULL,"2026-03-17 10:36:09","2026-03-17 10:36:09"
"597","App\Models\User","438","USER TOKEN","a7b6300a45e6a970a512bcd59d7d0a7df8ad3c6905ca62f3dced46d7bf098c9c","[""*""]","2026-04-11 10:33:20",NULL,"2026-04-11 10:33:18","2026-04-11 10:33:20"
"598","App\Models\User","439","USER TOKEN","145b21241b0415d7a3b6fd093085938ec163da6b8318ea27e16fed2eaf6f22b7","[""*""]","2026-04-11 10:45:12",NULL,"2026-04-11 10:45:09","2026-04-11 10:45:12"
"id","name","password","email","avatar","phone","created_at","updated_at"
"id","name","email","created_at","updated_at"
"1","Chidera","mymail@gmail.com","2024-11-05 12:18:57",NULL
"id","name","created_at","updated_at"
"1","super","2024-09-14 20:19:57",NULL
"2","telehealth","2024-09-14 20:19:57",NULL
"4","sos","2024-09-14 20:20:51",NULL
"5","legal","2024-10-03 12:32:41","2024-10-03 12:32:41"
"id","user_id","ip_address","user_agent","payload","last_activity"
"1aWzZQyadPTkujQNuCQdhU7xbjRfjmKnAjAtn4OH",NULL,"198.235.24.23","Hello from Palo Alto Networks, find out more about our scans in https://docs-cortex.paloaltonetworks.com/r/1/Cortex-Xpanse/Scanning-activity","YTozOntzOjY6Il90b2tlbiI7czo0MDoidXBNS2Z5TFZJY1NKd0RWaXRDRTdMMkI2ZXNQZTZZTUYwNXFVTXNRYyI7czo5OiJfcHJldmlvdXMiO2E6MTp7czozOiJ1cmwiO3M6MzM6Imh0dHBzOi8vbWFwZWVyc2FwaS5lcnJhbmR3YWthLmNvbSI7fXM6NjoiX2ZsYXNoIjthOjI6e3M6Mzoib2xkIjthOjA6e31zOjM6Im5ldyI7YTowOnt9fX0=","1775908462"
"2Q6HqgWec3lnPCmgQphtk570d3dp5GHvhkXItQup",NULL,"165.227.79.106","Mozilla/5.0 (X11; Linux x86_64; rv:142.0) Gecko/20100101 Firefox/142.0","YTozOntzOjY6Il90b2tlbiI7czo0MDoiYVZoeng3c1Y4QnN1SG9mbEpwS0tIdWdXRDY4NktWcUxkZzhzb2RpSyI7czo5OiJfcHJldmlvdXMiO2E6MTp7czozOiJ1cmwiO3M6MzM6Imh0dHBzOi8vbWFwZWVyc2FwaS5lcnJhbmR3YWthLmNvbSI7fXM6NjoiX2ZsYXNoIjthOjI6e3M6Mzoib2xkIjthOjA6e31zOjM6Im5ldyI7YTowOnt9fX0=","1776263858"
"85ivV91XCcPSO4LQprYzmk8evhQKBXr46Y6ODoXV",NULL,"34.253.44.136","Mozilla/5.0 (compatible; NetcraftSurveyAgent/1.0; +info@netcraft.com)","YTozOntzOjY6Il90b2tlbiI7czo0MDoiNTNpOHN6WVpFNkx4MkVRamNYV0VCdVg2bFo1a21yRlJVaXFpcE1aNyI7czo5OiJfcHJldmlvdXMiO2E6MTp7czozOiJ1cmwiO3M6MzM6Imh0dHBzOi8vbWFwZWVyc2FwaS5lcnJhbmR3YWthLmNvbSI7fXM6NjoiX2ZsYXNoIjthOjI6e3M6Mzoib2xkIjthOjA6e31zOjM6Im5ldyI7YTowOnt9fX0=","1775810030"
"DEWNlFwdI1Kfh7VQ3SIa9Vky61IQRiBT0E4IQURR",NULL,"136.115.38.124","Mozilla/5.0 (Macintosh; Intel Mac OS X 10_15_7) AppleWebKit/537.36 (KHTML, like Gecko) Chrome/133.0.0.0 Safari/537.36","YTozOntzOjY6Il90b2tlbiI7czo0MDoiQ0NlZ1l4aFFta2hndjlZc0t5Y0JRT3dBclVwY0Q0cmFxSFdjanlPViI7czo5OiJfcHJldmlvdXMiO2E6MTp7czozOiJ1cmwiO3M6MzM6Imh0dHBzOi8vbWFwZWVyc2FwaS5lcnJhbmR3YWthLmNvbSI7fXM6NjoiX2ZsYXNoIjthOjI6e3M6Mzoib2xkIjthOjA6e31zOjM6Im5ldyI7YTowOnt9fX0=","1776425488"
"g5q2usJORhxkyWaG9PJttKOYGipVWTlrBwO4ogJJ",NULL,"34.90.220.251","Scrapy/2.13.4 (+https://scrapy.org)","YTozOntzOjY6Il90b2tlbiI7czo0MDoiSklvWlN4V2ZGS0VUajIxQzRIaFU5OVE4Yk12b1hpR3MzSHlEME1LQyI7czo5OiJfcHJldmlvdXMiO2E6MTp7czozOiJ1cmwiO3M6MzM6Imh0dHBzOi8vbWFwZWVyc2FwaS5lcnJhbmR3YWthLmNvbSI7fXM6NjoiX2ZsYXNoIjthOjI6e3M6Mzoib2xkIjthOjA6e31zOjM6Im5ldyI7YTowOnt9fX0=","1776173702"
"j4YLSaUy1sOrQxOfLI2uAStbagPaU8ApkmSMXUjC",NULL,"205.210.31.46","Hello from Palo Alto Networks, find out more about our scans in https://docs-cortex.paloaltonetworks.com/r/1/Cortex-Xpanse/Scanning-activity","YTozOntzOjY6Il90b2tlbiI7czo0MDoiVmlWbXd0eU9FVEhRVlNKNDdJV0N2Q210UlJNdEp6SEI1VXhiM0FiYyI7czo5OiJfcHJldmlvdXMiO2E6MTp7czozOiJ1cmwiO3M6MzM6Imh0dHBzOi8vbWFwZWVyc2FwaS5lcnJhbmR3YWthLmNvbSI7fXM6NjoiX2ZsYXNoIjthOjI6e3M6Mzoib2xkIjthOjA6e31zOjM6Im5ldyI7YTowOnt9fX0=","1775897057"
"je12O3bKQIvZ4qDhrl14gek4UGYS1Ensm6muQe8u",NULL,"205.210.31.128","Hello from Palo Alto Networks, find out more about our scans in https://docs-cortex.paloaltonetworks.com/r/1/Cortex-Xpanse/Scanning-activity","YTozOntzOjY6Il90b2tlbiI7czo0MDoicWFWVXRqM2JwRVBvOGlSd3dIRlNEWmJSbnV4UWh2VFNyRU1kWkdyUiI7czo5OiJfcHJldmlvdXMiO2E6MTp7czozOiJ1cmwiO3M6MzM6Imh0dHBzOi8vbWFwZWVyc2FwaS5lcnJhbmR3YWthLmNvbSI7fXM6NjoiX2ZsYXNoIjthOjI6e3M6Mzoib2xkIjthOjA6e31zOjM6Im5ldyI7YTowOnt9fX0=","1775718749"
"jZKGzNAnvrWFpyqXXhOoWgd0PPwW9QdIq3qzMloZ",NULL,"5.182.207.245","fasthttp","YTozOntzOjY6Il90b2tlbiI7czo0MDoiUGFHbmNWRVBHaEJCVmFMcnN3RURDYjlzUVZGdXVRVnJRemtXZnhuWSI7czo5OiJfcHJldmlvdXMiO2E6MTp7czozOiJ1cmwiO3M6MzM6Imh0dHBzOi8vbWFwZWVyc2FwaS5lcnJhbmR3YWthLmNvbSI7fXM6NjoiX2ZsYXNoIjthOjI6e3M6Mzoib2xkIjthOjA6e31zOjM6Im5ldyI7YTowOnt9fX0=","1775632956"
"KWvlkMjp5oC2g3tHs4JMsHrfuH1SrNytF1RayuRX",NULL,"34.44.58.154","Mozilla/5.0 (Windows NT 10.0; Win64; x64) AppleWebKit/537.36 (KHTML, like Gecko) Chrome/137.0.0.0 Safari/537.36","YTozOntzOjY6Il90b2tlbiI7czo0MDoiMFZtWUJwZ0tiYmpsYmZCMGFvdHhXQkN0aVhDaml4Mm12dmVwS2JXeCI7czo5OiJfcHJldmlvdXMiO2E6MTp7czozOiJ1cmwiO3M6MzM6Imh0dHBzOi8vbWFwZWVyc2FwaS5lcnJhbmR3YWthLmNvbSI7fXM6NjoiX2ZsYXNoIjthOjI6e3M6Mzoib2xkIjthOjA6e31zOjM6Im5ldyI7YTowOnt9fX0=","1776424654"
"L6PeHFWolmflEte3hvk4GjBGTYw2EQNvZHnKVR9X",NULL,"198.235.24.149","Hello from Palo Alto Networks, find out more about our scans in https://docs-cortex.paloaltonetworks.com/r/1/Cortex-Xpanse/Scanning-activity","YTozOntzOjY6Il90b2tlbiI7czo0MDoiMkFGYjgwOVZmTTlxQjN3N3pmUmp5M1ozdVdabHFNOGx2cGVCQlh5byI7czo5OiJfcHJldmlvdXMiO2E6MTp7czozOiJ1cmwiO3M6MzM6Imh0dHBzOi8vbWFwZWVyc2FwaS5lcnJhbmR3YWthLmNvbSI7fXM6NjoiX2ZsYXNoIjthOjI6e3M6Mzoib2xkIjthOjA6e31zOjM6Im5ldyI7YTowOnt9fX0=","1775987205"
"mUwNvVPHEds7Yk8FiL1dMlmrSlVJPLb0vd7tv5Lk",NULL,"185.242.3.249",,"YTozOntzOjY6Il90b2tlbiI7czo0MDoiTjQyQnZZd3ZiRFlKNmQwbkpMZXBSbjhNWjY4SkJQNEhIbWRRY0dzTiI7czo5OiJfcHJldmlvdXMiO2E6MTp7czozOiJ1cmwiO3M6MzM6Imh0dHBzOi8vbWFwZWVyc2FwaS5lcnJhbmR3YWthLmNvbSI7fXM6NjoiX2ZsYXNoIjthOjI6e3M6Mzoib2xkIjthOjA6e31zOjM6Im5ldyI7YTowOnt9fX0=","1775903305"
"Nnt8Argd8iwFp7ipKJ1tznZu5VsNOSr3frrFaMjG",NULL,"5.182.207.245","fasthttp","YToyOntzOjY6Il90b2tlbiI7czo0MDoiY3hFVUU1Z20xVmxkQjhZUjhXQzUzYUlhWkFjUHByRGNDeEdTa1RreiI7czo2OiJfZmxhc2giO2E6Mjp7czozOiJvbGQiO2E6MDp7fXM6MzoibmV3IjthOjA6e319fQ==","1775632955"
"sYP8Pk4Zmt8YI7FLjnclzUQN8xiOvTQcn7Qn6m7D",NULL,"205.210.31.143","Hello from Palo Alto Networks, find out more about our scans in https://docs-cortex.paloaltonetworks.com/r/1/Cortex-Xpanse/Scanning-activity","YTozOntzOjY6Il90b2tlbiI7czo0MDoidnp5WU1zNnFnU1NKeUpCcHNlRHIyeWZIN1dsNFROZjh4MlpyN1R5MyI7czo5OiJfcHJldmlvdXMiO2E6MTp7czozOiJ1cmwiO3M6MzM6Imh0dHBzOi8vbWFwZWVyc2FwaS5lcnJhbmR3YWthLmNvbSI7fXM6NjoiX2ZsYXNoIjthOjI6e3M6Mzoib2xkIjthOjA6e31zOjM6Im5ldyI7YTowOnt9fX0=","1775930261"
"u5o4g3Cc0FPCl9rKhX7yIo1a5Ve3stPgVHsbLDMO",NULL,"5.182.207.245","WormGPT-LiveKiller/666","YToyOntzOjY6Il90b2tlbiI7czo0MDoiWmlYS1JEWDRsTHVQOXowUFJyNDdkTWR2cTBKdjRZejBJRHhwVnBvNyI7czo2OiJfZmxhc2giO2E6Mjp7czozOiJvbGQiO2E6MDp7fXM6MzoibmV3IjthOjA6e319fQ==","1775763088"
"vebmfGev4oqzz4XkJnfGQ9yqfSFw0dXUlqygH2gL",NULL,"44.209.43.227","Mozilla/5.0 (X11; Linux x86_64; rv:109.0) Gecko/20100101 Firefox/115.0","YTozOntzOjY6Il90b2tlbiI7czo0MDoiWkVMQzI3ZmFrbDFLcEtzaUxPcmU0WTlWQXJOdDNVWE5DTkVFVlo0WSI7czo5OiJfcHJldmlvdXMiO2E6MTp7czozOiJ1cmwiO3M6MzM6Imh0dHBzOi8vbWFwZWVyc2FwaS5lcnJhbmR3YWthLmNvbSI7fXM6NjoiX2ZsYXNoIjthOjI6e3M6Mzoib2xkIjthOjA6e31zOjM6Im5ldyI7YTowOnt9fX0=","1776276142"
"w5P4bLloISArx4XWSgSz9PzXG3EdaqiWET61arXu",NULL,"43.228.157.73",,"YTozOntzOjY6Il90b2tlbiI7czo0MDoiUkZIampiOFBIcXNPcDlVQmc2N3JHdWNEeHlSWlZqRncxTGhLenByeCI7czo5OiJfcHJldmlvdXMiO2E6MTp7czozOiJ1cmwiO3M6MzM6Imh0dHBzOi8vbWFwZWVyc2FwaS5lcnJhbmR3YWthLmNvbSI7fXM6NjoiX2ZsYXNoIjthOjI6e3M6Mzoib2xkIjthOjA6e31zOjM6Im5ldyI7YTowOnt9fX0=","1775699416"
"id","name","link","created_at","updated_at"
"9","sliders/MaPeers&Me6729d26baef8a5.02168426-Wjtq-1730794091.png","https://gwihr.org.ng/","2024-11-05 08:08:11","2024-11-05 08:08:11"
"10","sliders/MaPeers&Me672a08144a5561.37978441-Vxc7-1730807828.png","https://gwihr.org.ng/","2024-11-05 11:57:08","2024-11-05 11:57:08"
"11","sliders/MaPeers&Me672b41a7c94300.41087095-YXpf-1730888103.png","https://gwihr.org.ng/","2024-11-06 10:15:03","2024-11-06 10:15:03"
"12","sliders/MaPeers&Me68b93c08db7552.57695778-H3wj-1756969992.png","https://youtube.com/@gwihr?si=2PmhOjZSTxkVm-3C","2025-09-04 07:13:12","2025-09-04 07:13:12"
"id","name","description","created_at","updated_at"
"1","Kidnapping","If you in danger of being kidnapped right now, please kindly choose this type","2024-09-07 18:06:28",NULL
"2","Rape",NULL,"2024-09-07 18:08:24",NULL
"3","Got Lost",NULL,"2024-09-07 18:08:24",NULL
"4","Domestic Abuse",NULL,"2024-09-07 18:08:24",NULL
"5","Robbery",NULL,"2024-09-07 18:08:24",NULL
"6","Coercion ",NULL,"2024-09-07 18:08:24",NULL
"id","name","created_at","updated_at"
"id","name","sos_report_id","created_at","updated_at"
"id","user_id","report_name","value","resolved","read_at","created_at","updated_at"
"1","7","address","5 Rumuokoro east-west road, nkpolu","1",NULL,"2024-09-07 17:13:16","2024-09-14 20:54:37"
"2","10","address","Okoloma, Oyigbo, Rivers, Nigeria","0","2024-11-13 14:35:39","2024-09-08 17:53:52","2024-11-13 14:35:39"
"3","10","address","Okoloma, Oyigbo, Rivers, Nigeria","0","2024-11-13 14:35:39","2024-09-08 17:55:24","2024-11-13 14:35:39"
"4","10","address","Okoloma, Oyigbo, Rivers, Nigeria","0","2024-11-13 14:35:39","2024-09-08 18:04:14","2024-11-13 14:35:39"
"5","10","description","My house is on fire, please send help","0","2024-11-13 14:35:39","2024-09-08 18:04:25","2024-11-13 14:35:39"
"6","7","address","5 Rumuokoro east-west road, nkpolu","1",NULL,"2024-09-09 11:29:34","2024-09-14 20:54:37"
"7","10","address","Okoloma, Oyigbo, Rivers, Nigeria","0","2024-11-13 14:35:39","2024-09-09 11:29:50","2024-11-13 14:35:39"
"8","10","address","Okoloma, Oyigbo, Rivers, Nigeria","0","2024-11-13 14:35:39","2024-09-09 11:47:03","2024-11-13 14:35:39"
"9","10","description","Domestic Abuse","0","2024-11-13 14:35:39","2024-09-09 11:49:30","2024-11-13 14:35:39"
"10","11","address","Port Harcourt, Obio/Akpor, Rivers, Nigeria","0","2024-11-13 14:35:29","2024-09-09 12:11:35","2024-11-13 14:35:29"
"11","11","description","fiver","0","2024-11-13 14:35:29","2024-09-09 12:11:36","2024-11-13 14:35:29"
"12","11","description","My lodge is being robbed by armed men","0","2024-11-13 14:35:29","2024-09-09 12:11:46","2024-11-13 14:35:29"
"13","10","address","Okoloma, Oyigbo, Rivers, Nigeria","0","2024-11-13 14:35:39","2024-09-09 12:17:56","2024-11-13 14:35:39"
"14","10","image","sos/image/MaPeers&Me66dee7bbe4d512.50736950-jU9x-1725884347.jpg","0","2024-11-13 14:35:39","2024-09-09 12:19:07","2024-11-13 14:35:39"
"15","10","address","Okoloma, Oyigbo, Rivers, Nigeria","0","2024-11-13 14:35:39","2024-09-09 12:21:35","2024-11-13 14:35:39"
"16","10","image","sos/image/MaPeers&Me66dee9ff73b380.49648466-vHxA-1725884927.mp4","0","2024-11-13 14:35:39","2024-09-09 12:28:47","2024-11-13 14:35:39"
"17","10","video","sos/video/MaPeers&Me66deeb492d7254.02573252-KihB-1725885257.mp4","0","2024-11-13 14:35:39","2024-09-09 12:34:17","2024-11-13 14:35:39"
"18","10","image","sos/image/MaPeers&Me66deeb8a248216.41914669-OWwe-1725885322.jpg","0","2024-11-13 14:35:39","2024-09-09 12:35:22","2024-11-13 14:35:39"
"19","10","video","sos/video/MaPeers&Me66deebb56e72b9.25457079-SbLc-1725885365.mp4","0","2024-11-13 14:35:39","2024-09-09 12:36:05","2024-11-13 14:35:39"
"20","10","description","Rape","0","2024-11-13 14:35:39","2024-09-09 12:36:24","2024-11-13 14:35:39"
"21","9","address","Port Harcourt, Obio/Akpor, Rivers, Nigeria","0","2024-11-13 20:13:53","2024-09-09 13:59:11","2024-11-13 20:13:53"
"22","9","address","Port Harcourt, Obio/Akpor, Rivers, Nigeria","0","2024-11-13 20:13:53","2024-09-09 14:02:55","2024-11-13 20:13:53"
"23","13","address","Port Harcourt, Obio/Akpor, Rivers, Nigeria","0","2024-11-13 20:14:55","2024-09-09 14:08:02","2024-11-13 20:14:55"
"24","13","image","sos/image/MaPeers&Me66df0171b9e612.28122567-wEDE-1725890929.jpg","0","2024-11-13 20:14:55","2024-09-09 14:08:49","2024-11-13 20:14:55"
"25","13","video","sos/video/MaPeers&Me66df0192ed3e66.28338203-dssh-1725890962.mp4","0","2024-11-13 20:14:55","2024-09-09 14:09:23","2024-11-13 20:14:55"
"26","13","description","Domestic Abuse","0","2024-11-13 20:14:55","2024-09-09 14:12:05","2024-11-13 20:14:55"
"27","14","description","kill me","0","2024-11-13 20:14:42","2024-09-09 15:50:43","2024-11-13 20:14:42"
"28","14","description","huii","0","2024-11-13 20:14:42","2024-09-09 15:51:46","2024-11-13 20:14:42"
"29","23","description","Got Lost","0","2024-11-11 11:01:21","2024-09-10 00:23:20","2024-11-11 11:01:21"
"30","23","image","sos/image/MaPeers&Me66df91902852b7.17022296-Hxnr-1725927824.jpg","0","2024-11-11 11:01:21","2024-09-10 00:23:44","2024-11-11 11:01:21"
"31","23","image","sos/image/MaPeers&Me66df919dc950a4.11798696-pPM6-1725927837.jpg","0","2024-11-11 11:01:21","2024-09-10 00:23:57","2024-11-11 11:01:21"
"32","23","address","Port Harcourt, Obio/Akpor, Rivers, Nigeria","0","2024-11-11 11:01:21","2024-09-10 00:24:35","2024-11-11 11:01:21"
"33","23","description","Hello","0","2024-11-11 11:01:21","2024-09-10 00:24:40","2024-11-11 11:01:21"
"34","38","address","Okoloma, Oyigbo, Rivers, Nigeria","0","2024-11-13 14:35:11","2024-09-11 10:14:08","2024-11-13 14:35:11"
"35","38","description","Rape","0","2024-11-13 14:35:11","2024-09-11 10:14:13","2024-11-13 14:35:11"
"36","44","address","Port Harcourt, Obio/Akpor, Rivers, Nigeria","0","2024-11-14 08:37:49","2024-09-11 16:30:36","2024-11-14 08:37:49"
"37","44","image","sos/image/MaPeers&Me66e1c5cf14eb84.97776483-bk7o-1726072271.jpg","0","2024-11-14 08:37:49","2024-09-11 16:31:11","2024-11-14 08:37:49"
"38","44","description","Robbery","0","2024-11-14 08:37:49","2024-09-11 16:31:29","2024-11-14 08:37:49"
"39","44","address","Port Harcourt, Obio/Akpor, Rivers, Nigeria","0","2024-11-14 08:37:49","2024-09-11 17:05:08","2024-11-14 08:37:49"
"40","26","address","Port Harcourt, Obio/Akpor, Rivers, Nigeria","0","2024-11-13 20:14:37","2024-09-16 12:34:31","2024-11-13 20:14:37"
"41","26","description","Kidnapping","0","2024-11-13 20:14:37","2024-09-16 12:34:40","2024-11-13 20:14:37"
"42","26","image","sos/image/MaPeers&Me66e825fd1a5159.01125770-GoSw-1726490109.jpg","0","2024-11-13 20:14:37","2024-09-16 12:35:09","2024-11-13 20:14:37"
"43","65","address","Port Harcourt, Obio/Akpor, Rivers, Nigeria","0","2024-11-13 20:14:34","2024-09-20 11:23:07","2024-11-13 20:14:34"
"44","65","description","Coercion","0","2024-11-13 20:14:34","2024-09-20 11:23:17","2024-11-13 20:14:34"
"45","71","description","Got Lost","0","2024-11-13 20:14:31","2024-09-21 15:17:08","2024-11-13 20:14:31"
"46","71","address","Port Harcourt, Obio/Akpor, Rivers, Nigeria","0","2024-11-13 20:14:31","2024-09-21 15:17:15","2024-11-13 20:14:31"
"47","71","description","Please help,don't know where I am","0","2024-11-13 20:14:31","2024-09-21 15:17:28","2024-11-13 20:14:31"
"48","72","address","Port Harcourt, Obio/Akpor, Rivers, Nigeria","0","2024-11-13 20:14:28","2024-09-21 15:31:14","2024-11-13 20:14:28"
"49","72","description","Got Lost","0","2024-11-13 20:14:28","2024-09-21 15:32:02","2024-11-13 20:14:28"
"50","76","description","Domestic Abuse","0","2024-11-13 20:14:14","2024-09-21 16:09:56","2024-11-13 20:14:14"
"51","76","description","hi","0","2024-11-13 20:14:14","2024-09-21 16:10:39","2024-11-13 20:14:14"
"52","76","description","Domestic Abuse","0","2024-11-13 20:14:14","2024-09-21 16:11:17","2024-11-13 20:14:14"
"53","76","image","sos/image/MaPeers&Me66eef04d1bcab5.09971379-Sn8R-1726935117.jpg","0","2024-11-13 20:14:14","2024-09-21 16:11:57","2024-11-13 20:14:14"
"54","76","image","sos/image/MaPeers&Me66eef050d3d859.48230815-Leof-1726935120.jpg","0","2024-11-13 20:14:14","2024-09-21 16:12:00","2024-11-13 20:14:14"
"55","76","address","Port Harcourt, Obio/Akpor, Rivers, Nigeria","0","2024-11-13 20:14:14","2024-09-21 16:15:21","2024-11-13 20:14:14"
"56","76","description","help me","0","2024-11-13 20:14:14","2024-09-21 16:15:26","2024-11-13 20:14:14"
"57","77","address","Port Harcourt, Obio/Akpor, Rivers, Nigeria","0","2024-11-13 20:14:04","2024-09-21 16:44:46","2024-11-13 20:14:04"
"58","77","address","Port Harcourt, Obio/Akpor, Rivers, Nigeria","0","2024-11-13 20:14:04","2024-09-21 16:45:59","2024-11-13 20:14:04"
"59","77","description","Rape","0","2024-11-13 20:14:04","2024-09-21 16:46:03","2024-11-13 20:14:04"
"60","77","address","Port Harcourt, Obio/Akpor, Rivers, Nigeria","0","2024-11-13 20:14:04","2024-09-21 16:51:35","2024-11-13 20:14:04"
"61","77","description","Robbery","0","2024-11-13 20:14:04","2024-09-21 16:51:35","2024-11-13 20:14:04"
"62","77","address","Port Harcourt, Obio/Akpor, Rivers, Nigeria","0","2024-11-13 20:14:04","2024-09-21 16:53:50","2024-11-13 20:14:04"
"63","77","address","Port Harcourt, Obio/Akpor, Rivers, Nigeria","0","2024-11-13 20:14:04","2024-09-21 16:53:57","2024-11-13 20:14:04"
"64","77","address","Port Harcourt, Obio/Akpor, Rivers, Nigeria","0","2024-11-13 20:14:04","2024-09-21 16:54:58","2024-11-13 20:14:04"
"65","77","address","Port Harcourt, Obio/Akpor, Rivers, Nigeria","0","2024-11-13 20:14:04","2024-09-21 16:55:25","2024-11-13 20:14:04"
"66","77","address","Port Harcourt, Obio/Akpor, Rivers, Nigeria","0","2024-11-13 20:14:04","2024-09-21 16:58:46","2024-11-13 20:14:04"
"67","77","address","Port Harcourt, Obio/Akpor, Rivers, Nigeria","0","2024-11-13 20:14:04","2024-09-21 16:59:09","2024-11-13 20:14:04"
"68","77","address","Port Harcourt, Obio/Akpor, Rivers, Nigeria","0","2024-11-13 20:14:04","2024-09-21 16:59:19","2024-11-13 20:14:04"
"69","77","address","Port Harcourt, Obio/Akpor, Rivers, Nigeria","0","2024-11-13 20:14:04","2024-09-21 17:00:34","2024-11-13 20:14:04"
"70","77","address","Port Harcourt, Obio/Akpor, Rivers, Nigeria","0","2024-11-13 20:14:04","2024-09-21 17:00:47","2024-11-13 20:14:04"
"71","77","address","Port Harcourt, Obio/Akpor, Rivers, Nigeria","0","2024-11-13 20:14:04","2024-09-21 17:01:32","2024-11-13 20:14:04"
"72","77","description","Robbery","0","2024-11-13 20:14:04","2024-09-21 17:01:37","2024-11-13 20:14:04"
"73","77","address","Port Harcourt, Obio/Akpor, Rivers, Nigeria","0","2024-11-13 20:14:04","2024-09-21 17:01:52","2024-11-13 20:14:04"
"74","77","address","Port Harcourt, Obio/Akpor, Rivers, Nigeria","0","2024-11-13 20:14:04","2024-09-21 17:03:18","2024-11-13 20:14:04"
"75","77","address","Port Harcourt, Obio/Akpor, Rivers, Nigeria","0","2024-11-13 20:14:04","2024-09-21 17:04:19","2024-11-13 20:14:04"
"76","77","address","Port Harcourt, Obio/Akpor, Rivers, Nigeria","0","2024-11-13 20:14:04","2024-09-21 17:09:36","2024-11-13 20:14:04"
"77","77","address","Port Harcourt, Obio/Akpor, Rivers, Nigeria","0","2024-11-13 20:14:04","2024-09-21 17:09:40","2024-11-13 20:14:04"
"78","86","description","Rape","0","2024-11-13 20:14:01","2024-10-03 15:00:47","2024-11-13 20:14:01"
"79","86","address","Oyigbo, Oyigbo, Rivers, Nigeria","0","2024-11-13 20:14:01","2024-10-03 15:00:51","2024-11-13 20:14:01"
"80","86","description","Robbery","0","2024-11-13 20:14:01","2024-10-03 15:01:01","2024-11-13 20:14:01"
"81","86","description","Kidnapping","0","2024-11-13 20:14:01","2024-10-04 10:29:33","2024-11-13 20:14:01"
"82","86","address","Oyigbo, Oyigbo, Rivers, Nigeria","0","2024-11-13 20:14:01","2024-10-04 10:29:35","2024-11-13 20:14:01"
"83","86","description","Kidnapping","0","2024-11-13 20:14:01","2024-10-04 10:54:10","2024-11-13 20:14:01"
"84","86","address","Oyigbo, Oyigbo, Rivers, Nigeria(%^%)7.1332083,4.8818067","0","2024-11-13 20:14:01","2024-10-04 10:54:12","2024-11-13 20:14:01"
"85","86","description","Robbery","0","2024-11-13 20:14:01","2024-10-04 10:57:13","2024-11-13 20:14:01"
"86","86","address","Oyigbo, Oyigbo, Rivers, Nigeria(%^%)7.1332083,4.8818067","0","2024-11-13 20:14:01","2024-10-04 10:57:16","2024-11-13 20:14:01"
"87","86","description","Got Lost","0","2024-11-13 20:14:01","2024-10-08 09:40:15","2024-11-13 20:14:01"
"88","86","address","Oyigbo, Oyigbo, Rivers, Nigeria(%^%)7.1332083,4.8818067","0","2024-11-13 20:14:01","2024-10-08 09:40:18","2024-11-13 20:14:01"
"89","86","phone","07077962564","0","2024-11-13 20:14:01","2024-10-08 09:40:21","2024-11-13 20:14:01"
"90","89","description","Kidnapping","1","2024-11-11 13:52:32","2024-10-08 11:00:53","2024-11-11 13:52:39"
"91","96","description","Got Lost","0","2024-11-13 14:34:37","2024-10-08 12:43:49","2024-11-13 14:34:37"
"92","89","description","Rape","1","2024-11-11 13:52:32","2024-10-13 20:06:15","2024-11-11 13:52:39"
"93","100","description","Rape","0","2024-11-13 20:15:01","2024-10-24 03:29:29","2024-11-13 20:15:01"
"94","100","address","Port Harcourt, Obio/Akpor, Rivers, Nigeria(%^%)7.0195529,4.8583498","0","2024-11-13 20:15:01","2024-10-24 03:29:29","2024-11-13 20:15:01"
"95","100","phone","08163337711","0","2024-11-13 20:15:01","2024-10-24 03:29:30","2024-11-13 20:15:01"
"96","101","description","Kidnapping","1","2024-11-14 08:37:18","2024-11-01 09:06:00","2024-11-14 08:37:30"
"97","118","description","Domestic Abuse","0","2024-11-13 20:15:06","2024-11-05 10:21:54","2024-11-13 20:15:06"
"98","118","description","Domestic Abuse","0","2024-11-13 20:15:06","2024-11-05 10:24:40","2024-11-13 20:15:06"
"99","118","address","Umuahia, Umuahia North, Abia, Nigeria(%^%)7.4953709,5.5279217","0","2024-11-13 20:15:06","2024-11-05 10:24:42","2024-11-13 20:15:06"
"100","118","phone","09012673367","0","2024-11-13 20:15:06","2024-11-05 10:24:44","2024-11-13 20:15:06"
"101","118","description","Domestic Abuse","0","2024-11-13 20:15:06","2024-11-05 10:32:08","2024-11-13 20:15:06"
"102","118","description","Coercion","0","2024-11-13 20:15:06","2024-11-05 10:33:35","2024-11-13 20:15:06"
"103","118","description","Rape","0","2024-11-13 20:15:06","2024-11-05 10:37:25","2024-11-13 20:15:06"
"104","118","address","Umuahia, Umuahia North, Abia, Nigeria(%^%)7.4954446,5.5279341","0","2024-11-13 20:15:06","2024-11-05 10:37:27","2024-11-13 20:15:06"
"105","118","phone","08163337711","0","2024-11-13 20:15:06","2024-11-05 10:37:28","2024-11-13 20:15:06"
"106","117","description","Robbery","0","2024-11-14 02:23:21","2024-11-05 12:12:36","2024-11-14 02:23:21"
"107","117","description","Someone help pls. I need help 😭","0","2024-11-14 02:23:21","2024-11-05 12:12:47","2024-11-14 02:23:21"
"108","117","description","Got Lost","0","2024-11-14 02:23:21","2024-11-05 12:14:45","2024-11-14 02:23:21"
"109","117","address","Port Harcourt, Obio/Akpor, Rivers, Nigeria(%^%)6.9735811,4.869831","0","2024-11-14 02:23:21","2024-11-05 12:14:46","2024-11-14 02:23:21"
"110","117","phone","08069239648","0","2024-11-14 02:23:21","2024-11-05 12:14:47","2024-11-14 02:23:21"
"111","90","description","Got Lost","0","2024-11-12 08:46:10","2024-11-05 12:26:38","2024-11-12 08:46:10"
"112","90","address","Port Harcourt, Obio/Akpor, Rivers, Nigeria","0","2024-11-12 08:46:10","2024-11-05 12:26:39","2024-11-12 08:46:10"
"113","89","description","Got Lost","1","2024-11-11 13:52:32","2024-11-05 12:27:49","2024-11-11 13:52:39"
"114","89","description","Got Lost","1","2024-11-11 13:52:32","2024-11-05 12:29:46","2024-11-11 13:52:39"
"115","89","address","Port Harcourt, Obio/Akpor, Rivers, Nigeria(%^%)6.9735825,4.8698323","1","2024-11-11 13:52:32","2024-11-05 12:29:47","2024-11-11 13:52:39"
"116","90","description","Got Lost","0","2024-11-12 08:46:10","2024-11-05 12:29:49","2024-11-12 08:46:10"
"117","90","address","Port Harcourt, Obio/Akpor, Rivers, Nigeria","0","2024-11-12 08:46:10","2024-11-05 12:29:51","2024-11-12 08:46:10"
"118","89","phone","0707796255","1","2024-11-11 13:52:32","2024-11-05 12:29:56","2024-11-11 13:52:39"
"119","122","description","Robbery","0","2024-11-12 08:46:04","2024-11-06 07:45:10","2024-11-12 08:46:04"
"120","122","address","Umuahia, Umuahia North, Abia, Nigeria(%^%)7.4953616,5.5279084","0","2024-11-12 08:46:04","2024-11-06 07:45:12","2024-11-12 08:46:04"
"121","122","phone","09031955482","0","2024-11-12 08:46:04","2024-11-06 07:45:13","2024-11-12 08:46:04"
"122","119","image","sos/image/MaPeers&Me672b4a3caeb482.17490342-GrDG-1730890300.jpg","0","2024-11-14 08:01:18","2024-11-06 10:51:40","2024-11-14 08:01:18"
"123","119","description","Kidnapping","0","2024-11-14 08:01:18","2024-11-06 10:52:53","2024-11-14 08:01:18"
"124","119","description","this is a test","0","2024-11-14 08:01:18","2024-11-06 10:53:15","2024-11-14 08:01:18"
"125","136","description","kitto alert","0","2024-11-11 11:44:34","2024-11-06 12:07:02","2024-11-11 11:44:34"
"126","136","address","Umuahia, Umuahia North, Abia, Nigeria(%^%)7.4955684,5.5279918","0","2024-11-11 11:44:34","2024-11-06 12:07:04","2024-11-11 11:44:34"
"127","136","phone","08069285480","0","2024-11-11 11:44:34","2024-11-06 12:07:06","2024-11-11 11:44:34"
"128","123","description","Kidnapping","0","2024-11-14 08:37:39","2024-11-06 12:08:46","2024-11-14 08:37:39"
"129","130","description","Got Lost","1","2024-11-11 12:58:40","2024-11-06 12:09:46","2024-11-11 12:58:46"
"130","129","description","Domestic Abuse. a complainant before me at ngor is being beaten up by her male neighbor","0","2024-11-13 20:15:40","2024-11-06 12:11:12","2024-11-13 20:15:40"
"131","128","description","someone is stalking me","1","2024-11-11 13:00:53","2024-11-06 12:12:53","2024-11-11 13:00:57"
"132","128","address","Umuahia, Umuahia North, Abia, Nigeria(%^%)7.4955577,5.5279894","1","2024-11-11 13:00:53","2024-11-06 12:12:55","2024-11-11 13:00:57"
"133","128","phone","08033473732","1","2024-11-11 13:00:53","2024-11-06 12:12:56","2024-11-11 13:00:57"
"134","129","image","sos/image/MaPeers&Me672b5d4fe70591.93284243-1Vdo-1730895183.jpg","0","2024-11-13 20:15:40","2024-11-06 12:13:03","2024-11-13 20:15:40"
"135","132","description","I was kitoed by a community member","0","2024-11-11 12:36:01","2024-11-06 12:13:14","2024-11-11 12:36:01"
"136","133","description","my friend is in a state of domestic violence by her partner. she needs help!!!","0","2024-11-11 12:36:05","2024-11-06 12:16:18","2024-11-11 12:36:05"
"137","119","image","sos/image/MaPeers&Me672b5f4d8d48f2.27619016-DIq0-1730895693.jpg","0","2024-11-14 08:01:18","2024-11-06 12:21:33","2024-11-14 08:01:18"
"138","119","address","Mountain View, Santa Clara County, California, United States(%^%)-122.084,37.4219983","0","2024-11-14 08:01:18","2024-11-06 12:21:36","2024-11-14 08:01:18"
"139","119","phone","07088882654","0","2024-11-14 08:01:18","2024-11-06 12:21:41","2024-11-14 08:01:18"
"140","128","description","Got Lost","1","2024-11-11 13:00:53","2024-11-06 12:22:36","2024-11-11 13:00:57"
"141","128","address","Umuahia, Umuahia North, Abia, Nigeria(%^%)7.4955545,5.5279881","1","2024-11-11 13:00:53","2024-11-06 12:22:38","2024-11-11 13:00:57"
"142","128","phone","08033473732","1","2024-11-11 13:00:53","2024-11-06 12:22:39","2024-11-11 13:00:57"
"143","128","description","someone is stalking me","1","2024-11-11 13:00:53","2024-11-06 12:23:02","2024-11-11 13:00:57"
"144","119","audio","sos/audio/MaPeers&Me672d04a98902f1.62481752-8CL8-1731003561.wav","0","2024-11-14 08:01:18","2024-11-07 18:19:21","2024-11-14 08:01:18"
"145","119","audio","sos/audio/MaPeers&Me672d05153de398.35365328-Nh6q-1731003669.wav","0","2024-11-14 08:01:18","2024-11-07 18:21:09","2024-11-14 08:01:18"
"146","119","audio","sos/audio/MaPeers&Me672d0534d70a40.85885982-RQNR-1731003700.wav","0","2024-11-14 08:01:18","2024-11-07 18:21:40","2024-11-14 08:01:18"
"147","146","description","im hungry","1","2024-11-11 12:54:04","2024-11-08 12:19:36","2024-11-11 12:57:01"
"148","146","address","Umuahia, Umuahia North, Abia, Nigeria(%^%)7.4953872,5.527914","1","2024-11-11 12:54:04","2024-11-08 12:19:42","2024-11-11 12:57:01"
"149","146","phone","08100908653","1","2024-11-11 12:54:04","2024-11-08 12:19:48","2024-11-11 12:57:01"
"150","146","description","am hungry lunch time pls","1","2024-11-11 12:54:04","2024-11-08 12:20:59","2024-11-11 12:57:01"
"151","146","description","Got Lost","1","2024-11-11 12:54:04","2024-11-08 12:24:12","2024-11-11 12:57:01"
"152","146","address","Umuahia, Umuahia North, Abia, Nigeria(%^%)7.4953872,5.527914","1","2024-11-11 12:54:04","2024-11-08 12:24:13","2024-11-11 12:57:01"
"153","146","phone","08081731444","1","2024-11-11 12:54:04","2024-11-08 12:24:14","2024-11-11 12:57:01"
"154","137","description","Robbery","1","2024-11-11 17:00:09","2024-11-09 15:32:55","2024-11-11 17:00:14"
"155","137","address","Uyo, Itu, Akwa Ibom, Nigeria(%^%)7.9013556,5.048996","1","2024-11-11 17:00:09","2024-11-09 15:32:57","2024-11-11 17:00:14"
"156","137","phone","08979#0566665365","1","2024-11-11 17:00:09","2024-11-09 15:32:58","2024-11-11 17:00:14"
"157","137","description","Coercion","1","2024-11-11 17:00:09","2024-11-09 15:48:58","2024-11-11 17:00:14"
"158","137","address","Uyo, Itu, Akwa Ibom, Nigeria(%^%)7.9134977,5.059805","1","2024-11-11 17:00:09","2024-11-09 15:49:01","2024-11-11 17:00:14"
"159","137","phone","999490704#40948","1","2024-11-11 17:00:09","2024-11-09 15:49:03","2024-11-11 17:00:14"
"160","137","description","Rape","1","2024-11-11 17:00:09","2024-11-09 15:52:18","2024-11-11 17:00:14"
"161","137","description","goes shh h","1","2024-11-11 17:00:09","2024-11-09 15:57:49","2024-11-11 17:00:14"
"162","137","audio","sos/audio/MaPeers&Me672f8696da00e8.88714223-S8Cr-1731167894.wav","1","2024-11-11 17:00:09","2024-11-09 15:58:14","2024-11-11 17:00:14"
"163","117","description","Got Lost","0","2024-11-14 02:23:21","2024-11-09 16:11:04","2024-11-14 02:23:21"
"164","117","audio","sos/audio/MaPeers&Me672f89b34295d4.89390958-UwL3-1731168691.wav","0","2024-11-14 02:23:21","2024-11-09 16:11:31","2024-11-14 02:23:21"
"165","89","description","Rape","1","2024-11-11 13:52:32","2024-11-11 13:51:42","2024-11-11 13:52:39"
"166","89","address","Port Harcourt, Obio/Akpor, Rivers, Nigeria(%^%)6.973507,4.8698383","1","2024-11-11 13:52:32","2024-11-11 13:51:43","2024-11-11 13:52:39"
"167","89","phone","7077962564","1","2024-11-11 13:52:32","2024-11-11 13:51:47","2024-11-11 13:52:39"
"168","200","description","Kidnapping","1","2024-11-14 02:32:57","2024-11-11 15:43:22","2024-11-14 02:33:00"
"169","200","description","Kidnapping","1","2024-11-14 02:32:57","2024-11-11 16:36:24","2024-11-14 02:33:00"
"170","200","description","Robbery","1","2024-11-14 02:32:57","2024-11-11 16:42:27","2024-11-14 02:33:00"
"171","200","description","Robbery","1","2024-11-14 02:32:57","2024-11-11 16:42:46","2024-11-14 02:33:00"
"172","200","address","Port Harcourt, Obio/Akpor, Rivers, Nigeria(%^%)6.9741004,4.8699269","1","2024-11-14 02:32:57","2024-11-11 16:42:51","2024-11-14 02:33:00"
"173","200","phone","653206464646","1","2024-11-14 02:32:57","2024-11-11 16:42:54","2024-11-14 02:33:00"
"174","7","address","5 Rumuokoro east-west road, nkpolu","1","2024-11-13 20:19:38","2024-11-11 16:45:25","2024-11-13 20:19:43"
"175","7","address","5 Rumuokoro east-west road, nkpolu","1","2024-11-13 20:19:38","2024-11-11 17:35:37","2024-11-13 20:19:44"
"176","7","address","5 Rumuokoro east-west road, nkpolu","1","2024-11-13 20:19:38","2024-11-11 17:42:25","2024-11-13 20:19:44"
"177","207","description","Kidnapping","1","2024-11-15 16:21:39","2024-11-13 20:13:11","2024-11-15 16:21:47"
"178","207","description","Got Lost","1","2024-11-15 16:21:39","2024-11-13 20:16:55","2024-11-15 16:21:47"
"179","209","description","I need help","1","2024-11-14 02:32:30","2024-11-14 02:30:18","2024-11-14 02:32:34"
"180","209","address","Uyo, Itu, Akwa Ibom, Nigeria(%^%)7.9130333,5.060902","1","2024-11-14 02:32:30","2024-11-14 02:30:20","2024-11-14 02:32:34"
"181","209","phone","07031955482","1","2024-11-14 02:32:30","2024-11-14 02:30:21","2024-11-14 02:32:34"
"182","209","description","checking notifications","1","2024-11-14 08:01:06","2024-11-14 08:00:36","2024-11-14 08:01:15"
"183","209","address","Uyo, Itu, Akwa Ibom, Nigeria(%^%)7.912968,5.0609517","1","2024-11-14 08:01:06","2024-11-14 08:00:38","2024-11-14 08:01:15"
"184","209","phone","07#31955482","1","2024-11-14 08:01:06","2024-11-14 08:00:40","2024-11-14 08:01:15"
"185","146","description","Got Lost","1","2024-11-15 10:40:25","2024-11-15 10:23:56","2024-11-15 10:40:27"
"186","146","address","Umuahia, Umuahia North, Abia, Nigeria(%^%)7.4596717,5.5320133","1","2024-11-15 10:40:25","2024-11-15 10:23:58","2024-11-15 10:40:27"
"187","146","phone","08081731444","1","2024-11-15 10:40:25","2024-11-15 10:23:59","2024-11-15 10:40:27"
"188","207","description","Kidnapping","1","2024-11-19 06:48:24","2024-11-16 15:42:37","2024-11-19 06:48:28"
"189","347","description","Got Lost","1","2025-02-20 22:02:08","2025-02-17 10:58:04","2025-02-20 22:02:12"
"190","347","address","Uyo, Uyo, Akwa Ibom, Nigeria(%^%)7.9124078,5.025594","1","2025-02-20 22:02:08","2025-02-17 10:58:06","2025-02-20 22:02:12"
"191","347","phone","080127966998652","1","2025-02-20 22:02:08","2025-02-17 10:58:07","2025-02-20 22:02:12"
"192","347","description","I need help","1","2025-02-20 22:02:08","2025-02-17 10:58:20","2025-02-20 22:02:12"
"193","347","description","Robbery","1","2025-02-20 22:02:08","2025-02-17 11:59:06","2025-02-20 22:02:12"
"194","358","description","Rape","0","2025-07-04 15:23:48","2025-02-22 06:49:16","2025-07-04 15:23:48"
"195","358","address","Quezon City, , Metro Manila, Philippines(%^%)121.0359853,14.6525103","0","2025-07-04 15:23:48","2025-02-22 06:49:17","2025-07-04 15:23:48"
"196","358","phone","1234567890","0","2025-07-04 15:23:48","2025-02-22 06:49:18","2025-07-04 15:23:48"
"197","346","description","Got Lost","1","2025-06-26 02:27:56","2025-06-26 02:27:30","2025-06-26 02:28:00"
"198","346","description","hello","0","2025-07-05 08:19:06","2025-06-26 02:28:23","2025-07-05 08:19:06"
"199","374","description","hello","1","2025-07-03 07:30:15","2025-06-27 08:44:43","2025-07-03 07:30:18"
"200","377","description","i noticed a Big boil on my private part and is very painful","1","2025-07-05 08:17:07","2025-07-03 06:47:45","2025-07-05 08:17:11"
"201","377","address","Umudike, Ikwuano, Abia, Nigeria(%^%)7.5442447,5.479106","1","2025-07-05 08:17:07","2025-07-03 06:47:47","2025-07-05 08:17:11"
"202","377","phone","08124378773","1","2025-07-05 08:17:07","2025-07-03 06:47:48","2025-07-05 08:17:11"
"id","name","email","fcm","last_sos_report","description","age_range","gender","email_verified_at","password","remember_token","created_at","updated_at"
"1","Jack Richie","17256125051@mapeers.com",NULL,NULL,NULL,"18-20","male",NULL,"$2y$12$daUgcYHpdUrQ1rTL9m.nO.l795BZKHQBugsSaiha3bJ1S1LMetLVO",NULL,"2024-09-06 08:48:25","2024-09-06 08:48:25"
"2","Jack Richie","17256145392@mapeers.com",NULL,NULL,NULL,"18-20","male",NULL,"$2y$12$HEVBaCuQt59z1aUmfCXYyOMAnISSzSCjihgpC1nem94HW61WM.ehG",NULL,"2024-09-06 09:22:19","2024-09-06 09:22:19"
"3","Jack Richie","17256150633@mapeers.com",NULL,NULL,NULL,"18-20","male",NULL,"$2y$12$xKtHYeGadXOUkb6vfhYhpeHcfuq0dCqjlN6ANSnxew1k8n72J2Owe",NULL,"2024-09-06 09:31:04","2024-09-06 09:31:04"
"4","Jack Richie","17256150684@mapeers.com",NULL,NULL,NULL,"18-20","male",NULL,"$2y$12$upsiSNRX7KU4urZwclVBq.Z2f6rEYKGkwKH7tzjmqK5LfVBKtppyO",NULL,"2024-09-06 09:31:08","2024-09-06 09:31:08"
"5","Jack Richie","17256161665@mapeers.com",NULL,NULL,NULL,"18-20","male",NULL,"$2y$12$aL/itlsLP5vWgTKIbf9ScePs0bZHP2jkZr649/A7pU4xonRiMv1c6",NULL,"2024-09-06 09:49:26","2024-09-06 09:49:26"
"6","Jack Richie","17256163766@mapeers.com",NULL,NULL,NULL,"18-20","male",NULL,"$2y$12$RyBZ/0UpkZhSUzM0MOpUbOlCGZI2VVpL6V.3wWpnXugjYrRi/jYCy",NULL,"2024-09-06 09:52:56","2024-09-06 09:52:56"
"7","Jack Richie","17256279147@mapeers.com",NULL,"2024-11-11 17:42:25",NULL,"18-20","male",NULL,"$2y$12$Pu837WyzmjAx3wTehpxOce5DkcJtyZbz.UGgQTH109X.0g3VNH7m.",NULL,"2024-09-06 13:05:14","2024-11-11 17:42:25"
"8","Jack Richie","17256318708@mapeers.com",NULL,NULL,NULL,"18-20","male",NULL,"$2y$12$1IOGf0DySKTlnbZidXrdyeAeiRqiXxBvqubhoUfVYB/hjdVV9ERB.",NULL,"2024-09-06 14:11:10","2024-09-06 14:11:10"
"9","Kelly","17256358529@mapeers.com",NULL,"2024-09-09 14:02:55",NULL,"18-24","male",NULL,"$2y$12$qsXN1u4vMT9ocDSj4bHGf.WMUg25Cl187ftOVwtCclMknkuLrKmrG",NULL,"2024-09-06 15:17:32","2024-11-11 15:26:46"
"10","kelly","172580367710@mapeers.com",NULL,"2024-09-09 12:36:24",NULL,"18-24","male",NULL,"$2y$12$JeW1uC8io422yckJyxrRD.RCHKbkjjvA.mbFgXRpLVP0u5mlxc8Ue",NULL,"2024-09-08 13:54:37","2024-11-11 15:26:46"
"11","Gozie","172588385311@mapeers.com",NULL,"2024-09-09 12:11:46",NULL,"14-17","male",NULL,"$2y$12$y30GGDs/mP1BpCmcaQZVjerMchVt6gzKxWsG1H2X7pixmPQavbw3.",NULL,"2024-09-09 12:10:53","2024-11-11 15:26:46"
"12","Gozie","172588778012@mapeers.com",NULL,NULL,NULL,"18-24","male",NULL,"$2y$12$NYdTvNf8H.IqrKFZgCZMXu11H7QBXUESEfvqVNTwEKVJyPpk/wV7W",NULL,"2024-09-09 13:16:20","2024-09-09 13:16:20"
"13","kelly","172589086713@mapeers.com",NULL,"2024-09-09 14:12:05",NULL,"18-24","male",NULL,"$2y$12$A6NV5ft.kAVFSUP7PbI8d.6XViYi6/rR8aRf3ffjQyu4ctwJWqzqi",NULL,"2024-09-09 14:07:47","2024-11-11 15:26:46"
"14","precious","172589606914@mapeers.com",NULL,"2024-09-09 15:51:46",NULL,"25-29","male",NULL,"$2y$12$HsFHhoH51xl5RawfXpqzsOyAEFzOW3bQ1yPheWdNESjeT.zwJqYwK",NULL,"2024-09-09 15:34:29","2024-11-11 15:26:46"
"15","Gozie","172589683715@mapeers.com",NULL,NULL,NULL,"30-34","male",NULL,"$2y$12$SomI4c.vfOVexAzWyGP/guE.jAmfGHUSPlUxohsK3L18DsjKeNEVq",NULL,"2024-09-09 15:47:17","2024-09-09 15:47:17"
"16","david","172590847116@mapeers.com",NULL,NULL,NULL,"18-24","male",NULL,"$2y$12$ZyWGrQ0lljVJSc9uYrMsWOLSr5EKgNkbhtjq4UYCV7lcRMiSsgGce",NULL,"2024-09-09 19:01:11","2024-09-09 19:01:11"
"17","Kelly","172590976817@mapeers.com",NULL,NULL,NULL,"18-24","male",NULL,"$2y$12$A3G40qvyYMbL3ftWJy3odujIrRVvwZzyHIJt/C6CbqkZmkG/xA.PG",NULL,"2024-09-09 19:22:48","2024-09-09 19:22:48"
"18","Kelly Daniel","172591010918@mapeers.com",NULL,NULL,NULL,"18-24","male",NULL,"$2y$12$y8uDJnpP6DLZ9Zs8Od.w/OaPTso2YwkvvO0tP6hAEcv7gan3UhlXS",NULL,"2024-09-09 19:28:29","2024-09-09 19:28:29"
"19","Kelly Daniel","172591067519@mapeers.com",NULL,NULL,NULL,"18-24","male",NULL,"$2y$12$DseeFgPzwtzfm7RkhFfqZeMCc.6YxcxC/DbL75xBcxSOW8./GeLX.",NULL,"2024-09-09 19:37:55","2024-09-09 19:37:55"
"20","Kelly Daniel","172591075520@mapeers.com",NULL,NULL,NULL,"18-24","male",NULL,"$2y$12$ZY1.NutdMDjjJxywBydcGulmezHB3.tgMRxayTUgDBY6wSM05QIv.",NULL,"2024-09-09 19:39:16","2024-09-09 19:39:16"
"21","Kelly Daniel","172591111621@mapeers.com",NULL,NULL,NULL,"18-24","male",NULL,"$2y$12$I0hwbulN.BhZNGPCYxLaiOVvd1fQ2ExlkvAcII/RzD60AvqP3aN7W",NULL,"2024-09-09 19:45:16","2024-09-09 19:45:16"
"22","Kelly Daniel","172591116722@mapeers.com",NULL,NULL,NULL,"18-24","male",NULL,"$2y$12$1Djp.gjKfQB8Pk3egO8efueNMk9F1Z2omf.4re2dGw7F/jOakgncm",NULL,"2024-09-09 19:46:08","2024-09-09 19:46:08"
"23","Eben","172592774723@mapeers.com",NULL,"2024-09-10 00:24:40",NULL,"25-39","male",NULL,"$2y$12$WCR7FF6udQsbUFv27ZXCqeInz94XSsaXv0dkwCg0Q3pGVIDUpRsr2",NULL,"2024-09-10 00:22:28","2024-11-11 15:26:46"
"24","fuf6d","172597678124@mapeers.com",NULL,NULL,NULL,"14-17","male",NULL,"$2y$12$EkAxMhRMnmtMcHlKDH9uae72W.zHPIRgXtS91mPD6ubsY8.gPzFBy",NULL,"2024-09-10 13:59:41","2024-09-10 13:59:41"
"25","Gozie","172597739225@mapeers.com",NULL,NULL,NULL,"40+","unknown",NULL,"$2y$12$XpdyZY7NwF.rkjtvajgreOjTJFkG86FWIqJejAoXlp5seA1TPc2Yu",NULL,"2024-09-10 14:09:52","2024-09-10 14:09:52"
"26","kd","172598128426@mapeers.com",NULL,"2024-09-16 12:35:09",NULL,"18-24","male",NULL,"$2y$12$7/KLk7ivmCfsoV9MCR7N8eogfccW9cXa1aP8RFSZ.eW6zMUBVx/Ky",NULL,"2024-09-10 15:14:44","2024-11-11 15:26:46"
"27","Dan","172598281327@mapeers.com",NULL,NULL,NULL,"25-39","male",NULL,"$2y$12$46jFKPvpm/8281sJDFLRY.DUZacl9IAt2Tzup4ctX6xXCNOr7O6WS",NULL,"2024-09-10 15:40:13","2024-09-10 15:40:13"
"28","asa","172598331428@mapeers.com",NULL,NULL,NULL,"25-29","female",NULL,"$2y$12$Se6SNFX996KxscQRleGxbuQP0CVy5Tg.PwbgmDYy2TE7kXnLAKHR.",NULL,"2024-09-10 15:48:34","2024-09-10 15:48:34"
"29","Gozie","172598537429@mapeers.com",NULL,NULL,NULL,"14-17","male",NULL,"$2y$12$72o36RfZ8Bn64mYihmuaxuCYw8TGX6FX03gnDG12ATUuJuemOVCie",NULL,"2024-09-10 16:22:54","2024-09-10 16:22:54"
"30","Gozie","172598601830@mapeers.com",NULL,NULL,NULL,"14-17","male",NULL,"$2y$12$wcM9PmS.SSvVE.1GwN0Ni.RcWMXYmxzAIXlVRNdAmeQ43W/Y3aH72",NULL,"2024-09-10 16:33:39","2024-09-10 16:33:39"
"31","Eben","172599549231@mapeers.com",NULL,NULL,NULL,"25-39","male",NULL,"$2y$12$jjuhspUxlrP9vtfH/zfBiOdhCZsJamcvkQX42Ca3h1jVINLSVdkWq",NULL,"2024-09-10 19:11:33","2024-09-10 19:11:33"
"32","Kelly Daniel","172599578232@mapeers.com",NULL,NULL,NULL,"18-24","male",NULL,"$2y$12$Lcz1J105s7ecJl3d17OL1.PXLMaEAO3HZr23t9tWVAEPRinEUQquy",NULL,"2024-09-10 19:16:22","2024-09-10 19:16:22"
"33","Kelly","172600015333@mapeers.com",NULL,NULL,NULL,"14-17","male",NULL,"$2y$12$7BQGLTiKKDKG1ANIo8LJgOuCKxHxeNwAIASayfEMiVIn88Ho9/W1y",NULL,"2024-09-10 20:29:13","2024-09-10 20:29:13"
"34","Cad","172604230734@mapeers.com",NULL,NULL,NULL,"25-39","male",NULL,"$2y$12$pNpi2GRPZmxVpbonDJ5T4.l1p0OTDSreZxmuLv.aGTVejOfxwP2Vy",NULL,"2024-09-11 08:11:48","2024-09-11 08:11:48"
"35","Mabel","172604270535@mapeers.com",NULL,NULL,NULL,"25-39","male",NULL,"$2y$12$24ojkC0ofepOmGwB23EMguntJ5N14z2tuMQDhFJPiAsu6xUdVgWVO",NULL,"2024-09-11 08:18:25","2024-09-11 08:18:25"
"36","kell","172604412636@mapeers.com",NULL,NULL,NULL,"18-24","male",NULL,"$2y$12$Gabv9ye25yezRqsG0t3E/.gwZVY23N/qb3f.qArpqejPSfCIBVCMS",NULL,"2024-09-11 08:42:06","2024-09-11 08:42:06"
"37","Gozie","172604456737@mapeers.com",NULL,NULL,NULL,"14-17","male",NULL,"$2y$12$gTkbc4CDbPH3H.kA/FGjL.XltqIkz.C9ziRluI80tI6054DYywcTi",NULL,"2024-09-11 08:49:27","2024-09-11 08:49:27"
"38","Kelly Daniel","172604943438@mapeers.com",NULL,"2024-09-11 10:14:13",NULL,"18-24","male",NULL,"$2y$12$A1selGIvEcuF7AwbJkhI3e6TjUEWl4OegCTyqfQYcUnDn2JSPvHHW",NULL,"2024-09-11 10:10:34","2024-11-11 15:26:46"
"39","dwn","172605627239@mapeers.com",NULL,NULL,NULL,"14-17","male",NULL,"$2y$12$oXpJJcSFitdU4unyquz7guGgG27TOwvMdWAzm0Cs.nSxGvlAZ.Eaa",NULL,"2024-09-11 12:04:32","2024-09-11 12:04:32"
"40","Kelly q","172606603440@mapeers.com",NULL,NULL,NULL,"14-17","male",NULL,"$2y$12$ighieMrPViRLZGLEaV9l2umAa9NSU83VW.5YE9Aa5.2Q3qIfFT7Q6",NULL,"2024-09-11 14:47:14","2024-09-11 14:47:14"
"41","Kelly Daniel","172606702141@mapeers.com",NULL,NULL,NULL,"18-24","male",NULL,"$2y$12$o2hVz.O.xZasOAQ4YYxTVOS/sBy0ZH13ea0Lr3.SAdrNmlUxMy0jS",NULL,"2024-09-11 15:03:42","2024-09-11 15:03:42"
"42","Eben","172606756942@mapeers.com",NULL,NULL,NULL,"25-39","male",NULL,"$2y$12$2uov2rcK3Gih4M6j2qyQJeaMjTo2LVe.C42tJ5wWnvLmMlXPkgaiW",NULL,"2024-09-11 15:12:49","2024-09-11 15:12:49"
"43","Dan","172607181043@mapeers.com",NULL,NULL,NULL,"18-24","non-binary",NULL,"$2y$12$YcKtx3kSU8cG.0UVtu.hMu8YLbfbSrGqFzYLa/oShSv6LGUK4PqA.",NULL,"2024-09-11 16:23:30","2024-09-11 16:23:30"
"44","Vena","172607218744@mapeers.com",NULL,"2024-09-11 17:05:08",NULL,"25-29","female",NULL,"$2y$12$NfaL3oluWOke9oBgUYPMcOvr8noQJUm1ssgnLf6HQz6QG3m5Mzz5G",NULL,"2024-09-11 16:29:47","2024-11-11 15:26:46"
"45","David","172607511045@mapeers.com",NULL,NULL,NULL,"25-39","male",NULL,"$2y$12$Sh6C3Auc0L3mk2zhCEQCJeZZ6BpdvUh4iBiQGORzRbTtn/tMjSDd2",NULL,"2024-09-11 17:18:30","2024-09-11 17:18:30"
"46","dubem","172607794846@mapeers.com",NULL,NULL,NULL,"18-24","male",NULL,"$2y$12$ZMNfjKLpwGQfI2HuCELZy.oGCX1n0UIvVaFrnt8B1xcBw8BrMb5ZS",NULL,"2024-09-11 18:05:48","2024-09-11 18:05:48"
"47","dubem","172607798247@mapeers.com",NULL,NULL,NULL,"18-24","male",NULL,"$2y$12$rxAXEvNWkF7/gAUsfnm/n.gSOgPUz6xsdsZTDKfiVaeWj/vHsduBG",NULL,"2024-09-11 18:06:23","2024-09-11 18:06:23"
"48","kelly","172641844048@mapeers.com",NULL,NULL,NULL,"18-24","male",NULL,"$2y$12$u3PjKOAuObXxjz082QxXXOwqdWF9G2oFtHcND9kZGtEwGLGw19fr6",NULL,"2024-09-15 16:40:41","2024-09-15 16:40:41"
"49","Danielle","172648424849@mapeers.com",NULL,NULL,NULL,"25-39","female",NULL,"$2y$12$ntIyiPGMvEE1wS2fDTA7JOvpbANhNla.cAjXvXe1f083Rl2GG9cNy",NULL,"2024-09-16 10:57:28","2024-09-16 10:57:28"
"50","Bello","172649770050@mapeers.com",NULL,NULL,NULL,"25-39","male",NULL,"$2y$12$z94wWg.O0OWRdCTWa.LL1uHe1r1FeALXtHoLezdTapYcNzhP1DwTi",NULL,"2024-09-16 14:41:41","2024-09-16 14:41:41"
"51","Dan","172657917551@mapeers.com",NULL,NULL,NULL,"25-39","male",NULL,"$2y$12$/EZOf4XoO4H1zoCrJXLuQuXLdizsjYlegGrO1RusvkDcnj.qJwgO2",NULL,"2024-09-17 13:19:36","2024-09-17 13:19:36"
"52","Mine","172658077552@mapeers.com",NULL,NULL,NULL,"25-39","male",NULL,"$2y$12$2aJoh4fiaKolePB5UxNvXe8jVpby08O5gyQ.LgOwi7JquCuCfMgXO",NULL,"2024-09-17 13:46:16","2024-09-17 13:46:16"
"53","gggb","172658116253@mapeers.com",NULL,NULL,NULL,"18-24","male",NULL,"$2y$12$hGCY9m.R3gbwFMPYykAqnuf5AgW6T1iw2x5PJ9BZKhlKVkPngkYjC",NULL,"2024-09-17 13:52:42","2024-09-17 13:52:42"
"54","kelly","172660764154@mapeers.com",NULL,NULL,NULL,"18-24","male",NULL,"$2y$12$t5L57IjCeDX89r9EssBkoOjMvNDWfYprFD84..XH59vjxJGUvy4Ka",NULL,"2024-09-17 21:14:01","2024-09-17 21:14:01"
"55","f6tcyx","172667278555@mapeers.com",NULL,NULL,NULL,"14-17","female",NULL,"$2y$12$Tkpk61qjjkd7HygQiqK19O6G9oJqm8T34OJDxMKMcOnQsUXCeHav.",NULL,"2024-09-18 15:19:45","2024-09-18 15:19:45"
"56","Eddie","172668508556@mapeers.com",NULL,NULL,NULL,"25-39","male",NULL,"$2y$12$mVJl4/oGHLUlQ/jroW/kTOXg05gn9uzO872mo1TrfWyo4lfYsFwf6",NULL,"2024-09-18 18:44:45","2024-09-18 18:44:45"
"57","Gozie","172668521457@mapeers.com",NULL,NULL,NULL,"18-24","male",NULL,"$2y$12$NHTfD9AoHag9Jp9.ik1mO.Ns6LENhuSW8HQ85PwPymUhonf4/eEAW",NULL,"2024-09-18 18:46:54","2024-09-18 18:46:54"
"58","kelly","172673797058@mapeers.com",NULL,NULL,NULL,"18-24","male",NULL,"$2y$12$IJP4w0TqDeVAPMhgFZWhO.Jw7fP.LTVo1lJLugGFTyYi1wo6nWfoW",NULL,"2024-09-19 09:26:10","2024-09-19 09:26:10"
"59","Tessy","172674182359@mapeers.com",NULL,NULL,NULL,"14-17","male",NULL,"$2y$12$Dz3tC9yrEP9gcCQDpEED/u8ITyymdPMOdSOt8y0kzFWe70nJyorZ2",NULL,"2024-09-19 10:30:23","2024-09-19 10:30:23"
"60","Gozie","172674182660@mapeers.com",NULL,NULL,NULL,"14-17","male",NULL,"$2y$12$QGqy2.Iz9RmmbByyc53rU.D28zhYKlq9gPZQ3TMfneuaOMuBKc2WK",NULL,"2024-09-19 10:30:26","2024-09-19 10:30:26"
"61","hhhhh","172675792661@mapeers.com",NULL,NULL,NULL,"14-17","male",NULL,"$2y$12$t4YoQcwgVW07.StelxpQ5OP.r96m3pwOidskbkjzXM1OM/sQZiWMK",NULL,"2024-09-19 14:58:47","2024-09-19 14:58:47"
"62","Gozie","172676393262@mapeers.com",NULL,NULL,NULL,"25-29","other",NULL,"$2y$12$nVBpm1ukvp449Z0zfqzfBueQmI4eqacywatGlxB53yww3fxssuo3q",NULL,"2024-09-19 16:38:52","2024-09-19 16:38:52"
"63","Gozie","172676481663@mapeers.com",NULL,NULL,NULL,"14-17","male",NULL,"$2y$12$S59mJYHwfBokQ1RelcHXf.V7HbDHYAYKGSpsYt38rsxykiYLbFH8S",NULL,"2024-09-19 16:53:37","2024-09-19 16:53:37"
"64","Gozie","172676623464@mapeers.com",NULL,NULL,NULL,"14-17","male",NULL,"$2y$12$g7Q1k15eXbV0rsloWCFt/erzsrQ7k1.IVZSWkkA2xPvwJVx6UDMKy",NULL,"2024-09-19 17:17:14","2024-09-19 17:17:14"
"65","ttt","172676687065@mapeers.com",NULL,"2024-09-20 11:23:17",NULL,"40+","male",NULL,"$2y$12$O/5o3dQvdhNKlnhf6RBYzuem55s1p6l6m1OwADrZsLty0gsMMgcSi",NULL,"2024-09-19 17:27:50","2024-11-11 15:26:46"
"66","Gozie","172684794366@mapeers.com",NULL,NULL,NULL,"14-17","male",NULL,"$2y$12$qzj/YTIycSlpj4X/iiMXXem0GT2b.5wKfa5c28AI78JYv.Es2BVse",NULL,"2024-09-20 15:59:03","2024-09-20 15:59:03"
"67","Kelly Daniel","172691947767@mapeers.com","feJ7INpITOGSK9MlQWxtyt:APA91bFcHWNbPdEIhgA_x5eTWyzZ_AlZi-AnWd0Giv6_seKQ3SHq7sv5FsHZ1twbk_AWCbUcaxT-3H2fnPUvfmW1B0a8FpvjjGjljL8zDbbUUdJ32HETdecoD45yJ1HXfvG7PnfWfQjm",NULL,NULL,"18-24","male",NULL,"$2y$12$MDa47Dpb1wUo5B13KRq08.jLxZbh0VN1kTdBlTnB1vsf1yBTZwgyq",NULL,"2024-09-21 11:51:17","2024-09-21 11:51:17"
"68","Kelly","172691965968@mapeers.com",NULL,NULL,NULL,"18-24","male",NULL,"$2y$12$9eJraVEpC7yLCjKoY6Pg1.bvqS3C6CY2TPJ3oGLthvNQB1rdN/v.q",NULL,"2024-09-21 11:54:20","2024-09-21 11:54:20"
"69","dev kel","172692203369@mapeers.com","cXbeOpxkR1uISWo-Th-9mR:APA91bEWuE2cgIK5GqN0cxHhsc2fFz7zCKV187DOsZsnTFYJWMVqjns0NYM00WXQFomBAmE0VHl1gFS3Tqq6qyWoTpOtpfA6L5Hjsh64bgGt1j59B8HsdW1Kue1O94I05_3MC3Q8xMbh",NULL,NULL,"18-24","male",NULL,"$2y$12$G87EIdum9wPtJXOTeJIupeYmPlBqzXJfr/lKdnxi/OQ5PtAT4yRMG",NULL,"2024-09-21 12:33:53","2024-09-21 12:33:53"
"70","Nono","172693101770@mapeers.com",NULL,NULL,NULL,"25-39","male",NULL,"$2y$12$hsmyAn6milnzd340lYwwZOuQfa9x.mKLFCsInBXRQ5rfyeo6KpFDy",NULL,"2024-09-21 15:03:37","2024-09-21 15:03:37"
"71","Matttw","172693177171@mapeers.com",NULL,"2024-09-21 15:17:28",NULL,"25-29","female",NULL,"$2y$12$xuTmIWyemwlMO..8ll37gufzMkHp7E9BBcjuSMzh3nUS1RbzhIdQe",NULL,"2024-09-21 15:16:11","2024-11-11 15:26:46"
"72","Noble","172693265272@mapeers.com",NULL,"2024-09-21 15:32:02",NULL,"14-17","male",NULL,"$2y$12$KyKY8HsgEIlny1qwM1AFiOCPHKOeLHWsJAO0/1Z4POZKlyQd.3BFC",NULL,"2024-09-21 15:30:52","2024-11-11 15:26:46"
"73","Mandy","172693371773@mapeers.com",NULL,NULL,NULL,"25-29","female",NULL,"$2y$12$lkMfvGkWC.mQJmsXQ8CYaOPu53vdXHU17mrSHCk4rPv0AIXLB2cmW",NULL,"2024-09-21 15:48:37","2024-09-21 15:48:37"
"74","Peter","172693390674@mapeers.com",NULL,NULL,NULL,"25-39","male",NULL,"$2y$12$mqlF8veJZna42KGkiSIAnOEN2f3nrUWevRpHD2Lh0K8sjUB3H8Vye",NULL,"2024-09-21 15:51:46","2024-09-21 15:51:46"
"75","Felicia","172693453675@mapeers.com",NULL,NULL,NULL,"40+","male",NULL,"$2y$12$fCoohWAuxHSuiS5yvY4vtuHo4i6X0nlti6FFLdU/ji7RqFDnoSEL2",NULL,"2024-09-21 16:02:17","2024-09-21 16:02:17"
"76","dubem","172693481576@mapeers.com",NULL,"2024-09-21 16:15:26",NULL,"25-29","male",NULL,"$2y$12$Ov6avNfC8nm7jVrPdrl4C.f0lhoqNcgh4l508v.bbh1Th6kIe.CRG",NULL,"2024-09-21 16:06:55","2024-11-11 15:26:46"
"77","Promise","172693589577@mapeers.com","ctKZaTvwTeCQpjgI0zZp-g:APA91bFIyG-6s438K35p0PFKGFxb66Hx51_aaqmaERZslv1VUzATtwvycbENg-Qy6PI-6CdX03ncFbtunHtJ02du-NhPZ8twQp0J3YQ-Kyn966uHUXP4xZUVxDzhfD3kjoDFrPS_UUgi","2024-09-21 17:09:40",NULL,"18-24","other",NULL,"$2y$12$DZLCQpgZq.AAz.D3mG5CGOZjgFuzu3hmza6PcCILsWfg74/rY1hZe",NULL,"2024-09-21 16:24:55","2024-11-11 15:26:46"
"78","Deww","172693659178@mapeers.com",NULL,NULL,NULL,"30-34","male",NULL,"$2y$12$QmpsaIDd9X3/f04AXu8K/.FH/UmCLQ2HdwPIEBL1QwEW.4J3XmZ.K",NULL,"2024-09-21 16:36:31","2024-09-21 16:36:31"
"79","hhh","172693964979@mapeers.com",NULL,NULL,NULL,"14-17","male",NULL,"$2y$12$UQ5gzxfJ4ZlDI3ldV825HeCgb8lmZCoQo7POKUkvuaXFJ5qJttuk2",NULL,"2024-09-21 17:27:29","2024-09-21 17:27:29"
"80","Obinna","172708479880@mapeers.com",NULL,NULL,NULL,"25-29","male",NULL,"$2y$12$TBdwe.O/6sDldsN1.ssJM.Hwew.5Lh/ZIH0k.gSFn6X3sG8YSRgg6",NULL,"2024-09-23 09:46:39","2024-09-23 09:46:39"
"81","Gozie","172743992981@mapeers.com",NULL,NULL,NULL,"18-24","male",NULL,"$2y$12$MSnqLrqu0o36VdjGXcPnVutqDKD1iZpmfyMmWO.tc65g3Mnn7AB5e",NULL,"2024-09-27 12:25:29","2024-09-27 12:25:29"
"82","jdjsj","172745644582@mapeers.com",NULL,NULL,"none","14-17","male",NULL,"$2y$12$B5V3yUfKv2Blax5BdObZ7ucDfNtRGd68s/fNGp0Mu7ayPd31PDJWK",NULL,"2024-09-27 17:00:46","2024-09-27 17:00:46"
"83","Doris","172746852583@mapeers.com",NULL,NULL,"none","25-29","female",NULL,"$2y$12$jf.fKkkQ0NTmCL1cH9WJl.VQQOelHIjZYG9IWIcKcgiIjuX8ZmWhW",NULL,"2024-09-27 20:22:05","2024-09-27 20:22:05"
"84","Fanny","172771118884@mapeers.com",NULL,NULL,"none","14-17","male",NULL,"$2y$12$bbw6Kopx2fOymCYkkxcJPe9Ru/syhJUdn.X4.Zjq5B270SkgbsO4m",NULL,"2024-09-30 15:46:28","2024-09-30 15:46:28"
"85","kelly daniel","172787239385@mapeers.com","eqKvNYjZSDm-AEeHqdDxm-:APA91bEBsSyjrJIK_CvExyqqobA6LdWwAekGCE5CfWe5sTTbKQC51FrwoMMImZX9kNaMlyln1L1ctCGe_yfLjx4jKaDOMTfSdHGygEJJ8PbJV5iFxN_8qTrlgCLIfLiqrkH6invmIZ2t",NULL,"none","18-24","male",NULL,"$2y$12$Aacul.kef5BsoThUKcTOgORPuHrovTjBVC1CTZEuZbbImL3U.FsVK",NULL,"2024-10-02 12:33:13","2024-10-02 12:33:13"
"86","kelly","172794937486@mapeers.com","eLpemqoqRbaAVT9w0OSPCN:APA91bF1dCyif6J8cb7kQ7PK3fuMDLF_Y_K24YjBG75ROJrDEHWgdofroe8nRStV3dhZsQNhSSCxgtAkSQDj4ekV2kOeNwk59R5UwO-Ta0ZQiMc1wPoa2e_aN0OQpJ3Tn8uJqXDaPBB4","2024-10-08 09:40:21","sex worker","18-24","male",NULL,"$2y$12$/dIX7WO5TteScuFbYe/jE.Vi59TVcTTKsZEis/mVOkrwyW3WMPFNe",NULL,"2024-10-03 09:56:14","2024-11-11 15:26:46"
"87","Celia","172796939787@mapeers.com",NULL,NULL,NULL,"18-24","female",NULL,"$2y$12$kHf.fZTbMvBn7wRqvxxKie/zrkiY76wfFFuyLf4DK.pRg6bWnAgj.",NULL,"2024-10-03 15:29:57","2024-10-03 15:29:57"
"88","jonah","172796952288@mapeers.com",NULL,NULL,NULL,"25-29","male",NULL,"$2y$12$L984cJ3erJMFnr.9xWbQGu2n/N.lTnZMRoX0tHzNT9bRkjKdKCBey",NULL,"2024-10-03 15:32:03","2024-10-03 15:32:03"
"89","Kelly Daniel","172798906989@mapeers.com","fk3CMZaiRdq9V5oa6s_NN4:APA91bF8MeN8cN90esZWhqZB8JpFG24Kg7jyT1IrLVSwwc4PHx32WZ_VZaHCPL0-0shNAvV_wFN28F9pO3Dw0ndqF_tWehd7rck21Eht5l_jr5RzWLFxJ5yY4O8ceNzlmiXp0AmBLe0g","2024-11-11 13:51:47","none","18-24","male",NULL,"$2y$12$BCc.65k7rM.9vqkhehqpCubkRwkWsukFu0te1n46XrMz5KHQz84dq",NULL,"2024-10-03 20:57:49","2024-11-11 15:26:46"
"90","holla","172805692390@mapeers.com",NULL,"2024-11-05 12:29:51","drug user","14-17","male",NULL,"$2y$12$OezrYENnWNxIen0Tls8gJef8M33PDoVvK5HlbgOtaGAp2Ay9Kd2p6",NULL,"2024-10-04 15:48:43","2024-11-11 15:26:46"
"91","Didi","172805794191@mapeers.com","dSztWmLpQCaOmhL1gbzAn6:APA91bFh7N_xofQmrGcwZ26SVnI3Y5_qULFMJbDQpQ9ZdU37JA8aNeJttLIGheIIQF6m4m6ABsbrxuaAg3Y2JrSaiMjiar6PGS12y1YdiEtp8bcL6uIfoe-LaA9KOEyEqRCwQlurHcJO",NULL,"none","25-39","male",NULL,"$2y$12$gEX4kbDNiMCaFkqg8HQSfuKsdLxt4ZujYzxlmYwELyJhLKwJvIKUS",NULL,"2024-10-04 16:05:41","2024-10-04 16:05:41"
"92","dubem","172805896392@mapeers.com",NULL,NULL,"sex worker","25-29","male",NULL,"$2y$12$tVofmwtlRXA.5dh9zpYwFusNV6t54NordHOYEuccuTOGMbMCRj8ty",NULL,"2024-10-04 16:22:43","2024-10-04 16:22:43"
"93","Special","172805958993@mapeers.com","cAuqINvoT62S_sINN9xcxE:APA91bEaftDM_p81_opPRGmdcoINzkXkRSiNKr4CXUT6uOxYBkL_NrDrkJ9EPffnfXFgNXItPm5SV4oJJwdaL4f4d_OvbuUzCpRfn7YRjttawxBhBH5X_IHgDZ4xKIeuWUbjGYmf8p1F",NULL,"drug user","18-24","male",NULL,"$2y$12$klNWbOMT.YXgMNLs246m7.Na.xD7Aq6TP87ZzgtEoqs1xLDU7hcQK",NULL,"2024-10-04 16:33:09","2024-10-04 16:33:09"
"94","Isszy","172806047494@mapeers.com","dfSSC7eFTZa2dpuXKOfXCc:APA91bGDwfYjluwYREdMIC174a-PGvZfytkwax26Px1MzSh9QzDr_TmJErRPe86KqEemPL-nparwuEhnRXJurKC68TPC5haQJFI8dEWNr_m0PVKt65B71GEmZxThcDWTq7HvLh7OsZnk",NULL,"drug user","25-29","male",NULL,"$2y$12$RZoQUj/hlB86WXSheHE1RObDVQ5S8HyjUKUpIlH.fUOmriuAUI112",NULL,"2024-10-04 16:47:55","2024-10-04 16:47:55"
"95","hehe","172838595195@mapeers.com",NULL,NULL,"none","25-39","male",NULL,"$2y$12$fZUczM/EkKKuRaNumaIY..YCP8zwq2QhmBAbQSdK.5PEgDvjsnC9.",NULL,"2024-10-08 11:12:31","2024-10-08 11:12:31"
"96","dubem","172839135696@mapeers.com","e1skIT3ITvOB4aH61b-tX4:APA91bGItdqyUXMGl9yiWbEdnH_QmP53dQDmdwY9Z2iyorUfq74fY8FlRNIdH8hRrkLI_jmOtE4I1LU0Q-YfaCtvmPCTKTwyfTMLtLL9Eh1t-hsvSdhey6PyoILmyOKu4PHtuNXXTbQ5","2024-10-08 12:43:49","sex worker","14-17","male",NULL,"$2y$12$ojgt/WRATCFJE6WalDAM8.QaHelj2BbVspiSh4BsMkOOqxxgq1Gfy",NULL,"2024-10-08 12:42:37","2024-11-11 15:26:46"
"97","Goz","172873831397@mapeers.com","fGjowlQmQxSmwoJH6pdANV:APA91bGADvOxRZRNtrXRYCwvntbpvfL2VJWTf9Ky4BDEhxiRcP8KY4q3oH3EExthoOW4F0BiliHbHGfjI7_Esr99TLBHJZYysTH1zk_OWf9rX2dI8E8MrQCN_svf-Y7VPKQ4iU6RpUy0",NULL,"sex worker","14-17","male",NULL,"$2y$12$XvRkHpXQdbyTFau6kA8RzOxZ.Scgmamf7nlHlKyQr8U8ehWa7oLH.",NULL,"2024-10-12 13:05:14","2024-10-12 13:05:14"
"98","ub77b","172874505898@mapeers.com","dmJm3JgQTaC1goWfz25rS8:APA91bEwIyMZ-RU961yfBKyqIpZXHXHr3_vISuOVoB-B_1WogAbQmsNPIwa1VbzNqmbv3EIs6kYzcUo4KdqsU5xzSk6mr8AGpJNAl1YkigibyHgLFtO1KXdmSF77jBvYFqdpvgSGzAWz",NULL,"sex worker","14-17","male",NULL,"$2y$12$rLNUM7ALOyx3VDoU8zUoaukO5lS4URFySN3fXY3cwxq9emOqVkrKK",NULL,"2024-10-12 14:57:38","2024-10-12 14:57:38"
"99","Morris","172906803099@mapeers.com","e0Zewn29Rc-EiDvHDvPD0u:APA91bH-7n-0oj1X_gciTnu055vKStdMv-C9ZyTpYk_M74IHBa-BLvOUzTvNUS75qHChiUJXwuxF6DEQv00NvO7mZRD-9HAze6hbQz6zC7ICVZ3VQCnCLzlNuPtn9xVuJaHzAd8wSlix",NULL,"none","25-39","unknown",NULL,"$2y$12$M6p2a2RM/m0uFDzBioOB8evmayiHzv1/31F/59P4t2WQC4Yatmob.",NULL,"2024-10-16 08:40:31","2024-10-16 08:40:31"
"100","Dan","1729740486100@mapeers.com","eRMxoVuBRR-JseLm7x26f1:APA91bHFcDNRZK4gQcqmyJhzdJ5jy3YVqKwgauInNZJyC7hz_0OWcXtZ7hJytpxWX88-YE0RngaXoGuHZG6Q1IDyTGUbAQ0Tur3aLeJRE9y09dQ2qmefWX8VVqKwRZfIHoUyOAUDq7NS","2024-10-24 03:29:30","drug user","18-24","female",NULL,"$2y$12$URA8FsNtxDV9hsMhOlSP8ePTHDbWDAfbtI1X0gVHBqhUXTeoOFRFu",NULL,"2024-10-24 03:28:07","2024-11-11 15:26:46"
"101","Dubem","1729750260101@mapeers.com",NULL,"2024-11-01 09:06:00","lbq","30-34","male",NULL,"$2y$12$M/XzwyZtN7XeF5742DSTjuYazkWfeq/FXF/I/9GMmPUuoHb0R7FGq",NULL,"2024-10-24 06:11:00","2024-11-11 15:26:46"
"102","fggu","1729852362102@mapeers.com","f44WnrCgQBaYS1RaVyXlpz:APA91bGKYY7o-Lp684a6s2DCUxgfXr6Iy1cTyUR_Umnj4Tt0MlqF2AxL__83tt9u3auUyds9BHAtODeQc3y6z12dGQfeCqOeMhFhTMDDB9NWlKiaXze4wObBev_V9OCHTUyZgniiOn-C",NULL,"none","14-17","male",NULL,"$2y$12$aQbQ6F3JkdcOFqHzJNTCAekdA8F8qaZBojp4GiTs3au51OOzHYb9e",NULL,"2024-10-25 10:32:42","2024-10-25 10:32:42"
"103","Gozie","1729852417103@mapeers.com","dYJ9SR-_Rf6ZQGVA3zRYox:APA91bHYZHtKc9VaSw4D6YBYqNIYfgPaUZ44LLmaPPP5YjEHF_osktFFCrm6O5m9zDBCKZvwotEQTqz9PCqpp4Xfljty1W-XUC9W_ceoA_emanojF0Y8pjyRbRFrdl6e2U3fObo9G8Im",NULL,"none","18-24","male",NULL,"$2y$12$OmfHXx06jDVBviZtGlC1hO18JsZT1j8FPxAB1TU34t5qyKPd0b3jW",NULL,"2024-10-25 10:33:38","2024-10-25 10:33:38"
"104","Gozie","1729853006104@mapeers.com","eOStZNHnQG2hesTqw32uc2:APA91bHF1QTBpOVZBwotiUW3C6r9GpkRfpZa8vvoV7sfAjdI0sB9ErZXXLrNdFdkRsSk312HQrW8Y8lUQfmixLCHKL9FI76_VveOuh8A84i0lrrdAMcLcfYkb2ZyfYdXR3rNVO8kuXOi",NULL,"none","18-24","male",NULL,"$2y$12$Aw3UJmurAjkxlCXw1PxBK.FUFt2kLreW0X9knu/9OjyqSiQ61WI7y",NULL,"2024-10-25 10:43:27","2024-10-25 10:43:27"
"105","Gozie","1729853162105@mapeers.com","fSdjjDX2RMaszlqxgP2Sbd:APA91bFigEsmczaCXCeEgLXs_tsPBVDYaQ1rdbInMNKrMbXot7KbRI0dbrOYDJBq_j760F1T9Gmq-HFJnQff14cqRC_1TVJwxBNQMYV2er8hdn3BNNBs8IS6ky7h98bM_vnEs0_2udYF",NULL,"sex worker","18-24","male",NULL,"$2y$12$tNCLExVN7tmWs2uLg/H8e.KdMmOx5b1wES8xVgKaF1ebBr4RZRqPa",NULL,"2024-10-25 10:46:02","2024-10-25 10:46:02"
"106","guu","1729853204106@mapeers.com","fsPRiXEjRcO6Cl7gC3IK11:APA91bHaG_eRA3TQuZE4R0cI1U-UmKcQpHXGYrbwOlZNklIEpnAD1GZr5qzm3QufvEkBRgygM8ZYSzMwH3xl-i8T_PVjyzYAReKEK3zOYuMGSVGk1wSNSc-el3lqW5454v8hHGbbJiqj",NULL,"none","18-24","female",NULL,"$2y$12$Vt23IJEJB64740iQej6/AOnunaQac3QSORriTnMAxn3NVWUi0R3Wq",NULL,"2024-10-25 10:46:44","2024-10-25 10:46:44"
"107","Goz","1729853242107@mapeers.com","dZPosakFTAOAAZUQM90MKo:APA91bHWF9Br056ZiZXUYojo2oT4Qe69dI9nEHSol_O7HxCceB7GNAozYFYOiB_zvCRvxEu8TdVRC2pDNqheDIWouGiFXj8MW_9bU1If_RBFF3tbzGmSyWvwkLaAy2MmEUzVHlfETBkS",NULL,"none","18-24","male",NULL,"$2y$12$2sd/5Eq7uunjONrWxGsP0uLWj/aLVarhI9vbe8h.j7w4ex/TfmMAm",NULL,"2024-10-25 10:47:22","2024-10-25 10:47:22"
"108","Isszy","1729954479108@mapeers.com","ebDwH2OEQOC49No3eElof2:APA91bF9DWxIJQuXZ7hI3Y8KAI8GlC2wwY9XsmS-Av0h2VMPJBzfaastRHIwRAOsF1QB5XN0aocKF-fRU_s840j_9WI0RxnzvRgyIVUpqrSF_HTrC6SiHPFDNEf2UG7SqwTm6qmixERl",NULL,"sex worker","25-29","male",NULL,"$2y$12$x8l17bcU85pnzYffCh5kP./ZpAuN8WMNjJufgdWecK0AoFwC5HG2a",NULL,"2024-10-26 14:54:40","2024-10-26 14:54:40"
"109","dubem","1730452103109@mapeers.com",NULL,NULL,"sex worker","25-29","male",NULL,"$2y$12$fw//2.KlDhsx5WMM7TT8F.d78zyXgSxrmaC1d1U10XY9BufmSuNee",NULL,"2024-11-01 09:08:23","2024-11-01 09:08:23"
"110","Matthew","1730717619110@mapeers.com","fvS_pkoFSVilfI-bkqBSQ7:APA91bEgckSixzolm9jzqpQBQcO2sj_oEuW3o6SArqgJutwPY1FZNQ5Y6hW0Xcu2c7FxKvLfCVUjQM_cme9-WnGr7b_m8h3uYTUKcganrzm_PiIxTkGIkKM",NULL,"none","25-39","male",NULL,"$2y$12$cYueOmS.UOlX.radBhqRzOHJMOEkpY1.rUWvvKh15LWPW2qXXc31K",NULL,"2024-11-04 10:53:40","2024-11-04 10:53:40"
"111","Laura","1730718085111@mapeers.com",NULL,NULL,"none","25-39","male",NULL,"$2y$12$grgK3tmCmb.cMGxYsimUfeiFQWkHq/xOpKS3yW6CgfFTR7YVYEwNi",NULL,"2024-11-04 11:01:25","2024-11-04 11:01:25"
"112","Special","1730788940112@mapeers.com","euBzL82CTBCS-znOPH38K9:APA91bH86aQdvmydYLm6UL6DL_StE1jCAJJ6pqWUzyefPpD3qekR_-6-p5S044D4dxpgGOnmIYHCD5AO7l9vguHtdIi6NTjdZNYUl2KnRLwl8BIYLJ1D3bw",NULL,"gbmsm","30-34","other",NULL,"$2y$12$qISiE/9kCHGL3VRDXI63WOrdgU./iTRaMd3C49.owWL6yLZYWjUeq",NULL,"2024-11-05 06:42:20","2024-11-05 06:42:20"
"113","Dubem","1730789083113@mapeers.com","djMiBVolSaOsjANfsdQtm3:APA91bHK1_CBUr_sfH3WF7-j3sT_TzdtTfS6ba9Ji9fw5-bXYK7aUbD7Pa8SHy7QCDvQYu0GEtIj6q7F3jVlbV8KGVlnalMZFsoDW3cB666AjljCL0QKj1I",NULL,"sex worker","14-17","male",NULL,"$2y$12$45e4akCz3lkB/PslIGd5MOjJGo7tZwp.zjRV6znHcEsxSdLIpvu1i",NULL,"2024-11-05 06:44:43","2024-11-05 06:44:43"
"114","dubem","1730789206114@mapeers.com","de5gEJHdRJ6-u2gxSq5Fnd:APA91bGGJixUJwdawLyU-f6X2g6Dn0YrZSScLkCCyb5xAnFylRsJGBl4dBjtM1dcnzZA-izNY4s_f4JQzecYu_jKvEe4vgWCB6XwZq9RM0o3gidqxfdDKeA",NULL,"sex worker","18-24","trans",NULL,"$2y$12$suxWvLsXPiMfEutyqKq1WOsrl0M3lQ3pzTHsJykF4Km05TWR0NJnK",NULL,"2024-11-05 06:46:46","2024-11-05 06:46:46"
"115","Isszy","1730790119115@mapeers.com","dtzoRcjASQi6LrBPp_UAS2:APA91bFTndvjC8lyxyCEyOovIFT-Dlg6LBEyvEr8GK-FYuYdK3G79rBoQltwtw0t13gooagw3CJT-o6Mh0wuLn7-ZG5AIyo3HZjxzfYoqhba1Zh9x1vN9-Y",NULL,"sex worker","18-24","male",NULL,"$2y$12$wTRP6OUoPmCed69TMepapOYpJtVl.AFa.NQCFz9JIpJmOZNeyDxbO",NULL,"2024-11-05 07:01:59","2024-11-05 07:01:59"
"116","Dubem","1730794220116@mapeers.com","fRm7PDa7Toi67Dh_C_m6JZ:APA91bExfd7iyTZFxQyh3PSfPATPF039MTyKTNn5ldCZVGRBwrXgkVAqFFpcfWV11v0-VNcsaFlBgt2dsAPtjuoV0pZjDcgbUoOaqMyYZ3I2T4Z4cRJFSMo",NULL,"sex worker","14-17","male",NULL,"$2y$12$4pamPkM3oCK6GsL.02yJFe9bfpfFbz75BBytNqu0Xq9c5aV3NlPWW",NULL,"2024-11-05 08:10:20","2024-11-05 08:10:20"
"117","fggg","1730796317117@mapeers.com",NULL,"2024-11-09 16:11:31","none","25-39","male",NULL,"$2y$12$eQBHy1nzLqlxiu8lW6o9GOaXu8MFzjDx5SH20ofXY0.hiykABddwu",NULL,"2024-11-05 08:45:18","2024-11-11 15:26:46"
"118","dubemz","1730802088118@mapeers.com",NULL,"2024-11-05 10:37:28","sex worker","30-34","male",NULL,"$2y$12$ByAefNze8aZCvlF61wWxN.19zWa7/ZYCD/h79M3wJiHU8SC34H47y",NULL,"2024-11-05 10:21:28","2024-11-11 15:26:46"
"119","Kelly Daniel","1730803024119@mapeers.com","f4njsFfyR5C8H4QGMzzpdL:APA91bEklzorFx3TGOZXfGgiQXkFhcgAXhEzo9-fBGSJ0kW2p_n_IEIgsnZ7LH8PAIyrdhYaFQ-rZRMr5RwDL_ukuYvMBt3rlEp4-_G3wdvzgJAGrB-OFcg","2024-11-07 18:21:40","None of these","18-24","male",NULL,"$2y$12$GOOShJ1B4qAAryPeeCWpIeiYTXGtxgoIeZXkG.LnISTGGWmg7Pdqm",NULL,"2024-11-05 10:37:05","2024-11-11 15:26:46"
"120","Mayo Milla","1730814860120@mapeers.com",NULL,NULL,"Sex worker","25-29","female",NULL,"$2y$12$nnnRCM5.f1Qno16dsBpoCOd01iMGHy7rmjvsQcUvqgoc5MMBnDrUK",NULL,"2024-11-05 13:54:20","2024-11-05 13:54:20"
"121","Dube","1730826160121@mapeers.com","d65JUHnFQ8iTj34VYF01vN:APA91bEzoz0E1A7SzdBQ1_klR-R_KZua8ofQRgej405Dy3IbwLqKKZurlwUXM2QaNq5ziajISZBu7IHF-MxijqNPPvBKopp39Z5sFAUOgcdxx8oroNGz6Vo",NULL,"Sex worker, Person using/injecting drugs","18-24","male",NULL,"$2y$12$cVwj6xT.L5bQQ9omakr2LO4nkHB3f6.aIy8t8mNlqwjvpqzHZtEGq",NULL,"2024-11-05 17:02:40","2024-11-05 17:02:40"
"122","dube","1730827633122@mapeers.com",NULL,"2024-11-06 07:45:13","GBMSM, LBQ woman","25-29","female",NULL,"$2y$12$peg/q9Xl6CMvXPkWceyRpuJV7h5IbNnUBf/WJgHMcqJnS/linZ9AG",NULL,"2024-11-05 17:27:14","2024-11-11 15:26:46"
"123","Isszy","1730871024123@mapeers.com","cP7LEqfWTBeLFWG7AhW9e4:APA91bEoKovb47KjaGzgbZQUw1QQrJyVEm__XqClByNHqRx299OCSKU809eXWctaDfxY2LbsdUXEiSL5T9NmWsaRY84BTwJjAz9-TTIGCmYYqZoShwnSdKc","2024-11-06 12:08:46","Sex worker","25-29","male",NULL,"$2y$12$/t1RHGaIjflmTCp7wmZIQODwVkFBCxiKw/eVNayOHcxMZk65VmXw6",NULL,"2024-11-06 05:30:25","2024-11-11 15:26:46"
"124","Special","1730877295124@mapeers.com","dlG2jMNJRUyp7PasqUiFW6:APA91bHQxPrLo8I1QKPshW1IU-lrd39m2q8eTRxngd-bbu9JEOEOIfn6FNAMwZaWtlxP_9L9wIulhGtEdcATwj9Y9Oj_AT2Rm2Tdxf2mYRK64Hp7cnr-hOI",NULL,"Sex worker, Person using/injecting drugs","25-29","other",NULL,"$2y$12$1WkfBwbobiAwWJCXGS8FGuyVOEjFQ6XijrQADbEGTVC8M4HSXckz6",NULL,"2024-11-06 07:14:55","2024-11-06 07:14:55"
"125","Dubem","1730886548125@mapeers.com",NULL,NULL,"GBMSM","14-17","male",NULL,"$2y$12$BTaxgODvIIjdzr3QMii0reI0R/BfQYiGm8FS5az/1claZAC1EB2oC",NULL,"2024-11-06 09:49:08","2024-11-06 09:49:08"
"126","peace","1730887224126@mapeers.com",NULL,NULL,"Person using/injecting drugs, GBMSM","25-29","male",NULL,"$2y$12$1akEWv/eGQu7kZvJbOTHSeQXb45.vv2hCGzhPkH7RK1KsQCYiW0EO",NULL,"2024-11-06 10:00:24","2024-11-06 10:00:24"
"127","Special E","1730888261127@mapeers.com",NULL,NULL,"Sex worker, Person using/injecting drugs","25-29","male",NULL,"$2y$12$9tUm0M9j8c.iM1sdyUc0OOgqDvymXb1G4c1v1qoaN5b4pSyPyM53y",NULL,"2024-11-06 10:17:41","2024-11-06 10:17:41"
"128","UCHE NWOKOCHA","1730893031128@mapeers.com",NULL,"2024-11-06 12:23:02","None of these","40+","female",NULL,"$2y$12$XB7SQCC9wTggC/vXOE8AaOTa93BEpO/6eVzOFiXTbzOKLoDSnRvAy",NULL,"2024-11-06 11:37:12","2024-11-11 15:26:46"
"129","Mediator","1730893202129@mapeers.com","fbzPUci0Tjug_bk2keLKi3:APA91bHf8pVUpbJVbfOBjLRzsKXL8piuEsh72R_iumy65tvvajKd5lAvPcuBWVln5llgYJwBEm3ycKLI5Duby4okzYtg7UyP5ZCZg2aV4_UzGODpxRnYM-E","2024-11-06 12:13:03","None of these","40+","female",NULL,"$2y$12$Pro0plLBnJj2zNooaJjfTePUDN/Q0V0a5b8NxsU5aOsQTnwbsCHRW",NULL,"2024-11-06 11:40:02","2024-11-11 15:26:46"
"130","Osita","1730893251130@mapeers.com",NULL,"2024-11-06 12:09:46","None of these","40+","male",NULL,"$2y$12$PamdubQ6FRnl.tqedtirvOFTOjwNFW1vzXYFnaJRw/cnLWlsJIJiq",NULL,"2024-11-06 11:40:51","2024-11-11 15:26:46"
"131","Dubem","1730893458131@mapeers.com",NULL,NULL,"Sex worker","25-29","male",NULL,"$2y$12$4JzN6/vGVgjFhHynN5FiyOHVXYVqW3GG/gZCMickkbJEbuDDl/iDW",NULL,"2024-11-06 11:44:18","2024-11-06 11:44:18"
"132","Olivia prinzy","1730893464132@mapeers.com","cHA91MgQSHu09ZRh3GPegn:APA91bEXr7PppKNFjlEyWutlMh4x7jz-Ti7lCe3q9sJs_5yI8Q8VNnPQgQL486ExGrQIlg_UBAo-J0cxn1rnGk1imB4N_F0odhsqnuP3E6WpD36GbuYDkmI","2024-11-06 12:13:14","LBQ woman","18-24","trans",NULL,"$2y$12$ihnz4/bnz6Z3tSZ08R7TP.FLldu8lLCidvsERQbSiMno1YUldBQba",NULL,"2024-11-06 11:44:24","2024-11-11 15:26:46"
"133","nellydan","1730893465133@mapeers.com",NULL,"2024-11-06 12:16:18","LBQ woman","25-29","female",NULL,"$2y$12$v8JYQNIscZchprr7aEG0Hu8umHoG7g46GABCRvuBK6/Iq95n8zPo6",NULL,"2024-11-06 11:44:25","2024-11-11 15:26:46"
"134","Lo","1730893486134@mapeers.com",NULL,NULL,"Sex worker","25-29","female",NULL,"$2y$12$55QuTwBk8Vtc7ojlLTzNgOIvHviUZUetVYFUwtdS87qmwkUc7dSA2",NULL,"2024-11-06 11:44:47","2024-11-06 11:44:47"
"135","Danny","1730893496135@mapeers.com","cBw1thKGRy23pXIu2FBQNc:APA91bFaVATMR--k2cLa0K8kJo5FG_LgMcdopyUTelqse9fwHkVPPSExQIOjBNGfIwtEov18xivoZLvaBOkcA_AxjkMw5OMp_nbxt-VcSC1aT0jVAzhpHHw",NULL,"None of these","30-34","male",NULL,"$2y$12$sIpuIJU1zuUX8FzgRGCWgeeeb7I9BcpjsHBydIdGu3OPckf8.nc5m",NULL,"2024-11-06 11:44:56","2024-11-06 11:44:56"
"136","Emoni","1730893706136@mapeers.com",NULL,"2024-11-06 12:07:06","GBMSM","25-39","male",NULL,"$2y$12$5hRdg6HNDABrNy2Lvjcqi.iDlIY6Iwr4eyh9ej0j2mIDXPcJaG2wO",NULL,"2024-11-06 11:48:26","2024-11-11 15:26:46"
"137","Dube","1731004054137@mapeers.com",NULL,"2024-11-09 15:58:14","Sex worker","40+","male",NULL,"$2y$12$9cwF/ys4aCXPj3GyW5zTV.M2Jofl5ipMHfATKTEvDS.j8l2QM.0ga",NULL,"2024-11-07 18:27:34","2024-11-11 15:26:46"
"138","ISSZY","1731067334138@mapeers.com",NULL,NULL,"None of these","25-29","male",NULL,"$2y$12$HChuOjrxCCoz49pu.tZ/S.PfN/ziuE8OIUkGT0ojAL0h/6QIO5m2S",NULL,"2024-11-08 12:02:15","2024-11-08 12:02:15"
"139","Jonny1","1731067584139@mapeers.com",NULL,NULL,"None of these","40+","male",NULL,"$2y$12$DCugBN/ZHDO3dEiGHUmfXucaXgUCTsFubNdabDNM5LUNBijT5kltS",NULL,"2024-11-08 12:06:24","2024-11-08 12:06:24"
"140","001","1731067593140@mapeers.com",NULL,NULL,"None of these","25-29","female",NULL,"$2y$12$9egJqOUKjY.j9/5J2pBEbOeVoQkxmvvjDIWwRR6yp3iVhCrZT8vtK",NULL,"2024-11-08 12:06:33","2024-11-08 12:06:33"
"141","Vickie","1731067725141@mapeers.com",NULL,NULL,"None of these","18-24","female",NULL,"$2y$12$bubBpLl9C5wtCHFxI8C8s.LwWdjkeGvZxRBnQXktWstoc03NZf4H2",NULL,"2024-11-08 12:08:45","2024-11-08 12:08:45"
"142","Mi","1731067861142@mapeers.com",NULL,NULL,"GBMSM","30-34","male",NULL,"$2y$12$HTGjf0whqQ0nKnhpE8jZrOVxYWfG0otNykfNn2Y1wemL4SKr5CBuS",NULL,"2024-11-08 12:11:01","2024-11-08 12:11:01"
"143","King mhicky","1731067890143@mapeers.com",NULL,NULL,"GBMSM","30-34","male",NULL,"$2y$12$u5LUDp6qF00H0jYO7bPiGOiynOmCy.523lVqExEJypFI.QScWjQ6G",NULL,"2024-11-08 12:11:30","2024-11-08 12:11:30"
"144","Hon","1731068033144@mapeers.com",NULL,NULL,"None of these","40+","male",NULL,"$2y$12$L0UzdlxDXGQvCLI2TPw47.TOUX9SGJo6oSEgO0Wfv7bwwRlJV9Zkq",NULL,"2024-11-08 12:13:53","2024-11-08 12:13:53"
"145","Rity","1731068112145@mapeers.com","do5r2SADQUqhgD-G864Dr1:APA91bFlRWj91ihWn8fTG4jBH9zDcciQmzre5-CDnoh4kx6rdsPvpLbEaHLxgpn95t85j6zCpKT751ogAdGQRaRCBvm6i0xydqgwrXuyVsQwRrEpaSdlxAY",NULL,"None of these","18-24","female",NULL,"$2y$12$REjHKU4KWP/OF8FQ1KmCZusCzHor.XNaU0Wtjp/YqrfyXTywRlUwu",NULL,"2024-11-08 12:15:12","2024-11-08 12:15:12"
"146","mummy of the most high","1731068275146@mapeers.com",NULL,"2024-11-15 10:23:59","LBQ woman, Person using/injecting drugs, Sex worker","18-24","female",NULL,"$2y$12$3aN.tmJaAWbPBTOND/j4PO6meGH9qlDIoM/H43t/hHNQjE6ceV.fy",NULL,"2024-11-08 12:17:55","2024-11-15 10:23:59"
"147","chika","1731068403147@mapeers.com","cxzyS1JkQe6FOkVwiL71Sh:APA91bG8Yz_tQrErJ3osXkrydAwbySCa5kypI1uqtUYyGRWM7llv_V9r_r9I869EurXgdJiNQZoLC33FwCOwp3s-g3I1o8ZpI-ahOO6PgV2aq_Pu8oLS7Dg",NULL,"None of these","25-39","female",NULL,"$2y$12$yOqz9qvW7i8c2qk1f8Dp0u7SQaSSdVuqv2phWpS1LC8HIJLqRThoa",NULL,"2024-11-08 12:20:03","2024-11-08 12:20:03"
"148","Ogechi","1731068442148@mapeers.com",NULL,NULL,"None of these","40+","female",NULL,"$2y$12$RREzt43sgrh6Acmn/A.ppOXT9jsvSh/uNXm3g9eKr4VgE1JRKGRPC",NULL,"2024-11-08 12:20:43","2024-11-08 12:20:43"
"149","Favour","1731068516149@mapeers.com",NULL,NULL,"Sex worker","25-29","female",NULL,"$2y$12$dFjPC5PeZgbJjA7XpQEYBucgRg1WD4E9BOL9K4Z5X6RzePw/1d9qm",NULL,"2024-11-08 12:21:57","2024-11-08 12:21:57"
"150","ijeoma","1731068710150@mapeers.com","cgx4bpCeQr6hzpPj4H_aPi:APA91bHPUcXaqTYArI0MWUQY91rB_FvKIKXkEqgPUThETbajax2F3jxzvLnaaCnt_x-7JgK-S3muLaSdgGzEi0uXyYS4x7gWOwQSE5_oJsJqJVzqBppOrPs",NULL,"None of these","25-29","female",NULL,"$2y$12$7T4pqYwsroC6Wuw06WJXKObBC2lZsXL2b3FsoOyVAA5EGdVzjh63W",NULL,"2024-11-08 12:25:10","2024-11-08 12:25:10"
"151","Tiwa","1731079580151@mapeers.com",NULL,NULL,"LBQ woman","18-24","trans",NULL,"$2y$12$8HxByLAWdc.xPxMSrH31b.jvHKaM.bKQcEt.RmwrxAzFEDMz5THES",NULL,"2024-11-08 15:26:21","2024-11-08 15:26:21"
"152","Success c","1731092147152@mapeers.com",NULL,NULL,"None of these","25-29","female",NULL,"$2y$12$XsEP1VXj6U.HikSptKps.e.rxrWkluEF9090E39g4hWKbF3xK3Vn.",NULL,"2024-11-08 18:55:47","2024-11-08 18:55:47"
"153","youself","1731131542153@mapeers.com","eMkQqpXMQO-fJM4i-Fj2E4:APA91bFegkN08OcDvINoujZI9CadSO1_xvFqHUJ490AJAQDsFI3k9m_bWQBfrk64o-6p0NurBfMMjgAWjI28t37tzvwG_RZEdVU_xXIG5k1EAcyP1GreI_M",NULL,"None of these","30-34","male",NULL,"$2y$12$P4jZjk3CKIb4BpnbbBgLqOOzUq/K2g2mLVIpOsrXZal0AxsbK2DfC",NULL,"2024-11-09 05:52:22","2024-11-09 05:52:22"
"154","vic","1731184178154@mapeers.com",NULL,NULL,"None of these","25-39","female",NULL,"$2y$12$3M5KZM0KPoINsi7utuWZGuFnCb4fHxMdVxq4fjOOYH5sL1nbHR9mS",NULL,"2024-11-09 20:29:38","2024-11-09 20:29:38"
"155","ISSZY","1731317314155@mapeers.com",NULL,NULL,"Sex worker","25-29","male",NULL,"$2y$12$1Z5XjHs4gIWXRYlR3ZpjAOzfEK7VExm8dagF/5Dulu2uzyO9InSA2",NULL,"2024-11-11 09:28:34","2024-11-11 09:28:34"
"156","Charity Bright","1731320625156@mapeers.com",NULL,NULL,"Sex worker","25-39","female",NULL,"$2y$12$vjNItszNlFF1YPRKMVVASuwK5szPcTxEj/46JOC9P6mZ.CIKPuK.m",NULL,"2024-11-11 10:23:45","2024-11-11 10:23:45"
"157","Tope","1731320758157@mapeers.com",NULL,NULL,"LBQ woman","18-24","female",NULL,"$2y$12$lMvZYRoZ1Ok2Hlgq6A4sp.RuHqF2UVR2i1Kex8Vo02xo9wb5uknmu",NULL,"2024-11-11 10:25:58","2024-11-11 10:25:58"
"158","Glossy🥰","1731321647158@mapeers.com",NULL,NULL,"None of these","25-29","other",NULL,"$2y$12$aDLISn2/LOvQiLvT3cpWxesC282owFndMij6nPsHqPOCWFZMp9JNe",NULL,"2024-11-11 10:40:47","2024-11-11 10:40:47"
"159","Ruhu","1731328878159@mapeers.com",NULL,NULL,"None of these","25-29","male",NULL,"$2y$12$TGABGNZ6Drw2hGYVO5QqheiJXFXPZaTe9cqfeC9heQCJ//fYD4PZm",NULL,"2024-11-11 12:41:18","2024-11-11 12:41:18"
"160","Ruhu","1731328883160@mapeers.com",NULL,NULL,"None of these","25-29","male",NULL,"$2y$12$PcWs/PQJwkJczGZsu3d/suiw.LVXNann4vPpId1qqOpcjB1w4HHc2",NULL,"2024-11-11 12:41:23","2024-11-11 12:41:23"
"161","Jack Richie","1731328972161@mapeers.com",NULL,NULL,"I am hurt","18-20","male",NULL,"$2y$12$CO.k3ZM.TI.zLzpx3Q/PF.rnExvuYFNr3qy63ibkaMpH47XZ0BQom",NULL,"2024-11-11 12:42:52","2024-11-11 12:42:52"
"162","Jack Richie","1731329254162@mapeers.com",NULL,NULL,"I am hurt","18-20","male",NULL,"$2y$12$87tB7qumBB1P44FGsTm.QeiC0EIjABD.ajclGr0MVcXi68uz0mca6",NULL,"2024-11-11 12:47:35","2024-11-11 12:47:35"
"163","Ruhu","1731329265163@mapeers.com",NULL,NULL,"None of these","25-29","male",NULL,"$2y$12$mH9SIZIeFOVMHCd/qe0BBOTYOwk0s2QT9A2W4pPaPKxe.Ca2Vwgyy",NULL,"2024-11-11 12:47:45","2024-11-11 12:47:45"
"164","Ruhu","1731329274164@mapeers.com",NULL,NULL,"None of these","25-29","male",NULL,"$2y$12$ID4SwCVDqukuQqLnK4hZKeLiRtHymf72HS6km2hhPTaFwtyIfv9JG",NULL,"2024-11-11 12:47:54","2024-11-11 12:47:54"
"165","KDO","1731330813165@mapeers.com","dDJ5x_q8TfCuHy09yUQWhU:APA91bGi36-V-k9m9t1xe6-K0WqluHDDP358eLf7UvrE4cBGV6kPd--sPx1GxTxF51yy-CAukZF62Ih72L3Sk-d9_wjDSIzmVG55EE--cKclzTmVzro7jWY",NULL,"Sex worker, Person using/injecting drugs, LBQ woman","18-24","male",NULL,"$2y$12$tSOZ/KVlASg7SQqv1yPI2OEHVCl0MSDTPXoejxE5ZIVUqe/.y2sy6",NULL,"2024-11-11 13:13:33","2024-11-11 13:13:33"
"166","KDO","1731330869166@mapeers.com","dDJ5x_q8TfCuHy09yUQWhU:APA91bGi36-V-k9m9t1xe6-K0WqluHDDP358eLf7UvrE4cBGV6kPd--sPx1GxTxF51yy-CAukZF62Ih72L3Sk-d9_wjDSIzmVG55EE--cKclzTmVzro7jWY",NULL,"Sex worker, Person using/injecting drugs, LBQ woman","18-24","male",NULL,"$2y$12$6qTgYX2w3aqtEuhzOuAPmeiohp85tJ8fmC8HenODe8ZB761Js500S",NULL,"2024-11-11 13:14:29","2024-11-11 13:14:29"
"167","KDO","1731330923167@mapeers.com","dDJ5x_q8TfCuHy09yUQWhU:APA91bGi36-V-k9m9t1xe6-K0WqluHDDP358eLf7UvrE4cBGV6kPd--sPx1GxTxF51yy-CAukZF62Ih72L3Sk-d9_wjDSIzmVG55EE--cKclzTmVzro7jWY",NULL,"Sex worker, Person using/injecting drugs, LBQ woman","18-24","male",NULL,"$2y$12$hO5qwec5OyuSNPAkofsqO.SMKzZq03p5EHKQGHB48Sxl960tCl1i.",NULL,"2024-11-11 13:15:23","2024-11-11 13:15:23"
"168","KDO","1731330964168@mapeers.com","dDJ5x_q8TfCuHy09yUQWhU:APA91bGi36-V-k9m9t1xe6-K0WqluHDDP358eLf7UvrE4cBGV6kPd--sPx1GxTxF51yy-CAukZF62Ih72L3Sk-d9_wjDSIzmVG55EE--cKclzTmVzro7jWY",NULL,"Sex worker, Person using/injecting drugs, LBQ woman","18-24","male",NULL,"$2y$12$EytI7dd1rUtgpO/rmWZIm..6xNVp67FpdDbVAHoYoMWzkARCLDxpu",NULL,"2024-11-11 13:16:04","2024-11-11 13:16:04"
"169","KDO","1731331019169@mapeers.com","dDJ5x_q8TfCuHy09yUQWhU:APA91bGi36-V-k9m9t1xe6-K0WqluHDDP358eLf7UvrE4cBGV6kPd--sPx1GxTxF51yy-CAukZF62Ih72L3Sk-d9_wjDSIzmVG55EE--cKclzTmVzro7jWY",NULL,"Sex worker, Person using/injecting drugs, LBQ woman","18-24","male",NULL,"$2y$12$tgfXv4cpsIDxQW/K.5TNn.n.oD5tgr253brBubQko4p9ZpXkhsTGK",NULL,"2024-11-11 13:17:00","2024-11-11 13:17:00"
"171","Ruhu","1731331489170@mapeers.com",NULL,NULL,"None of these","25-29","male",NULL,"$2y$12$w4vfn./skzpEzB.sbnTKyejT45K3pEu/rTIhxXXhjYk.MyUtQHp82",NULL,"2024-11-11 13:24:50","2024-11-11 13:24:50"
"172","Ruhu","1731331512171@mapeers.com",NULL,NULL,"None of these","25-29","male",NULL,"$2y$12$6QBRVT8OkKGN5gS5D2Nzgule7EkMslOd5prdJtZ4ydDLhO9jozodS",NULL,"2024-11-11 13:25:12","2024-11-11 13:25:12"
"173","name","1731331541172@mapeers.com","frL16xTbRCuB0JTxt2gNeP:APA91bH0-7POkcs2WZyf8q70bIpSzB3czjpoRn0qBYEwa_yEWAh1rikp-fAVyHZVznFI8dFB0Z7Jci923265mMPSOeTPOAdx8w3zf02AZkJ-BObKDMidNYI",NULL,"None of these","25-29","female",NULL,"$2y$12$1P3VyPifpiNsHWfrb9nUHerM13wJKX2qja7U6iCF8w/08a95KVRYS",NULL,"2024-11-11 13:25:41","2024-11-11 13:25:41"
"174","name","1731331960173@mapeers.com","frL16xTbRCuB0JTxt2gNeP:APA91bH0-7POkcs2WZyf8q70bIpSzB3czjpoRn0qBYEwa_yEWAh1rikp-fAVyHZVznFI8dFB0Z7Jci923265mMPSOeTPOAdx8w3zf02AZkJ-BObKDMidNYI",NULL,"None of these","25-29","female",NULL,"$2y$12$FNgy.EupHP.QwkazBHHWjegdvUJuBBUhxemFjqdlEPWarqrbSDN.q",NULL,"2024-11-11 13:32:40","2024-11-11 13:32:40"
"175","name","1731332064174@mapeers.com","frL16xTbRCuB0JTxt2gNeP:APA91bH0-7POkcs2WZyf8q70bIpSzB3czjpoRn0qBYEwa_yEWAh1rikp-fAVyHZVznFI8dFB0Z7Jci923265mMPSOeTPOAdx8w3zf02AZkJ-BObKDMidNYI",NULL,"None of these","25-29","female",NULL,"$2y$12$WVyhPFz/A55a2JgHcnrtO.4Evk76EFVBGwqwKDTXU7xHYIqi1veP6",NULL,"2024-11-11 13:34:24","2024-11-11 13:34:24"
"176","name","1731332071175@mapeers.com","frL16xTbRCuB0JTxt2gNeP:APA91bH0-7POkcs2WZyf8q70bIpSzB3czjpoRn0qBYEwa_yEWAh1rikp-fAVyHZVznFI8dFB0Z7Jci923265mMPSOeTPOAdx8w3zf02AZkJ-BObKDMidNYI",NULL,"None of these","25-29","female",NULL,"$2y$12$jRQRBDa7KgiMr6iic0dJ7ePu4pBTJGGoAk430PJBbmL6ay.dq/Nwm",NULL,"2024-11-11 13:34:31","2024-11-11 13:34:31"
"177","name","1731332259176@mapeers.com","frL16xTbRCuB0JTxt2gNeP:APA91bH0-7POkcs2WZyf8q70bIpSzB3czjpoRn0qBYEwa_yEWAh1rikp-fAVyHZVznFI8dFB0Z7Jci923265mMPSOeTPOAdx8w3zf02AZkJ-BObKDMidNYI",NULL,"None of these","25-29","female",NULL,"$2y$12$0uRPFmuCuQq1IibgGeOrQ.n9AAUgwRkAWCpxSOGVe61FDEO0/jvrK",NULL,"2024-11-11 13:37:40","2024-11-11 13:37:40"
"178","name","1731332310177@mapeers.com","frL16xTbRCuB0JTxt2gNeP:APA91bH0-7POkcs2WZyf8q70bIpSzB3czjpoRn0qBYEwa_yEWAh1rikp-fAVyHZVznFI8dFB0Z7Jci923265mMPSOeTPOAdx8w3zf02AZkJ-BObKDMidNYI",NULL,"None of these","25-29","female",NULL,"$2y$12$UYhIxm3j8iBa/vAS63GJoep02nPhoJX5G.55.kQHAnQLojn5EmYeq",NULL,"2024-11-11 13:38:30","2024-11-11 13:38:30"
"179","name","1731332566178@mapeers.com","frL16xTbRCuB0JTxt2gNeP:APA91bH0-7POkcs2WZyf8q70bIpSzB3czjpoRn0qBYEwa_yEWAh1rikp-fAVyHZVznFI8dFB0Z7Jci923265mMPSOeTPOAdx8w3zf02AZkJ-BObKDMidNYI",NULL,"None of these","25-29","female",NULL,"$2y$12$3PAkyVXwK6/fVc91rJo4fexDxmaVWJ5BYMLvjZ472thGzSY5lLGqK",NULL,"2024-11-11 13:42:46","2024-11-11 13:42:46"
"180","name","1731332614179@mapeers.com","frL16xTbRCuB0JTxt2gNeP:APA91bH0-7POkcs2WZyf8q70bIpSzB3czjpoRn0qBYEwa_yEWAh1rikp-fAVyHZVznFI8dFB0Z7Jci923265mMPSOeTPOAdx8w3zf02AZkJ-BObKDMidNYI",NULL,"None of these","25-29","female",NULL,"$2y$12$gGJ/qC6P0Cwr7x90fwJOH.XdIIrNfOVqk1IJu6AkG3hydHOHIkAIG",NULL,"2024-11-11 13:43:34","2024-11-11 13:43:34"
"181","joemexy","1731332693180@mapeers.com",NULL,NULL,"None of these","18-24","trans",NULL,"$2y$12$84QrXmdYwndjU2u2ceQijOZkLARU6j3cUurOnKSjK3aCFaSeu/Waq",NULL,"2024-11-11 13:44:54","2024-11-11 13:44:54"
"182","joemexy","1731332697181@mapeers.com",NULL,NULL,"None of these","18-24","trans",NULL,"$2y$12$HQ7x5g.0wBlOm4eK4ZJsE.TZx0OuSSiQSQub6BOJR69iSC0bfmIUm",NULL,"2024-11-11 13:44:57","2024-11-11 13:44:57"
"183","joemexy","1731332700182@mapeers.com",NULL,NULL,"None of these","18-24","trans",NULL,"$2y$12$d37nwAx51cuUcCpBek2XzeSYK7AJDPiPP0E9S7Oqobc6YuoU4gA8S",NULL,"2024-11-11 13:45:00","2024-11-11 13:45:00"
"184","joemexy","1731332705183@mapeers.com",NULL,NULL,"None of these","18-24","trans",NULL,"$2y$12$RXFINz2o6Y.cfGPlNM5zN.4Hbpkt8/9bwkoZ8yjMTJt734WEHaVpK",NULL,"2024-11-11 13:45:06","2024-11-11 13:45:06"
"185","joemexy","1731332711184@mapeers.com",NULL,NULL,"None of these","18-24","trans",NULL,"$2y$12$yBn1pIb8zmfB0RXASZnSre3KOYZZ1COyROc1lfOjeZKY7JMENLFYS",NULL,"2024-11-11 13:45:11","2024-11-11 13:45:11"
"186","joemexy","1731332713185@mapeers.com",NULL,NULL,"None of these","18-24","trans",NULL,"$2y$12$TM7JCspt4PYOTwHnrpSP4eO2dH7x50IAkJEShrIsNtALR9nmGErXK",NULL,"2024-11-11 13:45:14","2024-11-11 13:45:14"
"187","joemexy","1731332786186@mapeers.com","eFHpOHNwSxWFqlyyCxduQa:APA91bEwjrooPGkor3wPV61kBJ_TBVqgrO97EQx1H28N6vjdu3txnBnMPHCnqqNKHoitQ0rCwduZMe0yLWP4z7B329d_u235Jb8TWny8X5X-6zCBUQ3WCzE",NULL,"LBQ woman","18-24","trans",NULL,"$2y$12$79WaHI2HgS72rKuhLt8qN.HNf5SdQsIvTQogE.HGEhXH3t0BTMRMS",NULL,"2024-11-11 13:46:26","2024-11-11 13:46:26"
"188","joemexy","1731332802187@mapeers.com","eFHpOHNwSxWFqlyyCxduQa:APA91bEwjrooPGkor3wPV61kBJ_TBVqgrO97EQx1H28N6vjdu3txnBnMPHCnqqNKHoitQ0rCwduZMe0yLWP4z7B329d_u235Jb8TWny8X5X-6zCBUQ3WCzE",NULL,"LBQ woman","18-24","trans",NULL,"$2y$12$iEpujWbViDZxY.jIThbWougB1gGVy9dmfzbfi2UA2wnEDifXzf.lS",NULL,"2024-11-11 13:46:42","2024-11-11 13:46:42"
"189","joemexy","1731332808188@mapeers.com","eFHpOHNwSxWFqlyyCxduQa:APA91bEwjrooPGkor3wPV61kBJ_TBVqgrO97EQx1H28N6vjdu3txnBnMPHCnqqNKHoitQ0rCwduZMe0yLWP4z7B329d_u235Jb8TWny8X5X-6zCBUQ3WCzE",NULL,"LBQ woman","18-24","trans",NULL,"$2y$12$N1oToc.z9EdO0RWXQYGhG.nnDO2btbybZcpVL951/aH0VSXnev3T2",NULL,"2024-11-11 13:46:48","2024-11-11 13:46:48"
"190","joemexy","1731332811189@mapeers.com","eFHpOHNwSxWFqlyyCxduQa:APA91bEwjrooPGkor3wPV61kBJ_TBVqgrO97EQx1H28N6vjdu3txnBnMPHCnqqNKHoitQ0rCwduZMe0yLWP4z7B329d_u235Jb8TWny8X5X-6zCBUQ3WCzE",NULL,"LBQ woman","18-24","trans",NULL,"$2y$12$8vZpjdo4CK6xerT8YqURbO1OyZoQ5SiiEJOGcqajb4XgtSR1GOCge",NULL,"2024-11-11 13:46:52","2024-11-11 13:46:52"
"191","joemexy","1731332817190@mapeers.com","eFHpOHNwSxWFqlyyCxduQa:APA91bEwjrooPGkor3wPV61kBJ_TBVqgrO97EQx1H28N6vjdu3txnBnMPHCnqqNKHoitQ0rCwduZMe0yLWP4z7B329d_u235Jb8TWny8X5X-6zCBUQ3WCzE",NULL,"LBQ woman","18-24","trans",NULL,"$2y$12$s11aJ0wfZYI1jYlOcrrFpun1odEmtU9qT9cyVw59PVfGkStAc2EKK",NULL,"2024-11-11 13:46:57","2024-11-11 13:46:57"
"192","name","1731332837191@mapeers.com","frL16xTbRCuB0JTxt2gNeP:APA91bH0-7POkcs2WZyf8q70bIpSzB3czjpoRn0qBYEwa_yEWAh1rikp-fAVyHZVznFI8dFB0Z7Jci923265mMPSOeTPOAdx8w3zf02AZkJ-BObKDMidNYI",NULL,"None of these","25-29","female",NULL,"$2y$12$9D84/DPJg4zlkkamLTnaI.tNk/aZcAUNhMYPDeb9TNSmXjOEEF2OK",NULL,"2024-11-11 13:47:17","2024-11-11 13:47:17"
"193","joemexy","1731332853192@mapeers.com","eFHpOHNwSxWFqlyyCxduQa:APA91bEwjrooPGkor3wPV61kBJ_TBVqgrO97EQx1H28N6vjdu3txnBnMPHCnqqNKHoitQ0rCwduZMe0yLWP4z7B329d_u235Jb8TWny8X5X-6zCBUQ3WCzE",NULL,"LBQ woman","18-24","trans",NULL,"$2y$12$iyPG7iDQAO5HoWCrvJBVYO9EaQFcvaAk8MHP5.PPUaUxX.2faPV6e",NULL,"2024-11-11 13:47:33","2024-11-11 13:47:33"
"194","joemexy","1731332872193@mapeers.com","eFHpOHNwSxWFqlyyCxduQa:APA91bEwjrooPGkor3wPV61kBJ_TBVqgrO97EQx1H28N6vjdu3txnBnMPHCnqqNKHoitQ0rCwduZMe0yLWP4z7B329d_u235Jb8TWny8X5X-6zCBUQ3WCzE",NULL,"LBQ woman","18-24","trans",NULL,"$2y$12$Y9wKzS7m3.JTvDFRKLtF2eaMRlhgm685CUK8PSTfnsA5lZpAo7CLm",NULL,"2024-11-11 13:47:52","2024-11-11 13:47:52"
"195","joemexy","1731332875194@mapeers.com","eFHpOHNwSxWFqlyyCxduQa:APA91bEwjrooPGkor3wPV61kBJ_TBVqgrO97EQx1H28N6vjdu3txnBnMPHCnqqNKHoitQ0rCwduZMe0yLWP4z7B329d_u235Jb8TWny8X5X-6zCBUQ3WCzE",NULL,"LBQ woman","18-24","trans",NULL,"$2y$12$AoWvpSzNdKh4R4nSRmDmGeHh2Dl5CVJ/zlpwaEWEg3mKbEZUDf93u",NULL,"2024-11-11 13:47:55","2024-11-11 13:47:55"
"196","joemexy","1731332962195@mapeers.com","eFHpOHNwSxWFqlyyCxduQa:APA91bEwjrooPGkor3wPV61kBJ_TBVqgrO97EQx1H28N6vjdu3txnBnMPHCnqqNKHoitQ0rCwduZMe0yLWP4z7B329d_u235Jb8TWny8X5X-6zCBUQ3WCzE",NULL,"LBQ woman","18-24","trans",NULL,"$2y$12$s3GpMkksRf0ou1gZKN4V/.0MErqoNY6sHHltaI/.01.i0VOUJOnBG",NULL,"2024-11-11 13:49:22","2024-11-11 13:49:22"
"197","joejoe","1731334181196@mapeers.com","eFHpOHNwSxWFqlyyCxduQa:APA91bEwjrooPGkor3wPV61kBJ_TBVqgrO97EQx1H28N6vjdu3txnBnMPHCnqqNKHoitQ0rCwduZMe0yLWP4z7B329d_u235Jb8TWny8X5X-6zCBUQ3WCzE",NULL,"LBQ woman","18-24","male",NULL,"$2y$12$3s31wMb1wf//j27WU67k4OPMKxavMrQkMHhCtoOd/4vMTRRtZH1/C",NULL,"2024-11-11 14:09:41","2024-11-11 14:09:41"
"198","joejoe","1731334194197@mapeers.com","eFHpOHNwSxWFqlyyCxduQa:APA91bEwjrooPGkor3wPV61kBJ_TBVqgrO97EQx1H28N6vjdu3txnBnMPHCnqqNKHoitQ0rCwduZMe0yLWP4z7B329d_u235Jb8TWny8X5X-6zCBUQ3WCzE",NULL,"LBQ woman","18-24","male",NULL,"$2y$12$K0oOQT6u37/CHo4gRRC6g.ji/OfzsmGPjYEiqIh37Krv8PvJ2/Ele",NULL,"2024-11-11 14:09:54","2024-11-11 14:09:54"
"199","joejoe","1731334209198@mapeers.com","eFHpOHNwSxWFqlyyCxduQa:APA91bEwjrooPGkor3wPV61kBJ_TBVqgrO97EQx1H28N6vjdu3txnBnMPHCnqqNKHoitQ0rCwduZMe0yLWP4z7B329d_u235Jb8TWny8X5X-6zCBUQ3WCzE",NULL,"LBQ woman","18-24","male",NULL,"$2y$12$.fDeCJIbIQJBiW4qDTlrieJ4DduBMyCAsaKqH9lV8cC/ZLZo8uCr2",NULL,"2024-11-11 14:10:09","2024-11-11 14:10:09"
"200","hilla","1731339777199@mapeers.com",NULL,"2024-11-11 16:42:54","Sex worker","25-39","unknown",NULL,"$2y$12$ciaNc29wIH2DI/9hz66PYeuNdsSdG7WchnVve2/QTOy4urW.DRbo2",NULL,"2024-11-11 15:42:57","2024-11-11 16:42:54"
"201","ISSZY","1731353694200@mapeers.com",NULL,NULL,"Sex worker","25-29","male",NULL,"$2y$12$yknszM2yd4dorTzRYxuYdO.IQGxwc8vBFv2A730.ISuxtsu7T4uu.",NULL,"2024-11-11 19:34:55","2024-11-11 19:34:55"
"202","Joejoe","1731359005201@mapeers.com","eFHpOHNwSxWFqlyyCxduQa:APA91bEwjrooPGkor3wPV61kBJ_TBVqgrO97EQx1H28N6vjdu3txnBnMPHCnqqNKHoitQ0rCwduZMe0yLWP4z7B329d_u235Jb8TWny8X5X-6zCBUQ3WCzE",NULL,"LBQ woman","18-24","male",NULL,"$2y$12$S1jYoGz0qc7xngqTmFALLeac2JE.4x5Z6TkYIg58keWS2HtWLWQtO",NULL,"2024-11-11 21:03:26","2024-11-11 21:03:26"
"203","kizito","1731392264202@mapeers.com",NULL,NULL,"GBMSM","18-24","male",NULL,"$2y$12$cIvbFW9/LSSu2PsuFS7rkOQ42alkZgsP1Ab6l7A2.L/y.BbY9FCpG",NULL,"2024-11-12 06:17:44","2024-11-12 06:17:44"
"204","sexymuna","1731401998203@mapeers.com",NULL,NULL,"Sex worker","25-29","female",NULL,"$2y$12$o4H7zPyn6Fg8VXI6mUb3I.FoQi926VXTfeiutgs4l3fXtOp36jEMe",NULL,"2024-11-12 08:59:59","2024-11-12 08:59:59"
"205","kk","1731492911204@mapeers.com","eZOeAx3KTlCpVhRt9cd2g2:APA91bFSv9YKtOo8888cd8Nq7HSTdhfQULUARMupXi3ZN4d5iwpj-MTa2McPuyIYcFcRhbKwRohNZwyxDZvNN3cU1LyT7BOK9lrmpYgy2-qJMcdTVuGZJ4c",NULL,"Sex worker, Person using/injecting drugs","18-24","male",NULL,"$2y$12$D9VGTX3P/UuFnZ7532SO5OiPjniScR5fBHxNUIxHXlGapTS1oPLfy",NULL,"2024-11-13 10:15:12","2024-11-13 10:15:12"
"206","dube","1731502835205@mapeers.com","d8CN-9-YSieLnQWkvC7A-y:APA91bFrw6w1ACUQK6UoOcc93Tm2Y-0BTmhq1QIcRTAjl8ycdiYkBKPGRMTVTg0rQRMDtnkq6tgO4BOkDeJPTxgr9aMLjSnu7aLELX3nYmxCYQbp7LszHEw",NULL,"LBQ woman","18-24","male",NULL,"$2y$12$NiGNWrPRJAF7hGGtDJLt6O/GxUtZCONU.m7oRACtOF/8Dvn7OZzfO",NULL,"2024-11-13 13:00:35","2024-11-13 13:00:35"
"207","festus","1731512262206@mapeers.com","fvQ4Hi0vRKSN4alpKAdJ7N:APA91bFElPOXyupgAXE2MUT8kE2FCWwdfpVDtzDOD8Fu9hB2CQsydL27Ik4nl38dZELR-AZhWuq6d_gh3t_36LZN0Kkhxe4dN0pi1yaEVPuim6_6CbIq3cM","2024-11-16 15:42:37","None of these","25-39","unknown",NULL,"$2y$12$ql/1npjxVDRh4j/8F8T35.BGY5VLvfTx9PzVNIIQBYODCQhnkURT6",NULL,"2024-11-13 15:37:42","2024-11-16 15:42:37"
"208","dube","1731514485207@mapeers.com","dAMCgPe5SI-Gs7BwUJaLtm:APA91bGmMO6nLh4iujU5qomNt89QYeCJRt5Lilv-mgnQzAkXioHZI71ApA41v1wsLgSEo54Wv6srlnkdheLDxCsKaJSEfzCYDOTIWR4ySCkUIYCeWhT0D5g",NULL,"Person using/injecting drugs","18-24","female",NULL,"$2y$12$8N0lwwGZNiPGJtLyUGFiG.5scE1GidTTBJKOuXj0cVVcswtrVwlS2",NULL,"2024-11-13 16:14:45","2024-11-13 16:14:45"
"209","dube","1731516677208@mapeers.com",NULL,"2024-11-14 08:00:40","Sex worker, Person using/injecting drugs","18-24","male",NULL,"$2y$12$yJIs3deWzVuIoYa0OP4WIOPvSxv0lDMwGaXqu4K3o5RBP0psl/Dhy",NULL,"2024-11-13 16:51:18","2024-11-14 08:00:40"
"210","tt","1731532101209@mapeers.com","e9loal7tR12Jn70Mf0yJge:APA91bGuGaQ5qqZYSlQtM305f3z7pw9_2voBOl-Yh-NLFCYgJneizATPGJXweDRVdZTj5RRo5M0Nvr32mnyEldxMpbWCtvO1O1Lw6MetV__JVJLvytIK65c",NULL,"Sex worker, Person using/injecting drugs","25-29","female",NULL,"$2y$12$ppQTnh.hE00HE5gPoFYURuft6I33HiNEzonk/DTQlul4hJXV6ageO",NULL,"2024-11-13 21:08:21","2024-11-13 21:08:21"
"211","Moremi","1731581754210@mapeers.com",NULL,NULL,"None of these","18-24","unknown",NULL,"$2y$12$gH954ygZE1VOykLmGNoASOXe9snnXrxF/1nrcr1nuz5vkLng9cYWu",NULL,"2024-11-14 10:55:54","2024-11-14 10:55:54"
"212","ISSZY","1731613689211@mapeers.com","ccpZRMSlTTeBqwu0CdvXUK:APA91bEnfrzxrfMakYaPVSD_JVkiqxO3l7m_PxxW8_5i7raHi233o-u3S2FEx48JDPTWEmbksHP-lPJHaNdrqtnjgar9obCaKvAfwpQfc10d39Db-DT9FAA",NULL,"Sex worker","25-29","male",NULL,"$2y$12$VPuYpwUMDs2EXJzxgL/ybu43vhcw2gOCmkthr.K2gDzb05UXCRM6O",NULL,"2024-11-14 19:48:10","2024-11-14 19:48:10"
"213","Mahoney","1731665736212@mapeers.com","fJcqnjCSST6VNANFSn_zyZ:APA91bFuZrkXT6Mnfkw_Ke4xjkROReztabxkPux7gWZZ5eWxtE6lPAvY87xg1z9o-d6ehW5kGakJfv4bYCg56x6x4_YadbVyomO8v7xuqV4yTogtZKzHYLA",NULL,"Sex worker","18-24","female",NULL,"$2y$12$nc5oymmkVzo4.7Lq9AZi.eZ8NqExM9aelHuNYzQ8lXMrmvZQzmeza",NULL,"2024-11-15 10:15:36","2024-11-15 10:15:36"
"214","Mahoney","1731665792213@mapeers.com","fJcqnjCSST6VNANFSn_zyZ:APA91bFuZrkXT6Mnfkw_Ke4xjkROReztabxkPux7gWZZ5eWxtE6lPAvY87xg1z9o-d6ehW5kGakJfv4bYCg56x6x4_YadbVyomO8v7xuqV4yTogtZKzHYLA",NULL,"Sex worker","18-24","female",NULL,"$2y$12$79IFGydZYWukXxgxWNLI1eIxB805cJgjN3JIT9Xz9/QF4uLj.vGEa",NULL,"2024-11-15 10:16:32","2024-11-15 10:16:32"
"215","Mahoney","1731665796214@mapeers.com","fJcqnjCSST6VNANFSn_zyZ:APA91bFuZrkXT6Mnfkw_Ke4xjkROReztabxkPux7gWZZ5eWxtE6lPAvY87xg1z9o-d6ehW5kGakJfv4bYCg56x6x4_YadbVyomO8v7xuqV4yTogtZKzHYLA",NULL,"Sex worker","18-24","female",NULL,"$2y$12$Hmbq/hNdVgQQzOaPrFEsOuUKnGTj6GvDyft9FGQmZFc/ffbrd7EtS",NULL,"2024-11-15 10:16:36","2024-11-15 10:16:36"
"216","Mahoney","1731665800215@mapeers.com","fJcqnjCSST6VNANFSn_zyZ:APA91bFuZrkXT6Mnfkw_Ke4xjkROReztabxkPux7gWZZ5eWxtE6lPAvY87xg1z9o-d6ehW5kGakJfv4bYCg56x6x4_YadbVyomO8v7xuqV4yTogtZKzHYLA",NULL,"Sex worker","18-24","female",NULL,"$2y$12$ic2y5F2IXUeEJzWubTDrruOTRZ3VVhqYwLUNIAcSysc5KGXGdeWVC",NULL,"2024-11-15 10:16:41","2024-11-15 10:16:41"
"217","hope","1731665812216@mapeers.com",NULL,NULL,"Sex worker","25-29","female",NULL,"$2y$12$5NcDblsNF3AOdfNj0cKr0uOqspbUpGr/Fat/LspMz/tyAHCCAAojq",NULL,"2024-11-15 10:16:52","2024-11-15 10:16:52"
"218","Mahoney","1731665813217@mapeers.com","fJcqnjCSST6VNANFSn_zyZ:APA91bFuZrkXT6Mnfkw_Ke4xjkROReztabxkPux7gWZZ5eWxtE6lPAvY87xg1z9o-d6ehW5kGakJfv4bYCg56x6x4_YadbVyomO8v7xuqV4yTogtZKzHYLA",NULL,"Sex worker","18-24","female",NULL,"$2y$12$tV5OOAcuERYX6K3Hl4Vwg.dgqssLzW2xQVZSSqMpK/V09ZNVbsSw.",NULL,"2024-11-15 10:16:53","2024-11-15 10:16:53"
"219","hope","1731665829218@mapeers.com",NULL,NULL,"Sex worker","25-29","female",NULL,"$2y$12$h0kcFP.kGCotJW7IyluNsOFkJOwlsvGYGNgk2Wz694eZkBGTE0Gri",NULL,"2024-11-15 10:17:09","2024-11-15 10:17:09"
"220","hope","1731665848219@mapeers.com",NULL,NULL,"Sex worker","25-29","female",NULL,"$2y$12$5W09RgHpnoOTtngj2owGF.SP1.PBwF06MpPcNjVzvG2rWwixnXmZ6",NULL,"2024-11-15 10:17:28","2024-11-15 10:17:28"
"221","hope","1731665862220@mapeers.com",NULL,NULL,"Sex worker","25-29","female",NULL,"$2y$12$9DdaeaV25rdwEjyWP4KKB.8A/wWBhxBgjUguqBVGb0fR3lZN1RO0a",NULL,"2024-11-15 10:17:42","2024-11-15 10:17:42"
"222","Mahoney","1731665863221@mapeers.com","fJcqnjCSST6VNANFSn_zyZ:APA91bFuZrkXT6Mnfkw_Ke4xjkROReztabxkPux7gWZZ5eWxtE6lPAvY87xg1z9o-d6ehW5kGakJfv4bYCg56x6x4_YadbVyomO8v7xuqV4yTogtZKzHYLA",NULL,"Sex worker","18-24","female",NULL,"$2y$12$IJ6DBkm/8fO1hmVJnhuRxurFXbQfEsE2hMB2AljVHFbUIE2BbOrwC",NULL,"2024-11-15 10:17:43","2024-11-15 10:17:43"
"223","Mahoney","1731665869222@mapeers.com","fJcqnjCSST6VNANFSn_zyZ:APA91bFuZrkXT6Mnfkw_Ke4xjkROReztabxkPux7gWZZ5eWxtE6lPAvY87xg1z9o-d6ehW5kGakJfv4bYCg56x6x4_YadbVyomO8v7xuqV4yTogtZKzHYLA",NULL,"Sex worker","18-24","female",NULL,"$2y$12$It9QNTU0dmooSnVsi25Za.8SZQzNE.EwonRvYK4zoTzk2M24OQ3MW",NULL,"2024-11-15 10:17:50","2024-11-15 10:17:50"
"224","Mahoney","1731665874223@mapeers.com","fJcqnjCSST6VNANFSn_zyZ:APA91bFuZrkXT6Mnfkw_Ke4xjkROReztabxkPux7gWZZ5eWxtE6lPAvY87xg1z9o-d6ehW5kGakJfv4bYCg56x6x4_YadbVyomO8v7xuqV4yTogtZKzHYLA",NULL,"Sex worker","18-24","female",NULL,"$2y$12$xIQ.hgvq5IR32kObFKQt5OioH2y.pxhAloQ9zyP8swVsAfKklukjS",NULL,"2024-11-15 10:17:54","2024-11-15 10:17:54"
"225","hope","1731665876224@mapeers.com",NULL,NULL,"Sex worker","25-29","female",NULL,"$2y$12$/fbnyk3ENxFB6Hb7Qd1GIeffQyVV/mBkOChdggMJT1BaIbNqgpQd.",NULL,"2024-11-15 10:17:56","2024-11-15 10:17:56"
"226","Mahoney","1731665881225@mapeers.com","fJcqnjCSST6VNANFSn_zyZ:APA91bFuZrkXT6Mnfkw_Ke4xjkROReztabxkPux7gWZZ5eWxtE6lPAvY87xg1z9o-d6ehW5kGakJfv4bYCg56x6x4_YadbVyomO8v7xuqV4yTogtZKzHYLA",NULL,"Sex worker","18-24","female",NULL,"$2y$12$BeQ74VSHvVT0D/E9CbpeQuklCMPWibrxaqYH2b4TmGK2Ihlc.2z/u",NULL,"2024-11-15 10:18:01","2024-11-15 10:18:01"
"227","hope","1731665889226@mapeers.com",NULL,NULL,"Sex worker","25-29","female",NULL,"$2y$12$.8ILqfduIWZhBoRccUy0nOEcaXxOilmCiONrbpolhjn5A/6/.PV9S",NULL,"2024-11-15 10:18:10","2024-11-15 10:18:10"
"228","Mahoney","1731665891227@mapeers.com","fJcqnjCSST6VNANFSn_zyZ:APA91bFuZrkXT6Mnfkw_Ke4xjkROReztabxkPux7gWZZ5eWxtE6lPAvY87xg1z9o-d6ehW5kGakJfv4bYCg56x6x4_YadbVyomO8v7xuqV4yTogtZKzHYLA",NULL,"Sex worker","18-24","female",NULL,"$2y$12$K4QKoSks72ATH61qYcKWOOqRmjVgVetoVTCeYEpOzU1hNfTF4zV.G",NULL,"2024-11-15 10:18:11","2024-11-15 10:18:11"
"229","Mahoney","1731665910228@mapeers.com","fJcqnjCSST6VNANFSn_zyZ:APA91bFuZrkXT6Mnfkw_Ke4xjkROReztabxkPux7gWZZ5eWxtE6lPAvY87xg1z9o-d6ehW5kGakJfv4bYCg56x6x4_YadbVyomO8v7xuqV4yTogtZKzHYLA",NULL,"Sex worker","18-24","female",NULL,"$2y$12$UaMDzytxgP1GUV/qRCIlYeRu640XgwbK3jsi6Z4UZAKkfw4b/Rbpq",NULL,"2024-11-15 10:18:30","2024-11-15 10:18:30"
"230","Mahoney","1731665918229@mapeers.com","fJcqnjCSST6VNANFSn_zyZ:APA91bFuZrkXT6Mnfkw_Ke4xjkROReztabxkPux7gWZZ5eWxtE6lPAvY87xg1z9o-d6ehW5kGakJfv4bYCg56x6x4_YadbVyomO8v7xuqV4yTogtZKzHYLA",NULL,"Sex worker","18-24","female",NULL,"$2y$12$KyRPON.a.F.hZrlMSvJX4e72Ro8NpJrSWzGKgKvSxF5W2TfANXwv6",NULL,"2024-11-15 10:18:38","2024-11-15 10:18:38"
"231","hope","1731665930230@mapeers.com",NULL,NULL,"Sex worker","25-29","female",NULL,"$2y$12$jGQlz/7EeSCgarUfclDT3O6HdgyDlRTT4NHXRJGgaJkgEM/qz1PZu",NULL,"2024-11-15 10:18:51","2024-11-15 10:18:51"
"233","Mahoney","1731665936231@mapeers.com","fJcqnjCSST6VNANFSn_zyZ:APA91bFuZrkXT6Mnfkw_Ke4xjkROReztabxkPux7gWZZ5eWxtE6lPAvY87xg1z9o-d6ehW5kGakJfv4bYCg56x6x4_YadbVyomO8v7xuqV4yTogtZKzHYLA",NULL,"Sex worker","18-24","female",NULL,"$2y$12$mN7OnQpWKVciAoongMnu6.hrIC13q7iZwYV0J/Pi.p5zPI8xb2nHC",NULL,"2024-11-15 10:18:56","2024-11-15 10:18:56"
"234","hope","1731665943232@mapeers.com",NULL,NULL,"Sex worker","25-29","female",NULL,"$2y$12$TYVT92jcK7Y/57cFyEyjFuDfbPXF1Tb3C.rOw/jiIVaBvOPki4N1i",NULL,"2024-11-15 10:19:03","2024-11-15 10:19:03"
"235","Mahoney","1731665944233@mapeers.com","fJcqnjCSST6VNANFSn_zyZ:APA91bFuZrkXT6Mnfkw_Ke4xjkROReztabxkPux7gWZZ5eWxtE6lPAvY87xg1z9o-d6ehW5kGakJfv4bYCg56x6x4_YadbVyomO8v7xuqV4yTogtZKzHYLA",NULL,"Sex worker","18-24","female",NULL,"$2y$12$TXRCEVMFhJlsz8938/htGus/Wg2Xb8Z4YtNoasjsIolHwhbk9Bmgu",NULL,"2024-11-15 10:19:04","2024-11-15 10:19:04"
"236","hope","1731665962234@mapeers.com",NULL,NULL,"Sex worker","25-29","female",NULL,"$2y$12$RTTfvAIjJQHeTYcN1bXuJO/8tWURhJ4YXCgf9W3GQKIA12HqBOIYa",NULL,"2024-11-15 10:19:22","2024-11-15 10:19:22"
"237","Mahoney","1731665975235@mapeers.com","fJcqnjCSST6VNANFSn_zyZ:APA91bFuZrkXT6Mnfkw_Ke4xjkROReztabxkPux7gWZZ5eWxtE6lPAvY87xg1z9o-d6ehW5kGakJfv4bYCg56x6x4_YadbVyomO8v7xuqV4yTogtZKzHYLA",NULL,"Sex worker","18-24","female",NULL,"$2y$12$jlTONTkyUwLXF56.xAWc8Ohg97gl7.JWodB57uYQdqtXuRQ9rDIoW",NULL,"2024-11-15 10:19:36","2024-11-15 10:19:36"
"238","hope","1731665979236@mapeers.com",NULL,NULL,"Sex worker","25-29","female",NULL,"$2y$12$uIzQHwmwWdCYxPY4LTsB2OuYZbGf9xPNOpeEApPPH6mszwGP5eoBW",NULL,"2024-11-15 10:19:39","2024-11-15 10:19:39"
"239","hope","1731665991237@mapeers.com",NULL,NULL,"Sex worker","25-29","female",NULL,"$2y$12$qT7cEdjq3HLMy0dj9tB1d.KsALUfW4WHYyJJzn9SeP7fImrracTCu",NULL,"2024-11-15 10:19:51","2024-11-15 10:19:51"
"240","hope","1731666010238@mapeers.com",NULL,NULL,"Sex worker","25-29","female",NULL,"$2y$12$wmEv.q1tZkcpJAhekvvBfOU8bOAKaPbjqatO8RUi81QQDpWjLb5pe",NULL,"2024-11-15 10:20:10","2024-11-15 10:20:10"
"241","chioma","1731666056239@mapeers.com",NULL,NULL,"None of these","25-29","female",NULL,"$2y$12$z.JxDke0TzpsJcy540/RKOEwddphmv72gnccsr/duX3ITFSmE2Yl2",NULL,"2024-11-15 10:20:56","2024-11-15 10:20:56"
"242","chioma","1731666068240@mapeers.com",NULL,NULL,"None of these","25-29","female",NULL,"$2y$12$R358ueox3R6noUpYyvAWLOd8AI/mF4y5D4hyUhAQfhiWwhMcmYr7G",NULL,"2024-11-15 10:21:09","2024-11-15 10:21:09"
"243","Mahoney","1731666073241@mapeers.com","fJcqnjCSST6VNANFSn_zyZ:APA91bFuZrkXT6Mnfkw_Ke4xjkROReztabxkPux7gWZZ5eWxtE6lPAvY87xg1z9o-d6ehW5kGakJfv4bYCg56x6x4_YadbVyomO8v7xuqV4yTogtZKzHYLA",NULL,"Sex worker","18-24","female",NULL,"$2y$12$NPPK25Zo2K8W0JKAzvpZr.qNj9sV1a7Rfra0qjcLscnawslNqTBFy",NULL,"2024-11-15 10:21:14","2024-11-15 10:21:14"
"244","hope","1731666075242@mapeers.com",NULL,NULL,"Sex worker","25-29","female",NULL,"$2y$12$N3HirHIV5.ZoHRprIqFEP.iEtSivIFkB6GdeDPBCMVUvaXNWuBdNi",NULL,"2024-11-15 10:21:16","2024-11-15 10:21:16"
"245","chioma","1731666085243@mapeers.com",NULL,NULL,"None of these","25-29","female",NULL,"$2y$12$eU/pK1JPYGH4M7LYY/91o.216n7O2Qygsukhil3ePYeKY3GukyMWS",NULL,"2024-11-15 10:21:25","2024-11-15 10:21:25"
"246","chioma","1731666100244@mapeers.com",NULL,NULL,"None of these","25-29","female",NULL,"$2y$12$xjgz3QIldfny/9L5ty6biOqjMCS7NTjmsrJ932b19juvsgYcPQU3K",NULL,"2024-11-15 10:21:40","2024-11-15 10:21:40"
"247","hope","1731666104245@mapeers.com",NULL,NULL,"Sex worker","25-29","female",NULL,"$2y$12$y4Rwz/wAIRD0nHp5TfNOx.iKc42ZBl5CR/j1eMvB8bG0Od9wmU1mG",NULL,"2024-11-15 10:21:44","2024-11-15 10:21:44"
"248","Mahoney","1731666105246@mapeers.com","fJcqnjCSST6VNANFSn_zyZ:APA91bFuZrkXT6Mnfkw_Ke4xjkROReztabxkPux7gWZZ5eWxtE6lPAvY87xg1z9o-d6ehW5kGakJfv4bYCg56x6x4_YadbVyomO8v7xuqV4yTogtZKzHYLA",NULL,"Sex worker","18-24","female",NULL,"$2y$12$wijdkmc0Ro8EfUWN3vLVZ.eYq/osh4jHSGn7fvWCLSH2wP1.cYyIy",NULL,"2024-11-15 10:21:46","2024-11-15 10:21:46"
"249","chioma","1731666111247@mapeers.com",NULL,NULL,"None of these","25-29","female",NULL,"$2y$12$SyavuZymI3v6aVUs1AKFCuk3ZCoiAo6RpOIFGIfc7QCOfpK7YbfZO",NULL,"2024-11-15 10:21:52","2024-11-15 10:21:52"
"250","chioma","1731666138248@mapeers.com",NULL,NULL,"None of these","25-29","female",NULL,"$2y$12$70SfWDX3zsROsNdU.JbKBOOGBvDRq6VNPnNNP.We1Gospy6uSlkIS",NULL,"2024-11-15 10:22:18","2024-11-15 10:22:18"
"251","Mahoney","1731666138249@mapeers.com","fJcqnjCSST6VNANFSn_zyZ:APA91bFuZrkXT6Mnfkw_Ke4xjkROReztabxkPux7gWZZ5eWxtE6lPAvY87xg1z9o-d6ehW5kGakJfv4bYCg56x6x4_YadbVyomO8v7xuqV4yTogtZKzHYLA",NULL,"Sex worker","18-24","female",NULL,"$2y$12$bjKw3Z81JM1FS0FsPhRxMexkHFtTKFme/R30m3ef4utw4Iod3m6Di",NULL,"2024-11-15 10:22:19","2024-11-15 10:22:19"
"252","chioma","1731666149250@mapeers.com",NULL,NULL,"None of these","25-29","female",NULL,"$2y$12$rnKE8mjLpqTLMrrQXlxi3ukPm9MfrHHmXy47HulLa1vJcK9XOUMRe",NULL,"2024-11-15 10:22:29","2024-11-15 10:22:29"
"253","chioma","1731666169251@mapeers.com",NULL,NULL,"None of these","25-29","female",NULL,"$2y$12$ZmojITtzWKFz6f3zQsh4suTkp1T/zUp.Qy9h6fVKvjNb1lZawoJ0W",NULL,"2024-11-15 10:22:49","2024-11-15 10:22:49"
"254","hope","1731666182252@mapeers.com",NULL,NULL,"Sex worker","25-29","female",NULL,"$2y$12$5ml2bjlAkrrIYxlWmJwt.evFXLHRrlXZjCerNuENHEY8/es2Kjlsa",NULL,"2024-11-15 10:23:02","2024-11-15 10:23:02"
"255","chioma","1731666192253@mapeers.com",NULL,NULL,"None of these","25-29","female",NULL,"$2y$12$.3tWNL1SM9UyK3hsbFHfC.O8PHJsvfGLug6KaBA8kVftt0EsC7uFa",NULL,"2024-11-15 10:23:12","2024-11-15 10:23:12"
"256","chioma","1731666201254@mapeers.com",NULL,NULL,"None of these","25-29","female",NULL,"$2y$12$iD17shxrTSuUXC4vlNT3xeU.sRkJd21LhSmGR4TQAQbhhEO3mfb6q",NULL,"2024-11-15 10:23:22","2024-11-15 10:23:22"
"257","chioma","1731666222255@mapeers.com",NULL,NULL,"None of these","25-29","female",NULL,"$2y$12$QYY7A8vtrQVALqMC8iyqpusuAaI8dOUAizpYF2CjldwoGYcaCw6UK",NULL,"2024-11-15 10:23:42","2024-11-15 10:23:42"
"258","hope","1731666240256@mapeers.com",NULL,NULL,"Sex worker","25-29","female",NULL,"$2y$12$cxpZTE5AFcn5NSz54vc/xuFZbp8brEXBggvxUcu6K7WWrnAx8J/vq",NULL,"2024-11-15 10:24:00","2024-11-15 10:24:00"
"259","chioma","1731666249257@mapeers.com",NULL,NULL,"None of these","25-29","female",NULL,"$2y$12$W/H.COyB0klzRoPL0BH.Z.mzfkzoBmgR0/LsGw19i4wz7CDRUNaMi",NULL,"2024-11-15 10:24:09","2024-11-15 10:24:09"
"260","hope","1731666250258@mapeers.com",NULL,NULL,"Sex worker","25-29","female",NULL,"$2y$12$OBid4E7dvFkcsFoOMTbEJ.3WsMb4wfwz9BH/kei7fQgZB/CvYQX5C",NULL,"2024-11-15 10:24:10","2024-11-15 10:24:10"
"261","chioma","1731666264259@mapeers.com",NULL,NULL,"None of these","25-29","female",NULL,"$2y$12$PfTOGyysyafGnz7JOEiAzODV9neQ3e.MQro5MTYflo10ggfhyVnm.",NULL,"2024-11-15 10:24:25","2024-11-15 10:24:25"
"262","chioma","1731666273260@mapeers.com",NULL,NULL,"None of these","25-29","female",NULL,"$2y$12$LUgO7ZloJmn3WD8A8Zs80.2Um92x52.eOFK1U23MbNU4EE1j0nKzu",NULL,"2024-11-15 10:24:33","2024-11-15 10:24:33"
"263","Ujunwa","1731666278261@mapeers.com",NULL,NULL,"Sex worker","25-29","female",NULL,"$2y$12$igLcirwG3j4t9zwgzaX7reKy2PdhUDKriuoNWbead761zTu14teM2",NULL,"2024-11-15 10:24:39","2024-11-15 10:24:39"
"264","Ujunwa","1731666290262@mapeers.com",NULL,NULL,"Sex worker","25-29","female",NULL,"$2y$12$8jWfbiuorjL/yUhx2ll10uCtJYnjJ7snT2QnuBIuOM9aReL1B9e4i",NULL,"2024-11-15 10:24:50","2024-11-15 10:24:50"
"265","chioma","1731666296263@mapeers.com",NULL,NULL,"None of these","25-29","female",NULL,"$2y$12$Cvfntr0OHh5e8wozda0E3OFNvkUh2Wx25lT9nFCa2SR6IWFKJsdUu",NULL,"2024-11-15 10:24:57","2024-11-15 10:24:57"
"266","chioma","1731666305264@mapeers.com",NULL,NULL,"None of these","25-29","female",NULL,"$2y$12$.xZvXdxsTCXIKV61u2d1MetS9O7tg/anVYZ.14S21hSxTSncjRdj2",NULL,"2024-11-15 10:25:06","2024-11-15 10:25:06"
"267","Ujunwa","1731666317265@mapeers.com",NULL,NULL,"Sex worker","25-29","female",NULL,"$2y$12$AwnAcobXGxqS0T4i3TpXJORe0/1VuCo6X2obf513iGT7AlR.1ztAu",NULL,"2024-11-15 10:25:18","2024-11-15 10:25:18"
"268","Ujunwa","1731666358266@mapeers.com",NULL,NULL,"Sex worker","25-29","female",NULL,"$2y$12$UxoZxz5cJAQOtKXVLnEvbO/LzyXT6232r1uvelXRxh1mDkwPpjMwe",NULL,"2024-11-15 10:25:59","2024-11-15 10:25:59"
"269","chioma","1731666382267@mapeers.com",NULL,NULL,"None of these","25-29","female",NULL,"$2y$12$Zz/g2BvXBvPYcuO34sTEreDI1BPb4eumqCTv64iElQxpAqgIxkip6",NULL,"2024-11-15 10:26:22","2024-11-15 10:26:22"
"270","chioma","1731666386268@mapeers.com",NULL,NULL,"None of these","25-29","female",NULL,"$2y$12$mS1/rtfpJNLxewR3N82lO.q.KEg4cxKTOtD4khff.uyem/UoGGBmC",NULL,"2024-11-15 10:26:26","2024-11-15 10:26:26"
"271","hope","1731666396269@mapeers.com",NULL,NULL,"Sex worker","25-29","female",NULL,"$2y$12$54QX/vl4iMGarAtLed.oAun404xEZEJerArJLlVblLiBtFw6.2b9S",NULL,"2024-11-15 10:26:36","2024-11-15 10:26:36"
"272","chioma","1731666439270@mapeers.com",NULL,NULL,"None of these","25-29","female",NULL,"$2y$12$A80LrzaUI4xnd8Clo8NO4.9cHXg7jzS7iUw0IeKaBSeU5NJF.JDKW",NULL,"2024-11-15 10:27:19","2024-11-15 10:27:19"
"273","hope","1731666448271@mapeers.com",NULL,NULL,"Sex worker","25-29","female",NULL,"$2y$12$JzFYAvUmPjIvn3K1Df9KZuUmRmyN.yMPMODRZuImbPGid5SbCVA32",NULL,"2024-11-15 10:27:28","2024-11-15 10:27:28"
"274","Baby love","1731666474272@mapeers.com",NULL,NULL,"Sex worker","18-24","female",NULL,"$2y$12$BmiaxQEy87eAYm3AJ4orr.C/P/pPCnoHPfoiWkm5OPg3NRUbmnn..",NULL,"2024-11-15 10:27:54","2024-11-15 10:27:54"
"275","Ujunwa","1731666475273@mapeers.com",NULL,NULL,"Sex worker","25-29","female",NULL,"$2y$12$MRV569Y1.6RbVKlU5lmvtOFC8ylssaWW/ogZN.MpVgb7oml/w/ItC",NULL,"2024-11-15 10:27:55","2024-11-15 10:27:55"
"276","chioma","1731666481274@mapeers.com",NULL,NULL,"None of these","25-29","female",NULL,"$2y$12$6QaRuapJGAghQ6Lqe.KIwOJRe8xMfP0doJQ6M3bxYvzc4mHNvI7Qm",NULL,"2024-11-15 10:28:02","2024-11-15 10:28:02"
"277","Ujunwa","1731666545275@mapeers.com",NULL,NULL,"Sex worker","25-29","female",NULL,"$2y$12$3srw4eKQMmUjC7V3jWXP9.f6P.lvk/rxKF76vxTlBHgiyo/.2hefC",NULL,"2024-11-15 10:29:06","2024-11-15 10:29:06"
"278","Baby love","1731666561276@mapeers.com",NULL,NULL,"Sex worker","18-24","female",NULL,"$2y$12$sg9/A/BDIuqDqFZUZ4mrvOr/fh/NFyrNwD.WWUE9JqmgH8sZ.OMEm",NULL,"2024-11-15 10:29:22","2024-11-15 10:29:22"
"279","Baby love","1731666571277@mapeers.com",NULL,NULL,"Sex worker","18-24","female",NULL,"$2y$12$ZDbtY.Ol6FxiPiQfmG.8FuWm5eWQWSLIaQjYZHQUrsAzVuknQ1koe",NULL,"2024-11-15 10:29:31","2024-11-15 10:29:31"
"280","Ujunwa","1731666585278@mapeers.com",NULL,NULL,"Sex worker","25-29","female",NULL,"$2y$12$.gFula2AFhxMD.vsMo6dpuQ6YWe2dnGOBjRmvUjt/qozQDKQr0FLe",NULL,"2024-11-15 10:29:45","2024-11-15 10:29:45"
"281","Ujunwa","1731666594279@mapeers.com",NULL,NULL,"Sex worker","25-29","female",NULL,"$2y$12$KP2dXkx1ag2GiLVyEHFG0OOUzdEdd6emf5tc0w/IRBAQYDj6KHx1C",NULL,"2024-11-15 10:29:54","2024-11-15 10:29:54"
"282","Ujunwa","1731666830280@mapeers.com",NULL,NULL,"Sex worker","25-29","female",NULL,"$2y$12$JPo24fMA5cCQRYaj6E8MUetHG1xsCBLtcZO86PZ8LL1aOynZZXoAO",NULL,"2024-11-15 10:33:50","2024-11-15 10:33:50"
"283","Mahoney","1731667110281@mapeers.com","fJcqnjCSST6VNANFSn_zyZ:APA91bFuZrkXT6Mnfkw_Ke4xjkROReztabxkPux7gWZZ5eWxtE6lPAvY87xg1z9o-d6ehW5kGakJfv4bYCg56x6x4_YadbVyomO8v7xuqV4yTogtZKzHYLA",NULL,"Person using/injecting drugs","18-24","female",NULL,"$2y$12$FjCsnAwKtI1PhDU/gG9xUeb5t/Ad0oGDe/vmZkiNbqzp2qNuVBLaS",NULL,"2024-11-15 10:38:31","2024-11-15 10:38:31"
"284","Mahoney","1731667113282@mapeers.com","fJcqnjCSST6VNANFSn_zyZ:APA91bFuZrkXT6Mnfkw_Ke4xjkROReztabxkPux7gWZZ5eWxtE6lPAvY87xg1z9o-d6ehW5kGakJfv4bYCg56x6x4_YadbVyomO8v7xuqV4yTogtZKzHYLA",NULL,"Person using/injecting drugs","18-24","female",NULL,"$2y$12$aiaWVm9DEtvd.ZeG2MXjoewifRBQncGqv4Mx801Bc0lk36itvhKQa",NULL,"2024-11-15 10:38:34","2024-11-15 10:38:34"
"285","Mahoney","1731667119283@mapeers.com","fJcqnjCSST6VNANFSn_zyZ:APA91bFuZrkXT6Mnfkw_Ke4xjkROReztabxkPux7gWZZ5eWxtE6lPAvY87xg1z9o-d6ehW5kGakJfv4bYCg56x6x4_YadbVyomO8v7xuqV4yTogtZKzHYLA",NULL,"Person using/injecting drugs","18-24","female",NULL,"$2y$12$VCdX9yjA6W/pCwTS2ll9wOB9uPCJsWwcrp4Qj4aBv84rqjOjT9eby",NULL,"2024-11-15 10:38:39","2024-11-15 10:38:39"
"286","Mahoney","1731667122284@mapeers.com","fJcqnjCSST6VNANFSn_zyZ:APA91bFuZrkXT6Mnfkw_Ke4xjkROReztabxkPux7gWZZ5eWxtE6lPAvY87xg1z9o-d6ehW5kGakJfv4bYCg56x6x4_YadbVyomO8v7xuqV4yTogtZKzHYLA",NULL,"Person using/injecting drugs","18-24","female",NULL,"$2y$12$y1A44coyxv6B4.laQFM2medCGi1Kn8HJB7LK/DroFdf7d4REW1M0G",NULL,"2024-11-15 10:38:43","2024-11-15 10:38:43"
"287","beautyb","1731667690285@mapeers.com",NULL,NULL,"Sex worker","18-24","female",NULL,"$2y$12$vu8S5e541uz68Y6MElq8.OPYeQ.Ju1h5MP/hmazvB4ty6ZkHmrMsy",NULL,"2024-11-15 10:48:10","2024-11-15 10:48:10"
"288","beautyb","1731667692286@mapeers.com",NULL,NULL,"Sex worker","18-24","female",NULL,"$2y$12$1tiY5RsGb1IboZtNTJxTa.4qWF7jHHtoEJFL4UxyuGeL.JaRSvPjW",NULL,"2024-11-15 10:48:13","2024-11-15 10:48:13"
"289","beautyb","1731667694287@mapeers.com",NULL,NULL,"Sex worker","18-24","female",NULL,"$2y$12$ufQfiIyf1RHLLy0Rx0OoyO/TRG288GD9C0yNWz/jYJ7hGCdm7lFbe",NULL,"2024-11-15 10:48:14","2024-11-15 10:48:14"
"290","beautyb","1731667696288@mapeers.com",NULL,NULL,"Sex worker","18-24","female",NULL,"$2y$12$dy0tM9LCK/VJpObZbvKM8.L.YRj8hngUd7hBnwuf4EYYrtYNVAmcK",NULL,"2024-11-15 10:48:16","2024-11-15 10:48:16"
"291","beautyb","1731667698289@mapeers.com",NULL,NULL,"Sex worker","18-24","female",NULL,"$2y$12$5tjNnM8HfZ8j.JxRGbcdr.FDfvSBF6BS1BH6jRWn4aEYqAWFbNsg2",NULL,"2024-11-15 10:48:18","2024-11-15 10:48:18"
"292","beautyb","1731667699290@mapeers.com",NULL,NULL,"Sex worker","18-24","female",NULL,"$2y$12$B5ug4JiX2ED.vodU6R9nxeosu.AJqn.tBhNLucVkPXBSA8AwBTFNi",NULL,"2024-11-15 10:48:20","2024-11-15 10:48:20"
"293","beautyb","1731667701291@mapeers.com",NULL,NULL,"Sex worker","18-24","female",NULL,"$2y$12$3GsQMwjX1h0bP.r3o/5SaO5vxSWyP6X8XiT/ssAsEKDsop.0nvbCG",NULL,"2024-11-15 10:48:21","2024-11-15 10:48:21"
"294","beautyb","1731667703292@mapeers.com",NULL,NULL,"Sex worker","18-24","female",NULL,"$2y$12$837anrLLpYf/FDlIUwMQLOGs0kaxxEtUSEFNocxIki085i.bUeCYi",NULL,"2024-11-15 10:48:23","2024-11-15 10:48:23"
"295","Ujunwa","1731672170293@mapeers.com",NULL,NULL,"Sex worker","25-29","female",NULL,"$2y$12$pYVg09J1XcY6hB5mBD/gROxhaU5Id9gh3ddApAeLkMxTJMvDksTWe",NULL,"2024-11-15 12:02:50","2024-11-15 12:02:50"
"296","Ujunwa","1731672174294@mapeers.com",NULL,NULL,"Sex worker","25-29","female",NULL,"$2y$12$0UuPl5FM7e/M2orVK.WT8e4woxQGV264UclBbLnYLdKkEOmIATCg.",NULL,"2024-11-15 12:02:54","2024-11-15 12:02:54"
"297","Ujunwa","1731672180295@mapeers.com",NULL,NULL,"Sex worker","25-29","female",NULL,"$2y$12$3k6dbDDTw0BqPqnP7sJnX.psBw2Ui1SlECdHdDQYx8CtUub9Zf7xi",NULL,"2024-11-15 12:03:00","2024-11-15 12:03:00"
"298","Ujunwa","1731672199296@mapeers.com",NULL,NULL,"Sex worker","25-29","female",NULL,"$2y$12$m/sq4waJjimcqbI9amsVF.rzBcpNsMcKAeyjyDiUHu6QFX/rS2wbq",NULL,"2024-11-15 12:03:19","2024-11-15 12:03:19"
"299","Ujunwa","1731672205297@mapeers.com",NULL,NULL,"Sex worker","25-29","female",NULL,"$2y$12$PPeBSbQXosCUsu1is3R2v.4o1W6YBZFidsWVTOtjqNpWilvUXrL/a",NULL,"2024-11-15 12:03:26","2024-11-15 12:03:26"
"300","Ujunwa","1731672213298@mapeers.com",NULL,NULL,"Sex worker","25-29","female",NULL,"$2y$12$oO982RYDeMP127avROMsEeeE5NscQz3x1FbTQGtNLIzhjqpLKUws.",NULL,"2024-11-15 12:03:33","2024-11-15 12:03:33"
"301","Ujunwa","1731672217299@mapeers.com",NULL,NULL,"Sex worker","25-29","female",NULL,"$2y$12$Soy/Vh6lEm8kAgkbd/Grl.5Z5Golwr.tQ9WNl0OXfybbAbY5LQnzG",NULL,"2024-11-15 12:03:37","2024-11-15 12:03:37"
"302","Ujunwa","1731672219300@mapeers.com",NULL,NULL,"Sex worker","25-29","female",NULL,"$2y$12$RwNCoNCVG4q3XgMCtEvxV.bqemrmbvtm8.2o7175qLIrZKlTBdpCy",NULL,"2024-11-15 12:03:39","2024-11-15 12:03:39"
"303","Ujunwa","1731672221301@mapeers.com",NULL,NULL,"Sex worker","25-29","female",NULL,"$2y$12$ALhv8XXsRrY5FdSv1jkmgeKC7BeNwzZzrL5a8G8uoDOXzuEvrbFg2",NULL,"2024-11-15 12:03:41","2024-11-15 12:03:41"
"304","Ujunwa","1731672223302@mapeers.com",NULL,NULL,"Sex worker","25-29","female",NULL,"$2y$12$dTtQ.RI.WPJn1.Sr6rsalO4IwQT6AuvrJhgNuJ3xQt6KgKSbqIzHe",NULL,"2024-11-15 12:03:43","2024-11-15 12:03:43"
"305","Ujunwa","1731672225303@mapeers.com",NULL,NULL,"Sex worker","25-29","female",NULL,"$2y$12$gzcc82Lp3ZNWYN5QPzKbs.lxZJedJpWN./4XNB3eqbvX4ygjF1oze",NULL,"2024-11-15 12:03:45","2024-11-15 12:03:45"
"306","Ujunwa","1731672227304@mapeers.com",NULL,NULL,"Sex worker","25-29","female",NULL,"$2y$12$1AAId0mb/uUGpsU2aDk2fuwB0BJ7bqR9.X8XkJRcXBXKVqMpXxg.i",NULL,"2024-11-15 12:03:47","2024-11-15 12:03:47"
"307","Ujunwa","1731672229305@mapeers.com",NULL,NULL,"Sex worker","25-29","female",NULL,"$2y$12$zWBX2DLtjcmowCFCg.VRx.dt3KwB2T/qItywJa3i7B7G0jWihwN0u",NULL,"2024-11-15 12:03:49","2024-11-15 12:03:49"
"308","Ujunwa","1731672231306@mapeers.com",NULL,NULL,"Sex worker","25-29","female",NULL,"$2y$12$d7pt60Tw8McmDiRryqSHoeUuDP0RSPAVS4EfbY0slhbyA8415b63S",NULL,"2024-11-15 12:03:51","2024-11-15 12:03:51"
"309","Ujunwa","1731672244307@mapeers.com",NULL,NULL,"Sex worker","25-29","female",NULL,"$2y$12$iDGThqijQWAWxfWd0JEXWeeq49i.T6SYJKzLMKlpTZmRfsCQvyGEK",NULL,"2024-11-15 12:04:05","2024-11-15 12:04:05"
"310","Ujunwa","1731672246308@mapeers.com",NULL,NULL,"Sex worker","25-29","female",NULL,"$2y$12$N5HZiAXhS40KSG4T40WQCe16Ld/Chk/YMwuFlWA1NoT83tl6zbT2a",NULL,"2024-11-15 12:04:07","2024-11-15 12:04:07"
"311","Ujunwa","1731672285309@mapeers.com",NULL,NULL,"Sex worker","25-29","female",NULL,"$2y$12$Q.OgVbfYKJ7pGGaRGND97.MnUPnhvV4sxF3WzpNNn16DCZgULIrGO",NULL,"2024-11-15 12:04:46","2024-11-15 12:04:46"
"312","Ujunwa","1731672494310@mapeers.com",NULL,NULL,"Sex worker","25-29","female",NULL,"$2y$12$9AS3wsauJQvheoFhkruWwOyJvt0.J3VNeoGnfM5B.656u.OeicTIq",NULL,"2024-11-15 12:08:14","2024-11-15 12:08:14"
"313","Dubem","1731686912311@mapeers.com",NULL,NULL,"Person using/injecting drugs","18-24","female",NULL,"$2y$12$edn3LfJvQhgPDm.Olst.2OFLyLF.Vz6brA2Ax/EIEwxD2v4m8gjfC",NULL,"2024-11-15 16:08:33","2024-11-15 16:08:33"
"314","Esther","1732016480312@mapeers.com",NULL,NULL,"Person using/injecting drugs","18-24","female",NULL,"$2y$12$1n.YJSO2Zt8QXe4qhpKkpurQgE6FYIiybKSmH/Grc3TPSvC8MmC6q",NULL,"2024-11-19 11:41:20","2024-11-19 11:41:20"
"315","Esther","1732016521313@mapeers.com",NULL,NULL,"Person using/injecting drugs","18-24","female",NULL,"$2y$12$zAapmqrew07zqn//z09ZeOmJAw4UharfvHCEeRQ3EQ/B.03qvQ4ka",NULL,"2024-11-19 11:42:01","2024-11-19 11:42:01"
"316","Esther","1732016534314@mapeers.com",NULL,NULL,"Person using/injecting drugs","18-24","female",NULL,"$2y$12$BlNSyRjOSzZqKKCxLeAXeOwJT92x4Z/3gL1xYaDZKBgXBQ8VPK/TK",NULL,"2024-11-19 11:42:14","2024-11-19 11:42:14"
"317","Esther","1732016539315@mapeers.com",NULL,NULL,"Person using/injecting drugs","18-24","female",NULL,"$2y$12$IfDCYN.1yCXPG8tymuA6w.WCqWbhO0E37mdoaCgrLzrljDV7kYrMG",NULL,"2024-11-19 11:42:19","2024-11-19 11:42:19"
"318","Esther","1732016548316@mapeers.com",NULL,NULL,"Person using/injecting drugs","18-24","female",NULL,"$2y$12$u9lbeH23PT0XQIB2v5Cwtey8VXL1cQ2tOs1HAQxPLa5RqH0wuB2Zi",NULL,"2024-11-19 11:42:28","2024-11-19 11:42:28"
"319","Esther","1732016569317@mapeers.com",NULL,NULL,"Person using/injecting drugs","18-24","female",NULL,"$2y$12$GeQYm52Oh3pDUh07w4vkuuyHrItxBG1IxJz99e/ZhlZItF06hoPE2",NULL,"2024-11-19 11:42:49","2024-11-19 11:42:49"
"320","Esther","1732016574318@mapeers.com",NULL,NULL,"Person using/injecting drugs","18-24","female",NULL,"$2y$12$FsqU323kA2c0pGIWpEEQTeDKfyaikcGgMlYcl1PegWu0c5Xd8B486",NULL,"2024-11-19 11:42:55","2024-11-19 11:42:55"
"321","Esther","1732016588319@mapeers.com",NULL,NULL,"Person using/injecting drugs","18-24","female",NULL,"$2y$12$h8lq5eXHcPquUyx6bOtJpOB3ZOft9zceY2qXAnLhxtDTRK2wfx936",NULL,"2024-11-19 11:43:09","2024-11-19 11:43:09"
"322","Esther","1732016598320@mapeers.com",NULL,NULL,"Person using/injecting drugs","18-24","female",NULL,"$2y$12$rc78WXxaoDc/zCjLoonJu.6lIwZ3el4T4U2xP6H5Nm19q7kNMdUxy",NULL,"2024-11-19 11:43:18","2024-11-19 11:43:18"
"323","happiness","1732018594321@mapeers.com",NULL,NULL,"None of these","18-24","female",NULL,"$2y$12$9CrSqUxYOSD8CAC6.Tc0be7pend6E7WXL5uzdR2KgyoLQi01NjwCK",NULL,"2024-11-19 12:16:34","2024-11-19 12:16:34"
"324","happiness","1732018603322@mapeers.com",NULL,NULL,"None of these","18-24","female",NULL,"$2y$12$HfIs8GNeo82.7x5v3c0eVOTcGnlJcG1T1uG1eu6QK.anyboYJTGiG",NULL,"2024-11-19 12:16:44","2024-11-19 12:16:44"
"325","happiness","1732018613323@mapeers.com",NULL,NULL,"None of these","18-24","female",NULL,"$2y$12$yz6QoL2KQQjxvOYLG8h1lu4rq3scjiHWCr65DQftPdHiBNxvTLs4q",NULL,"2024-11-19 12:16:53","2024-11-19 12:16:53"
"326","happiness","1732018619324@mapeers.com",NULL,NULL,"None of these","18-24","female",NULL,"$2y$12$aYk6Ebo3UJGde938UJbB8u2nMUJtZuyQ6GfnnBy9vMtLa14ipyQjO",NULL,"2024-11-19 12:17:00","2024-11-19 12:17:00"
"327","Happiness","1732020683325@mapeers.com",NULL,NULL,"None of these","18-24","female",NULL,"$2y$12$LawI44aq0QU9tRvdRwfNleSXW4KUe64R17LYi7eHgjZYcBpoZASO6",NULL,"2024-11-19 12:51:23","2024-11-19 12:51:23"
"328","Happiness","1732020688326@mapeers.com",NULL,NULL,"None of these","18-24","female",NULL,"$2y$12$ptl3UwAv.YcTk/i7ezmOzOcQeULdRCaWq2I2D7iWdNE0SaW0gF4yK",NULL,"2024-11-19 12:51:28","2024-11-19 12:51:28"
"329","Happiness","1732020700327@mapeers.com",NULL,NULL,"None of these","18-24","female",NULL,"$2y$12$cQI8Hl2nIg7rHEXj6.kU9.R4APeaz1lcqWq0V7SZNgnlUkQvmkX56",NULL,"2024-11-19 12:51:40","2024-11-19 12:51:40"
"330","happy","1732020738328@mapeers.com","d_w0-MpgR0OS3cf8ogf_8m:APA91bH9xyRHK2CNf4q2p_olcfdazoc_7Lnet6j_SMgcXfp4KUxCIwhKEAkm_rXRItZoCG7znk9NbtEwdY5F-t3DPhug73G-eZ1JtsxS1IlmDQqLzVQ-CFg",NULL,"Person using/injecting drugs","18-24","female",NULL,"$2y$12$aViG7vHIiqn6I8C8YXvfkeZP3iZG.4jKalTyaQE3j/eHsjEEZn962",NULL,"2024-11-19 12:52:18","2024-11-19 12:52:18"
"331","happy","1732020743329@mapeers.com","d_w0-MpgR0OS3cf8ogf_8m:APA91bH9xyRHK2CNf4q2p_olcfdazoc_7Lnet6j_SMgcXfp4KUxCIwhKEAkm_rXRItZoCG7znk9NbtEwdY5F-t3DPhug73G-eZ1JtsxS1IlmDQqLzVQ-CFg",NULL,"Person using/injecting drugs","18-24","female",NULL,"$2y$12$Um3RA2lRxrpp4r0stTc0mOqR1SkwMLL/SjdvUsbJbvR6e.MdWxnkG",NULL,"2024-11-19 12:52:23","2024-11-19 12:52:23"
"332","Chinasa","1732186079330@mapeers.com","f1UZW5rOQwGPtH1ro0cAsV:APA91bGN5BKCciXqU-ua2pYjs6ykyRqo1WBCWMrXaRqKbf8yBI9nhmFcHLQYrDdhQpzzjjNYjWsYhv4P7jNhz9fO3Bw5yNDQw8cxk0VbO7ryMDijyU4ZLh8",NULL,"Person using/injecting drugs","18-24","female",NULL,"$2y$12$pFtMUGZ4mf5Lj6klZ4GePOIhXgsft7IVe7EIF6s4BtA09XmffCxpy",NULL,"2024-11-21 10:47:59","2024-11-21 10:47:59"
"333","Naz","1732278811331@mapeers.com",NULL,NULL,"None of these","18-24","other",NULL,"$2y$12$5ImViYtBjnOftvtFYzC2M.8.24.Jb/2EVSuGEkMyKO7FW.t8/6zZ.",NULL,"2024-11-22 12:33:31","2024-11-22 12:33:31"
"334","Naz","1732278844332@mapeers.com",NULL,NULL,"None of these","18-24","other",NULL,"$2y$12$/FH1Vt70crFRMJ62ZOWYk.YPLjuN6jdVGVuuahKT2fUsc4G4LL5GG",NULL,"2024-11-22 12:34:05","2024-11-22 12:34:05"
"335","Naz","1732279322333@mapeers.com","e3mbGZ00Sm-yjKI9V5FUGs:APA91bEUyfmy-_CTVPUqSDnpmDFSACDX1CFQkZAv5mZeRsPICAax0zneyJVKoaQeAkBFc9ZSUAY0OtJo9tgBcOMoh3ZoAYki-UHVqmYF4POyWzJuxYoPW6o",NULL,"None of these","18-24","other",NULL,"$2y$12$m4WOb3r6jVv3Fs/YCVsBZe68fvLGSUoizczTIvY2.qWfDPqJccgCG",NULL,"2024-11-22 12:42:02","2024-11-22 12:42:02"
"336","Naz","1732279332334@mapeers.com","e3mbGZ00Sm-yjKI9V5FUGs:APA91bEUyfmy-_CTVPUqSDnpmDFSACDX1CFQkZAv5mZeRsPICAax0zneyJVKoaQeAkBFc9ZSUAY0OtJo9tgBcOMoh3ZoAYki-UHVqmYF4POyWzJuxYoPW6o",NULL,"None of these","18-24","other",NULL,"$2y$12$U3Vd.ww38YQMc/4lBstwBO0jYL2lOFLPKxffGLmk.BIWPf4GG2KO2",NULL,"2024-11-22 12:42:12","2024-11-22 12:42:12"
"337","Naz","1732279340335@mapeers.com","e3mbGZ00Sm-yjKI9V5FUGs:APA91bEUyfmy-_CTVPUqSDnpmDFSACDX1CFQkZAv5mZeRsPICAax0zneyJVKoaQeAkBFc9ZSUAY0OtJo9tgBcOMoh3ZoAYki-UHVqmYF4POyWzJuxYoPW6o",NULL,"None of these","18-24","other",NULL,"$2y$12$JVgzaTHaLu18/B1ETh.bgOr36cyxXBjvz0wWhNcdK2S.hGHc5.9VS",NULL,"2024-11-22 12:42:20","2024-11-22 12:42:20"
"338","test","1739269658336@mapeers.com","fJgmqEfMQPmLiytFfUbYs3:APA91bGUnt-tYFbJKB5J7Wpm3RbEnXP7AHpFPvApCU3UFu9Vk3mvIzoLeckc7iuDaPniD6HTQeTBSfVkHqyNObd-SUgm--qcj1GRhJDSIoh3iLn3r78b8nM",NULL,"Sex worker","18-24","male",NULL,"$2y$12$Rd132u6Qr4kiEuwjk9etSuFu7NP9FHHHwgoMS4.PTKmdIzYL0Ix..",NULL,"2025-02-11 10:27:38","2025-02-11 10:27:38"
"339","kxtyqh","1739294274337@mapeers.com",NULL,NULL,"None of these","18-24","trans",NULL,"$2y$12$R/oIcNAOuSxoe7/UjHLquuhDKlfo5JodEQxxvZ81cJNmH2vRiGQ0m",NULL,"2025-02-11 17:17:55","2025-02-11 17:17:55"
"340","kxtyqh","1739294323338@mapeers.com",NULL,NULL,"Person using/injecting drugs, Sex worker","18-24","unknown",NULL,"$2y$12$UfvdjViCv6J7EGbLh6wvy.I5sVFmZU4RpzWZnGKgfiy7K0h8WWaYe",NULL,"2025-02-11 17:18:43","2025-02-11 17:18:43"
"341","kxtyqh","1739295230339@mapeers.com",NULL,NULL,"LBQ woman, Person using/injecting drugs","30-34","unknown",NULL,"$2y$12$8Yzt87UwfUxSVwrWBzEGGev4zmJnXyMEeXbgj35EREtw3nOjs.6du",NULL,"2025-02-11 17:33:50","2025-02-11 17:33:50"
"342","kxtyqh","1739296806340@mapeers.com",NULL,NULL,"Person using/injecting drugs, Sex worker","18-24","unknown",NULL,"$2y$12$zbsscMg3G1Z63yNP/JUiDeqlZ2rWzPJhOI.FZe.dWylf4VPZlJxlG",NULL,"2025-02-11 18:00:06","2025-02-11 18:00:06"
"343","kxtyqh","1739776072341@mapeers.com",NULL,NULL,"Person using/injecting drugs, Sex worker","18-24","unknown",NULL,"$2y$12$rIgGAo1qCDGe24bdhAHP1.iXJIAq9W2A5HxuLdXYuwdKh98Nh0CYS",NULL,"2025-02-17 07:07:52","2025-02-17 07:07:52"
"344","kxtyqh","1739776150342@mapeers.com",NULL,NULL,"Person using/injecting drugs, Sex worker","18-24","unknown",NULL,"$2y$12$dWnr4Shar1ToGvOXAKphXOVIk0LwIvQY3aMKUV/iZ3f7EB3oGuLBa",NULL,"2025-02-17 07:09:11","2025-02-17 07:09:11"
"345","Anabel","1739777519343@mapeers.com",NULL,NULL,"None of these","25-39","male",NULL,"$2y$12$vLyR.LN9rKIfppzWeF7rZ.aPF3U6i.ExbIJja9OS0frBYZg4GdGiu",NULL,"2025-02-17 07:31:59","2025-02-17 07:31:59"
"346","dubem","1739781484344@mapeers.com",NULL,"2025-06-26 02:28:23","Sex worker","18-24","male",NULL,"$2y$12$SdGYuTuIIXsUMirpHe/39uxIYm.zzNUpywuD08qYjUNrh5OdwPgCK",NULL,"2025-02-17 08:38:04","2025-06-26 02:28:23"
"347","promise","1739783858345@mapeers.com",NULL,"2025-02-17 11:59:06","None of these","25-29","unknown",NULL,"$2y$12$kLUTVql1rqzeQjV6yBIaeuYHxJKv186bEY/7oaoFWSRhHnO2383im",NULL,"2025-02-17 09:17:38","2025-02-17 11:59:06"
"348","Dera","1739795623346@mapeers.com",NULL,NULL,"None of these","18-24","male",NULL,"$2y$12$dO05HsdWtFZDTiXFPpcqp.Frh/U.DcZc61Tv0lvUhi34DFsdoPn3S",NULL,"2025-02-17 12:33:43","2025-02-17 12:33:43"
"349","kxtyqh","1739800800347@mapeers.com",NULL,NULL,"Person using/injecting drugs, Sex worker","18-24","unknown",NULL,"$2y$12$Ehmju/oX2pinskGVmXOhG.dMl0SqpQ4mzVcl58ED1YQncJ6NL8tyu",NULL,"2025-02-17 14:00:00","2025-02-17 14:00:00"
"350","kxtyqh","1739801966348@mapeers.com",NULL,NULL,"Person using/injecting drugs, Sex worker","18-24","unknown",NULL,"$2y$12$3x7/0eJBmMU5M2/MNRmCNunQcNL8J7/ebOXvHSmB5V4QdEv/oC92S",NULL,"2025-02-17 14:19:26","2025-02-17 14:19:26"
"351","kxtyqh","1739802948349@mapeers.com",NULL,NULL,"Person using/injecting drugs, Sex worker","18-24","unknown",NULL,"$2y$12$h7Wp6DBbXwjuSwxQHoinne2kPjaXQYPI/RuEi43idJPdQFM7wkuvW",NULL,"2025-02-17 14:35:48","2025-02-17 14:35:48"
"352","kxtyqh","1739803966350@mapeers.com",NULL,NULL,"Person using/injecting drugs, Sex worker","18-24","unknown",NULL,"$2y$12$yTpXvQgl3XihxIJePO7qK.w1NmOPkcjiOtu5RQ4MBoqNmi90shN6m",NULL,"2025-02-17 14:52:46","2025-02-17 14:52:46"
"353","Isszy","1740035725351@mapeers.com","dfeqCN5MQKaEfMy_m81sFP:APA91bEfxd0gXtDE8Rm6cHjpxbXYVUCL1UHrMe1CoI_ezwDbICPmwgX40jpJrsVGFg6yswp8MH9U2ICm1KuR3hxcNs6vt4ExiuisgBkxOrCwcJMTtL-hHG8",NULL,"Sex worker, Person using/injecting drugs","25-29","male",NULL,"$2y$12$XxAmNW9gpS4lL8jl6H0M7uq4OMqXZ7CE4bIYU5/FhHqjQEkbC9SL2",NULL,"2025-02-20 07:15:25","2025-02-20 07:15:25"
"354","Tigue","1740060430352@mapeers.com",NULL,NULL,"None of these","25-29","female",NULL,"$2y$12$5YGxZSUhoxAFRK6pqDwR.OcJWZCKW36p7IyfsGK6hxg/fWd5w.mme",NULL,"2025-02-20 14:07:10","2025-02-20 14:07:10"
"355","Cyndi","1740065370353@mapeers.com","c9kAxllHRRGYChHgDbDDAf:APA91bHzed9Qx6YIsMAIB24KjHZV5-NuPycxbYsQShwaIKgi41S6RXi3Zp_-cUsU0F_44UqHq4DoBSwkxEQtB3AntLAnEsX6wE1mf-BbVcp79YfMN3OH82k",NULL,"None of these","18-24","female",NULL,"$2y$12$ddMVB0WqEQ89Hcr9Fq5mb.AgQxnVnFhKDqYAZ8cnK5G8.YlyBw/E2",NULL,"2025-02-20 15:29:30","2025-02-20 15:29:30"
"356","john","1740120864354@mapeers.com",NULL,NULL,"None of these","25-39","male",NULL,"$2y$12$0.xSZwqyOg6MDWq2p4acAOz/7JiyehFrvgvTQtE.tVtYLSC7G8wg.",NULL,"2025-02-21 06:54:25","2025-02-21 06:54:25"
"357","John","1740124455355@mapeers.com",NULL,NULL,"None of these","25-29","male",NULL,"$2y$12$SGHrTE5pZXHvnpixqVxMd.ftUNxTYx3R1CqmtkW7ysrJ8jHYeO8.O",NULL,"2025-02-21 07:54:15","2025-02-21 07:54:15"
"358","John Smith","1740206770356@mapeers.com",NULL,"2025-02-22 06:49:18","None of these","30-34","male",NULL,"$2y$12$YaWnv7mRRi5woRpP9LxZWO0Qoh/o9sOacEJjPlnfHhar1L6KJGGPy",NULL,"2025-02-22 06:46:10","2025-02-22 06:49:18"
"359","jihn","1740282456357@mapeers.com",NULL,NULL,"None of these","18-24","male",NULL,"$2y$12$ce5rlYMZ8bMcfm6drol1/OPjn4lJQHPxw58CAIlZbZBh0YfXloShC",NULL,"2025-02-23 03:47:36","2025-02-23 03:47:36"
"360","John","1740368674358@mapeers.com",NULL,NULL,"None of these","18-24","male",NULL,"$2y$12$rh5I.T1m1I0QvBiDupO7KO.BNCRzlp8qSt6kbrfx5cZJaIuYRMQr2",NULL,"2025-02-24 03:44:35","2025-02-24 03:44:35"
"361","test","1740374602359@mapeers.com",NULL,NULL,"Person using/injecting drugs, Sex worker","40+","unknown",NULL,"$2y$12$haJW1l5Uk8eETUxI5HZq2Om91FbfM8Q.4IciGXbiMwFgYCRpJp/Sq",NULL,"2025-02-24 05:23:22","2025-02-24 05:23:22"
"362","John Smith","1740450248360@mapeers.com",NULL,NULL,"Sex worker","25-29","male",NULL,"$2y$12$Zx8yJiwv9UhxI8iVCTdxfuYXPPsN5ZIejDA9hVcnnqkKHF293vjFS",NULL,"2025-02-25 02:24:09","2025-02-25 02:24:09"
"363","Dandison","1740465804361@mapeers.com","eqslezIGS1mI3J3shIf2t5:APA91bEboaiXapsXjPxULalQPVDm7QCZKxCqPephitFt2c9PnqQ3kFVOPkuN8o1mhiT_sXFpdzZEQ4BQ1sGnAVqZJd7IN6rJWtjuxrx-lHrfalKiD_SIMpw",NULL,"None of these","25-39","male",NULL,"$2y$12$xb2ZPU/IV0mVQKPGOMVB4.HjXGnZLsZdopaE0oSQX4QjAqV1Kadwe",NULL,"2025-02-25 06:43:24","2025-02-25 06:43:24"
"364","emeka","1740569924362@mapeers.com",NULL,NULL,"None of these","25-29","male",NULL,"$2y$12$kTzfZX/Wepuq5KsCWtgliehxKFtEv67YE0QwIoTFPChqiZjaX.Twq",NULL,"2025-02-26 11:38:44","2025-02-26 11:38:44"
"365","Rhed","1740570184363@mapeers.com",NULL,NULL,"None of these","25-29","male",NULL,"$2y$12$Oj21r2yo0I1hdxbhLAqSDOMleJT2QFGjBe/7E0pgQy2MdkHt9s2xe",NULL,"2025-02-26 11:43:05","2025-02-26 11:43:05"
"366","Gay","1742295526364@mapeers.com",NULL,NULL,"None of these","25-29","male",NULL,"$2y$12$2vhRlqifRkdQMhvi6726UOitosKr..8oy8Gm.2IBhPzCIz0b3Yz9.",NULL,"2025-03-18 10:58:46","2025-03-18 10:58:46"
"367","ebube","1744709664365@mapeers.com",NULL,NULL,"Sex worker","25-29","female",NULL,"$2y$12$2j.ZrOEaDoLzksUjrKt4aeIkQs2ADwLaAeQhuh7zrqp0kwczvJwIq",NULL,"2025-04-15 09:34:24","2025-04-15 09:34:24"
"368","🥰🥰🥰","1744907507366@mapeers.com",NULL,NULL,"Person using/injecting drugs","18-24","female",NULL,"$2y$12$dBYMLW7qL/Tg2eft/r9uL.5gui/959EMbsMKlpsw0TnwXCn6eunoG",NULL,"2025-04-17 16:31:48","2025-04-17 16:31:48"
"369","Angela","1744929772367@mapeers.com","ecTI17uISSqZ6uB_nZXRn1:APA91bEm38I23u35CuvVCSa9UaicHDlxPolRgMF2QnBV4bTTXTPh8yKAucAQmMd0elzGsn8sxfHINaKPO1MU7Bmzd-OWHA6H98K_6trLNegtjtHv_YZjy38",NULL,"None of these","25-29","female",NULL,"$2y$12$6wMDVUXFU1Uom.tlSyYUOOmDG5udL6qUgXsuLaL5rr168SxMSARe2",NULL,"2025-04-17 22:42:52","2025-04-17 22:42:52"
"370","queen","1747657619368@mapeers.com","eNraKzOYRqavjEl8Wt1kTc:APA91bHKIlufEN-D6QVW_37HneNpBdkT3A1YG_9zOmI01tGvFvexFV9GfcjFlEa2Day0gvCn1TkNwd02Rkl0EzgST4Fq0t8SyA-PigLQ7GpS3rn3Kl83cao",NULL,"Sex worker","18-24","female",NULL,"$2y$12$p0v6UIr6wQQfW5cI1fR6dOfkRMSE8wRy3kFI729lTfU24YIb25EOi",NULL,"2025-05-19 12:26:59","2025-05-19 12:26:59"
"371","Sarah","1747729391369@mapeers.com","d3H-TAGMTHyCaLX6W0ZJi_:APA91bHUQhELJ1ZQZyA1sxIIpNwSU5nwYB8nF46M0fQFv1G6ajXdOl8QkUOE09OWZSebvHxG8OLpj5AoPjfLvbfTLIuAVjPd_K31e23LCeZdTfx7K7QBVdY",NULL,"Sex worker","18-24","female",NULL,"$2y$12$n.TbR1uME39vYU8a6Ze3Feq/Ww/EKEKsshVqgrDax2JEkO3ygDGPO",NULL,"2025-05-20 08:23:11","2025-05-20 08:23:11"
"372","tyqhjh","1750989158370@mapeers.com","fbgKmz5NTJuX2E0pM3dtzj:APA91bEDLTWOw3mOiwmV4dEuSDWL7ATvcBTqIh79oMJE-uDN7dOg6ofdjYDG917JgrqhH21kk6lFJnuFgx9UrvM4seW91TS2ZzmfT_txJpAGTXI_ESAIDjg",NULL,"LBQ woman, Person using/injecting drugs","40+","other",NULL,"$2y$12$nFB6DCDJpXzBNCyHSeeKDOWV53xotZ6fMSdE7cDV3eMoQXc.QdX/6",NULL,"2025-06-27 01:52:39","2025-06-27 01:52:39"
"373","promise","1751005968371@mapeers.com",NULL,NULL,"Sex worker","25-29","male",NULL,"$2y$12$7D0WRKgjCUHLiBBqKbbDU.W3o8YxjsAgEfIqpwfBn/Vfl3MBAGYRG",NULL,"2025-06-27 06:32:48","2025-06-27 06:32:48"
"374","promise","1751013831372@mapeers.com",NULL,"2025-06-27 08:44:43","Sex worker","25-29","male",NULL,"$2y$12$unq8e6H0yoy0O2cmMBvaO.nv/58uindI96J5AHs5RUC.P/W74vT2u",NULL,"2025-06-27 08:43:51","2025-06-27 08:44:43"
"375","Lambo","1751264479373@mapeers.com",NULL,NULL,"Sex worker","25-29","female",NULL,"$2y$12$8bZnYfRXRItsGL/XkIm4H.RMR7lGQGapSwepuOaclV8jgC9zenTve",NULL,"2025-06-30 06:21:19","2025-06-30 06:21:19"
"376","kim","1751279325374@mapeers.com",NULL,NULL,"Sex worker","30-34","trans",NULL,"$2y$12$.RtBx8Jb/s95nLVMnFOjg.e.oB.xKlFDxuAjXcTuWpdkAzzBY9/rG",NULL,"2025-06-30 10:28:45","2025-06-30 10:28:45"
"377","adannaya","1751373829375@mapeers.com","dVBV7PDYTvOF9ZU_a8hCTL:APA91bH1-GXF-emD2qeAJK99z_QPYbXfTqqrXhYLaNEU2vDx5Z9naocsdbtavhkecLec4turqfHWR3C-hNDsTe3pkS1W2-dJlajZZOiFLvH70aQeKbHIecw","2025-07-03 06:47:48","None of these","25-29","female",NULL,"$2y$12$se5pTNxEyu2zjFEIIlvcP.HnxUuRwzLirxPGnOoEGVLfRqLlpEZWu",NULL,"2025-07-01 12:43:49","2025-07-03 06:47:48"
"378","miriam","1751379522376@mapeers.com","e2hcPAfISqWgV0sIQKrArm:APA91bHwoY_A5FlBz67Z32wBvBSPMQ6fsihM-fzM6ZK2KcBqbfdUZ2nd7YXtt9bSd44sQGkBrGAsYr_Fu5-EoHy2_Ik8A4U4cR_CXYjKzvyBt2fygnSOx7M",NULL,"Sex worker","18-24","unknown",NULL,"$2y$12$oyu9bkYDPEwWCXcO9bvWwuAHfBDD1iONeQ5uoq6McKq92Xx5RxgNe",NULL,"2025-07-01 14:18:42","2025-07-01 14:18:42"
"379","Titi","1751394553377@mapeers.com",NULL,NULL,"Sex worker","18-24","female",NULL,"$2y$12$IQUynhgdWQ3fk7PeV3bpoeJ7SiYic8FhvZVX/zPTK6F5u0bT5JHnm",NULL,"2025-07-01 18:29:13","2025-07-01 18:29:13"
"380","Titi","1751394556378@mapeers.com",NULL,NULL,"Sex worker","18-24","female",NULL,"$2y$12$CNeRtPpXTQGdtLIcYJGKduvi6XLlQ.QBoprnN9lXsSkgyll.Qap6G",NULL,"2025-07-01 18:29:16","2025-07-01 18:29:16"
"381","Titi","1751394563379@mapeers.com",NULL,NULL,"Sex worker","18-24","female",NULL,"$2y$12$FuXW.SHiLV2XLxGP0.pjtOKi2mzyiiTKKIxngXR5gvApFeyizS5PC",NULL,"2025-07-01 18:29:23","2025-07-01 18:29:23"
"382","Titi","1751394977380@mapeers.com",NULL,NULL,"Sex worker","18-24","female",NULL,"$2y$12$SaNz6ajce9DwYhJljoNGFOff1J.vXYVbVfp7ApeJ6M4nJbOs8J8rG",NULL,"2025-07-01 18:36:17","2025-07-01 18:36:17"
"383","Titi","1751394981381@mapeers.com",NULL,NULL,"Sex worker","18-24","female",NULL,"$2y$12$lqqao7vgXU77AQESg8MUzu20E1cTpUlILq8pr7vc5uBFdOwERNR3S",NULL,"2025-07-01 18:36:21","2025-07-01 18:36:21"
"384","Titi","1751395036382@mapeers.com",NULL,NULL,"Sex worker","18-24","female",NULL,"$2y$12$VgwvtPnyi9S74lZBqDHEru5ybzRm7h5BwTTbGiIkdKof2ZKaRIH7m",NULL,"2025-07-01 18:37:16","2025-07-01 18:37:16"
"385","Titi","1751395047383@mapeers.com",NULL,NULL,"Sex worker","18-24","female",NULL,"$2y$12$Bx3GCuonMoe90VRmGXglaOJKUYaKYQpNpi.CG5wiC1xNK5M6o5iWS",NULL,"2025-07-01 18:37:28","2025-07-01 18:37:28"
"386","Yena","1751400379384@mapeers.com",NULL,NULL,"None of these","25-39","female",NULL,"$2y$12$44e.Rl0wl0Nsd.cWWkm0cuOhloEANc.GVXFTehR/g7Zz.p1rKfUtq",NULL,"2025-07-01 20:06:19","2025-07-01 20:06:19"
"387","grace","1751540285385@mapeers.com","fYmJ-NRbS6ehXhFhDZwdnF:APA91bFeOkN80CFMBB9PeYPRIz2HLf6_5ejumGzugPi05LL6XysQCoS9shoS6FQXKiRlyHVuKxbqN4SAtFxnskVn9SxZNQoP1uFDT3ay5CxcDmrKsp-Cy8Y",NULL,"Sex worker","18-24","female",NULL,"$2y$12$3QAtu44gwRBYVmDszBqlcO944WmLH1DBqXIr7Whl0PnMLTRltpNRm",NULL,"2025-07-03 10:58:05","2025-07-03 10:58:05"
"388","grace","1751540289386@mapeers.com","fYmJ-NRbS6ehXhFhDZwdnF:APA91bFeOkN80CFMBB9PeYPRIz2HLf6_5ejumGzugPi05LL6XysQCoS9shoS6FQXKiRlyHVuKxbqN4SAtFxnskVn9SxZNQoP1uFDT3ay5CxcDmrKsp-Cy8Y",NULL,"Sex worker","18-24","female",NULL,"$2y$12$Xtjer9/M1fYcJXWViZCf/OSQc2fAR1kMFu28MCj8QmClB7U3lw9xu",NULL,"2025-07-03 10:58:09","2025-07-03 10:58:09"
"389","grace","1751540291387@mapeers.com","fYmJ-NRbS6ehXhFhDZwdnF:APA91bFeOkN80CFMBB9PeYPRIz2HLf6_5ejumGzugPi05LL6XysQCoS9shoS6FQXKiRlyHVuKxbqN4SAtFxnskVn9SxZNQoP1uFDT3ay5CxcDmrKsp-Cy8Y",NULL,"Sex worker","18-24","female",NULL,"$2y$12$3i0EOH1jNuBfaK5EANJyLeeITSWlOfqXriZzrxvy0xq54FJ3UtyTe",NULL,"2025-07-03 10:58:11","2025-07-03 10:58:11"
"390","grace","1751540293388@mapeers.com","fYmJ-NRbS6ehXhFhDZwdnF:APA91bFeOkN80CFMBB9PeYPRIz2HLf6_5ejumGzugPi05LL6XysQCoS9shoS6FQXKiRlyHVuKxbqN4SAtFxnskVn9SxZNQoP1uFDT3ay5CxcDmrKsp-Cy8Y",NULL,"Sex worker","18-24","female",NULL,"$2y$12$wcGi.bUtQ/S15vQhU89Nk.irThLpx9DMbPY.NMhvK0lRjPehfSCPG",NULL,"2025-07-03 10:58:13","2025-07-03 10:58:13"
"391","Blessing","1751548054389@mapeers.com","dEP1Bq1dQyKnDuWSvVu2RZ:APA91bFFI8zuc_eAvteHUzJVtbzLIWVGMX7niOYMkSO7CxftS4SgyMgkGJtg3_LcV5joyuPtFoHx3CeCxs1GvAGsxT-9v3Mq3alSdm-cXRk7UQRZuHN45_o",NULL,"Sex worker","18-24","female",NULL,"$2y$12$zs40cS7J9R5RFOWX.9XDFuUA455CJiv6ew7tAyImvPgBskC0pVyFW",NULL,"2025-07-03 13:07:35","2025-07-03 13:07:35"
"392","chic😍","1751617236390@mapeers.com","frGYY_ezSFKs9u-EHRsVnA:APA91bFUZ982-D0GSfCXOP4iFo6Rv-5DrhbkEpEdn8Y8S6qE-fy2d5Iqmju6wnrZMkgFAOGO8F4QqcLjUJAluDZK0295pYsWcmykuHT-en_zTmiIbvtpJmU",NULL,"Sex worker","25-29","female",NULL,"$2y$12$6Rt1lnQyFCTKxeTjGqlux.Wt5ZO.QkxITvPepYBIP78DdbYwLshV.",NULL,"2025-07-04 08:20:36","2025-07-04 08:20:36"
"393","T","1751646521391@mapeers.com","fYmJ-NRbS6ehXhFhDZwdnF:APA91bFeOkN80CFMBB9PeYPRIz2HLf6_5ejumGzugPi05LL6XysQCoS9shoS6FQXKiRlyHVuKxbqN4SAtFxnskVn9SxZNQoP1uFDT3ay5CxcDmrKsp-Cy8Y",NULL,"None of these","18-24","female",NULL,"$2y$12$yFUw6ExdOlWyPExpOIRiQ.J9uC887LcGNLQ3/EYpwNfjwk.q20O6a",NULL,"2025-07-04 16:28:42","2025-07-04 16:28:42"
"394","T","1751646524392@mapeers.com","fYmJ-NRbS6ehXhFhDZwdnF:APA91bFeOkN80CFMBB9PeYPRIz2HLf6_5ejumGzugPi05LL6XysQCoS9shoS6FQXKiRlyHVuKxbqN4SAtFxnskVn9SxZNQoP1uFDT3ay5CxcDmrKsp-Cy8Y",NULL,"None of these","18-24","female",NULL,"$2y$12$M9Fxbw8PPfm66dwxf2rAQOUlFPga7D3GK4ddVGYEjLe8sbrw52sVK",NULL,"2025-07-04 16:28:45","2025-07-04 16:28:45"
"395","roy","1751780634393@mapeers.com","cyIMbuNeQse67Ftf8ZdPa3:APA91bFhARE30gS-Zg3lOqWyjc77vYAEgD9FmEVMrpHgjb49jo0GtacBlxILxeLWSpBbVSipwKU4tJB21wQxBaofREkYJMzZpLIsLZ-OUAotH-cb_HU4Jik",NULL,"Sex worker","18-24","female",NULL,"$2y$12$dP5F377aQjz/LhrmjlXaBOxWu2WeoIQKbpIbdTnZ1KyFn04Kp5hvG",NULL,"2025-07-06 05:43:54","2025-07-06 05:43:54"
"396","Bella","1751790176394@mapeers.com","ezkbn4WBS8q-hSlehdZRf_:APA91bErg8SeQzkSADUfj3puLiyKdtzvCT5en10xMjWPLnC4ROMb0_T2pZ4FQSKMqBeMqG7XK_Xuc0sx1kYicLRRy0Wck8CWjP2LANPU6_CfeU02pjSPHSo",NULL,"None of these","18-24","female",NULL,"$2y$12$HO/B6WDZ5RMdBMNlJPUEGujN/KW1/0U78s6vUOlrfphV.7i4T5XhK",NULL,"2025-07-06 08:22:56","2025-07-06 08:22:56"
"397","Cynthia","1751795023395@mapeers.com",NULL,NULL,"None of these","25-29","female",NULL,"$2y$12$ZmEbkgMvmDzBfYtHfVWGnu9irDLVraYpRGMUufRGDKQqIDtmzNeH6",NULL,"2025-07-06 09:43:43","2025-07-06 09:43:43"
"398","joy","1751878516396@mapeers.com",NULL,NULL,"Sex worker","25-29","female",NULL,"$2y$12$5iQ3rtw.O7xew/QpdIP4neRTaosSpe.UwH1WFF91IYT2WXmHgPdNe",NULL,"2025-07-07 08:55:16","2025-07-07 08:55:16"
"399","sonia","1751885195397@mapeers.com",NULL,NULL,"Sex worker, Person using/injecting drugs","30-34","female",NULL,"$2y$12$O9grL5FVRKpyyyoM805EJOaUd2YUXshScv54pE4A3npqhbFfxx8jy",NULL,"2025-07-07 10:46:35","2025-07-07 10:46:35"
"400","Vivian","1751893547398@mapeers.com",NULL,NULL,"Sex worker","18-24","female",NULL,"$2y$12$LlJ1LQZ2J7/6JR2jcEezs.sNecoaxB9N1jCJfdCTJ7aJjWp0YZj2K",NULL,"2025-07-07 13:05:47","2025-07-07 13:05:47"
"401","jenny","1751893889399@mapeers.com",NULL,NULL,"Sex worker","18-24","female",NULL,"$2y$12$ziRbI0miNvAYMZAtr8DIWee4NBBfux78Z4bu5bmFmgDgac04wsLDG",NULL,"2025-07-07 13:11:29","2025-07-07 13:11:29"
"402","Ogechi","1752222390400@mapeers.com",NULL,NULL,"Sex worker","30-34","female",NULL,"$2y$12$H3a8LmkL.Z0fxuSeGBbzy.fQY/na3mAhDi8CPOWdMg.KWPnlR93rW",NULL,"2025-07-11 08:26:30","2025-07-11 08:26:30"
"403","chibaby","1752227557401@mapeers.com",NULL,NULL,"Sex worker, Person using/injecting drugs, LBQ woman","25-29","female",NULL,"$2y$12$DbZGUV5fGMDSyuncFoOYK.SkLtnGCXWtDRJTKExIWRtovbrYx95Za",NULL,"2025-07-11 09:52:37","2025-07-11 09:52:37"
"404","Becky","1752401730402@mapeers.com",NULL,NULL,"Sex worker","25-29","female",NULL,"$2y$12$M3XY62QdK1K9QwrnFCWl/.0XziQxC.2HE5cGXIxzDjTUzJSEmgp.K",NULL,"2025-07-13 10:15:30","2025-07-13 10:15:30"
"405","Blessing","1752402386403@mapeers.com","fWNV87aMReyGqXCq7KlJHi:APA91bHwZL-B_K2yJXJiPbpYMsgfdnn3hL4fLVLIIQbgCq_Pu507PH2DE0cyqoIJs73DoVOtoBPuXXNwsBf9JIdPzK6VQNHfMS7M9EH6S162a8vyvZcRWUA",NULL,"Sex worker","25-29","female",NULL,"$2y$12$ZBNeqPYuZ8d5GBJrKaCEWu4EZBihok17p6YoMKH1beHl1wCta1rm.",NULL,"2025-07-13 10:26:26","2025-07-13 10:26:26"
"406","beauty Sunday","1752402442404@mapeers.com",NULL,NULL,"Sex worker","18-24","female",NULL,"$2y$12$72s1oL62kTMQW485H8a5FOSKJIlnbRhmd0CYtk2ra2Z.BJHyI572G",NULL,"2025-07-13 10:27:22","2025-07-13 10:27:22"
"407","toria","1752409914405@mapeers.com","cs6FGj72QF2cSkB1jAMYCd:APA91bFOnbyB06nDcdRsAP9gNDdmymPeEE5BmiZDCqJfJg_lF7I-trbiUwfSwsZwgtMzGgSA4IuovnAFvwIKZlC13fBDZnvZGhCgo1SP9kW_tjJv5JX-wjY",NULL,"Sex worker","30-34","female",NULL,"$2y$12$re1baABLsmrL2o/h0VoHAefvuYgJfSfn63R8dL0Qot1gqw6g7VO6m",NULL,"2025-07-13 12:31:54","2025-07-13 12:31:54"
"408","Vivian","1752421514406@mapeers.com",NULL,NULL,"Sex worker","25-29","female",NULL,"$2y$12$ycipv92ajI20FC5mTVS0ZeRUwnxVVmeBPToc2FY64MMEyOrDHeE0K",NULL,"2025-07-13 15:45:15","2025-07-13 15:45:15"
"409","mirian chisom","1752480338407@mapeers.com","eSZK1QIZQfSVVmhexmNv_F:APA91bGWdxSw0HA3wqbTc7my_05_GNKjdEsdcTZcA0ZiZQ0Hf0GlOjUYIKXZNs4T3mtifhb_ZfjpBSiGkEj4EmQxjtrDh0XzHNEREto1Mch16miXVlltdjw",NULL,"Sex worker","25-39","female",NULL,"$2y$12$4YSxOf33g27OXj8UKtTPdOXoFqu6cyRb7daJtWtygMQQPEWP.svre",NULL,"2025-07-14 08:05:38","2025-07-14 08:05:38"
"410","Sylvia","1752481314408@mapeers.com","d3pVjRiUREGn9_75r9Own0:APA91bErCgX3xXuxb0c6VS7nckDuWnHqen9GL17W5uZF5IOIHU0ON4TILq-eDk4MCfpteugKgTfWDNH-DQXF-XNBF7RofS7iUv2-Mb3HKtnkvEmUxoqhD4U",NULL,"Sex worker","18-24","female",NULL,"$2y$12$hh6AXckMiNzlUFw.ijkci.w6BSGaOXQug/I6cJHKxv5CAIwTajQ8m",NULL,"2025-07-14 08:21:55","2025-07-14 08:21:55"
"411","Mabel","1753683465409@mapeers.com","fiLiPJ7ZSPyZM1-RgdkdFm:APA91bFvF7Q5WlZIt9znPeWr5Rw4L6RCZ1o_iohHTN8eW2oMh3jkU_dPAeKOKBOTLtpzsF4S_nMCap4KHt_lTY-GuQZNe-1baNvXwFbYGLG18p0Y-jy8P5Q",NULL,"Sex worker","18-24","female",NULL,"$2y$12$2H.fcJ60cIDMq7nf.sc.q.OzffT.GNo/Sh9K8kVBar4BfsFLtNgfa",NULL,"2025-07-28 06:17:45","2025-07-28 06:17:45"
"412","austin","1754725431410@mapeers.com",NULL,NULL,"Person using/injecting drugs","25-29","male",NULL,"$2y$12$qGvKplOKrZqZ4TLkhuJSpeKUTnKU9LRHxBpwE41gBV9KWIR5BRvFu",NULL,"2025-08-09 07:43:51","2025-08-09 07:43:51"
"413","ijeoma","1754905272411@mapeers.com",NULL,NULL,"Person using/injecting drugs","30-34","female",NULL,"$2y$12$YC0IKkq.2NF3fIO5n8dUFu.n.2/p67aE.KUmg6EOksf75pcb7ZNW6",NULL,"2025-08-11 09:41:13","2025-08-11 09:41:13"
"414","miracle","1754905599412@mapeers.com",NULL,NULL,"Person using/injecting drugs","18-24","female",NULL,"$2y$12$Sx/5F4XYjB.8DEdETPW9K.uJtRoikhkGkv2OwgAS2xFiVmsuuSllK",NULL,"2025-08-11 09:46:39","2025-08-11 09:46:39"
"415","Esther","1754905760413@mapeers.com","dxbueZKOSg-jqsNMlGpjx7:APA91bGs74Vh8LS8XuQj-K3OmzZ74jryo31ysZNoUmrqeEO0P8zY2kG0vyzEokzQCtN4UbhEwU9juTF3mmmm9BvvJGLuC9XmChJeFsVa_ktcY4poS9V2BDg",NULL,"None of these","30-34","female",NULL,"$2y$12$8GHmMdKYtkO6NJ2etrr36.3hqCVww689CKwMBGye1S720jTfuTE2e",NULL,"2025-08-11 09:49:21","2025-08-11 09:49:21"
"416","charity","1754915671414@mapeers.com","fOEJ94ccRzCqb5qVQAhtJr:APA91bGRZPlxEvkHhbu2o6ksH5szKkHlOYyiem5QCi7s2HH2RhGSYUdyOz5TITC1TqYOQpYZuoXVbdfIvNF99RFutktpkC9JzEhWzLlbP89MSPVK3ncnhq0",NULL,"Sex worker","18-24","female",NULL,"$2y$12$uiKeKmPoIXvVJ.jBvAlQBeZhG9TlyiwYDiFHezDUgXae4nRoNjfOi",NULL,"2025-08-11 12:34:31","2025-08-11 12:34:31"
"417","blessing","1755685769415@mapeers.com",NULL,NULL,"Person using/injecting drugs","25-29","female",NULL,"$2y$12$wJuAMZA.fIw3XThEdNlRZe9idwqVGVyaLuyU8kFC1ubiBXFBxIFCu",NULL,"2025-08-20 10:29:30","2025-08-20 10:29:30"
"418","Ugonna","1755686216416@mapeers.com",NULL,NULL,"None of these","25-29","female",NULL,"$2y$12$0jvH8/XYsKQF/07Oj.FYbOhMKg5roAYkuxYK6BH0Xqg1mttJV8mIG",NULL,"2025-08-20 10:36:56","2025-08-20 10:36:56"
"419","Favy","1755686316417@mapeers.com",NULL,NULL,"Sex worker","25-29","female",NULL,"$2y$12$vacH85UJlZm5OoDTFHlPHOyUOtDXk.IoRZfZCZm5TJSR/33SGf/A6",NULL,"2025-08-20 10:38:36","2025-08-20 10:38:36"
"420","Cynthia","1755686345418@mapeers.com",NULL,NULL,"Sex worker","18-24","female",NULL,"$2y$12$PxPNpSbu.OSp1TIZSETYaO45d7SMpTRTWBLwKublMPWO2EUXJLUui",NULL,"2025-08-20 10:39:05","2025-08-20 10:39:05"
"421","favour","1755686413419@mapeers.com",NULL,NULL,"None of these","18-24","female",NULL,"$2y$12$1N0sFxjmjyQOgqceuHd58.mv9PnBNgYb.qehKO68T0/LZNyWZ9igu",NULL,"2025-08-20 10:40:14","2025-08-20 10:40:14"
"422","Emmanuel Angel","1755686642420@mapeers.com","dP3LB2Q2Q4qGgcneUHVdv0:APA91bGDKjb3kPlNytGii-r7r_b2WtTefOVXQqN7IgPxWTp5xWIbjEZoYhDe34kOnqvaystseFSAA02sh0Qi6kZgDjpYq7nLerCbFIofK0Lz67LCCdc9EnM",NULL,"None of these","25-29","female",NULL,"$2y$12$BvMgf83u.eQA4PWJfBU6huq7nM9941ALJIsjyme5Okg0fYFI0dAAK",NULL,"2025-08-20 10:44:02","2025-08-20 10:44:02"
"423","divine","1755686798421@mapeers.com",NULL,NULL,"None of these","18-24","female",NULL,"$2y$12$CbO/SfVemFsvQT2ylz5SfO2lgChiARyxfgdB798KOuAlPJYvTZSmi",NULL,"2025-08-20 10:46:38","2025-08-20 10:46:38"
"424","Goodness","1755701451422@mapeers.com",NULL,NULL,"None of these","18-24","female",NULL,"$2y$12$bGgQAaEOVrTNuEynR1LcZ.BLZROPox/PllMaogM.6/qq4Tjn9hDFa",NULL,"2025-08-20 14:50:51","2025-08-20 14:50:51"
"425","kenny","1755725241423@mapeers.com","dEE6Ht2aRZOEOYggasANW4:APA91bGQTPTl5buFUUE8KcdlXRIi5nR65eJTN5eyLB-huFc9QHukSIttYBV37hvWzucjBxTw-clJ0-zNmnBqttPxp0kAz5cs2CCxaJuhvrpf6q0CMVycMSE",NULL,"None of these","25-29","female",NULL,"$2y$12$W6GfGLdEDtXzJmy3JkVSJu1B9RYqacVCU8Dcanjnw/jAdm63jKjNq",NULL,"2025-08-20 21:27:22","2025-08-20 21:27:22"
"426","Chikodi","1755756251424@mapeers.com",NULL,NULL,"None of these","30-34","female",NULL,"$2y$12$YJ627BK5OFcxZanTDeEQUur3VjKe4.p1eojT6YnmsOrfhp6smiXvu",NULL,"2025-08-21 06:04:11","2025-08-21 06:04:11"
"427","Tope","1756033747425@mapeers.com","fs49HoKqS-a4BS8vBoqHN8:APA91bHSNhWLQi_Yqi7xE4bNmIQKu7fDKl3l9o8Ql7aRJLtoItLk8qmXjBsW0a65mXpySQ9oZ072kit0u-MVVUzSdB21nw48K6F4yK9M-zHSnwQyb-rvTUw",NULL,"None of these","18-24","unknown",NULL,"$2y$12$HyfmEQTw/yQBLogBk6VWhOhEW3glWRIerAsTmxQws.gr62joEPPdG",NULL,"2025-08-24 11:09:07","2025-08-24 11:09:07"
"428","Ron","1756057227426@mapeers.com","clE4mYpuTfqhz7zmtltpFn:APA91bFGTnCIz2k1dYVsKsNrsSzUhRnctEXbEgYLFjHzB--hd_crBeXakdJ4GMukSAi2E0D9a8OlEtXhasEHqGOpfwiEvJ-PH1wgf8qs3C2XFGM4BLdt-os",NULL,"None of these","40+","male",NULL,"$2y$12$S5cGtS1UQi6I6Jv5C0vENeHW9t1LrB.pNIcbRcDUClVVwXxsRGOAe",NULL,"2025-08-24 17:40:27","2025-08-24 17:40:27"
"429","john","1756350201427@mapeers.com",NULL,NULL,"None of these","18-24","male",NULL,"$2y$12$XAVL6oOZSJnLz5y4.g.jfOAZMTO.iV./0ihdgmhpY9pB18sPOzVVm",NULL,"2025-08-28 03:03:21","2025-08-28 03:03:21"
"430","Kareem suliya","1758886240428@mapeers.com",NULL,NULL,"Sex worker","30-34","female",NULL,"$2y$12$odHaWiIi7CsFICnLJKCUOub9EcghyVoLdZJug8zMYVcE9v2vrH75a",NULL,"2025-09-26 11:30:40","2025-09-26 11:30:40"
"431","Sweet40","1758886256429@mapeers.com",NULL,NULL,"None of these","40+","female",NULL,"$2y$12$cy238wiuWGeIK3oIoa.ujuKk.wJuxzoN6JSlJX9tapkgTPFKCmyJK",NULL,"2025-09-26 11:30:56","2025-09-26 11:30:56"
"432","ij","1760349210430@mapeers.com","cxJZTcBASUKmlN-FMl40Sd:APA91bFFEvMOuWhWoKk-Bes8Y6ZeNMZcaA1NfIriXTfLEjdimzqfpW15SvstrmlEvLf0UDDGwlFbvzPWev3kP3eTtR8pApvlEdFtUwfQMie8Zl3YXt91k3s",NULL,"Sex worker","18-24","female",NULL,"$2y$12$FO945PghTo6ybzZCxShQB.yM3QftI.IgiU.XqO1bxBUvGuHVZQhlS",NULL,"2025-10-13 09:53:30","2025-10-13 09:53:30"
"433","esther","1760349941431@mapeers.com",NULL,NULL,"Sex worker","25-29","female",NULL,"$2y$12$BLoVgSGShOcYiie2nGr3MenRTiTb7ZKkLukNhWWEjmyAHSo2/cdTC",NULL,"2025-10-13 10:05:42","2025-10-13 10:05:42"
"434","joy","1760422852432@mapeers.com",NULL,NULL,"Sex worker","18-24","female",NULL,"$2y$12$yW.EysQjTCR//FFkZZmuROfCaA4lR3tXAmfEprkmnuTGXY.xpBTTe",NULL,"2025-10-14 06:20:52","2025-10-14 06:20:52"
"435","chidinm","1761127633433@mapeers.com",NULL,NULL,"Sex worker","18-24","female",NULL,"$2y$12$.ySmWWDGHNvx3TQfSznZX.PUVlUY4qjqOeHL.wCYU6yH3JKwJINqa",NULL,"2025-10-22 10:07:14","2025-10-22 10:07:14"
"436","Daniel","1773328309434@mapeers.com",NULL,NULL,"None of these","30-34","male",NULL,"$2y$12$C9VL8CbOqsjbPUzhHVPfY.wsc9c3KGQh5ezfFAN8tZPGiCxZhOMZG",NULL,"2026-03-12 15:11:50","2026-03-12 15:11:50"
"437","Silver","1773743769435@mapeers.com",NULL,NULL,"Sex worker","18-24","female",NULL,"$2y$12$Nzs/d5Du6QotiVuJurXJi.MTq5flZhgVrsAW8srxl3ZQJnTC1z38G",NULL,"2026-03-17 10:36:09","2026-03-17 10:36:09"
"438","Olivia","1775903597436@mapeers.com","c8llmOgZSymGpKjnw9mEZt:APA91bFtYdnGv0IrjgAvgvteyEqphAchKc6gKk__ibbLx9BfALkkSn0lmVu5NfK7u9hTOWoOL_I8HiY73IwEqNZKaTPT5r_q2q-hLWOEtBRR9P9a7hPpd2A",NULL,"Sex worker","18-24","female",NULL,"$2y$12$RSpT3CmNMTWKb4u/KZyLC.283Uo71mO4Xjsrrq/jEP6PPBDGsJF.C",NULL,"2026-04-11 10:33:17","2026-04-11 10:33:17"
"439","Limo","1775904309437@mapeers.com",NULL,NULL,"Sex worker","14-17","female",NULL,"$2y$12$HJ2l0OYAhKucXkY0cbuWDu1SLe9CLRMZbcEY289cjVtinmTs41x32",NULL,"2026-04-11 10:45:09","2026-04-11 10:45:09"
